cluster,wording,url,type
general,"What to Do in Rio When It Rains — Museums, Markets, and Waiting It Out",https://www.riodejaneiro-trip.com/guides/what-to-do-in-rio-when-it-rains/,"TÍTULO OBSERVADO EN SERP, NO VOLUMEN"
general,Melhores Passeios para as Férias Escolares no Rio de Janeiro - ParqueOlímpico,https://parqueolimpico.rio.br/melhores-passeios-para-as-ferias-escolares-no-rio-de-janeiro/,"TÍTULO OBSERVADO EN SERP, NO VOLUMEN"
general,Free museums in Rio de Janeiro by day of the week,https://agendaculturalriodejaneiro.com/en/2026/07/18/free-museums-in-rio-de-janeiro/,"TÍTULO OBSERVADO EN SERP, NO VOLUMEN"
general,"Dia das Crianças: fim de semana tem programação gratuita em teatro, parques, museus e centros culturais - Prefeitura da Cidade do Rio de Janeiro - prefeitura.rio",https://prefeitura.rio/cultura/dia-das-criancas-fim-de-semana-tem-programacao-gratuita-em-parques-teatros-museus-e-centros-culturais/,"TÍTULO OBSERVADO EN SERP, NO VOLUMEN"
general,O que fazer no Rio com chuva: 25 passeios cobertos,https://agendaculturalriodejaneiro.com/2026/07/17/o-que-fazer-no-rio-com-chuva-25-passeios-cobertos/,"TÍTULO OBSERVADO EN SERP, NO VOLUMEN"
general,"Rio tem teatro, música, recreação, dança, contação de histórias e outras atrações para celebrar o Dia das Crianças - Prefeitura da Cidade do Rio de Janeiro - prefeitura.rio",https://prefeitura.rio/cidade/rio-tem-teatro-musica-recreacao-danca-contacao-de-historias-e-outras-atracoes-para-celebrar-o-dia-das-criancas/,"TÍTULO OBSERVADO EN SERP, NO VOLUMEN"
general,Programação Infantil de Agosto de 2026 no Rio de Janeiro - Pequenos no Rio,https://pequenosnorio.com.br/programacao-infantil-de-agosto-de-2026-no-rio-de-janeiro/,"TÍTULO OBSERVADO EN SERP, NO VOLUMEN"
general,O que fazer com crianças no Rio de Janeiro: 18 ideias de lazer,https://www.quintoandar.com.br/guias/cidades/o-que-fazer-com-criancas-no-rio-de-janeiro/,"TÍTULO OBSERVADO EN SERP, NO VOLUMEN"
general,O que fazer no Rio de Janeiro com chuva,https://visitrio.com.br/o-que-fazer-com-chuva-rio-de-janeiro/,"TÍTULO OBSERVADO EN SERP, NO VOLUMEN"
general,O que fazer no Rio de Janeiro com crianças em dias de chuva,https://familiaalmeidanaestrada.com/o-que-fazer-no-rio-de-janeiro-com-criancas-em-dias-de-chuva/,"TÍTULO OBSERVADO EN SERP, NO VOLUMEN"
general,O que fazer com crianças no Rio com chuva - Pequenos no Rio,https://pequenosnorio.com.br/o-que-fazer-com-criancas-no-rio-com-chuva/,"TÍTULO OBSERVADO EN SERP, NO VOLUMEN"
general,Cidade das Artes celebra o Mês das Crianças com programação especial em outubro - Prefeitura da Cidade do Rio de Janeiro - prefeitura.rio,https://prefeitura.rio/cidade-das-artes/cidade-das-artes-celebra-o-mes-das-criancas-com-programacao-especial-em-outubro/,"TÍTULO OBSERVADO EN SERP, NO VOLUMEN"
general,O Que Fazer com Crianças no RJ? Top 20 Passeios Baratos [2026],https://www.reviewinfantil.com.br/artigos/o-que-fazer-com-criancas-no-rio-de-janeiro,"TÍTULO OBSERVADO EN SERP, NO VOLUMEN"
general,Ciudad de las Artes celebra el Mes de la Infancia con programación especial en octubre - Ayuntamiento de Río de Janeiro - prefeitura.rio,https://es.prefeitura.rio/cidade-das-artes/cidade-das-artes-celebra-o-mes-das-criancas-com-programacao-especial-em-outubro/,"TÍTULO OBSERVADO EN SERP, NO VOLUMEN"
general,"Futebol, música, bem-estar e literatura agitam o fim de semana na Cidade das Artes - Prefeitura da Cidade do Rio de Janeiro - prefeitura.rio",https://prefeitura.rio/cidade-das-artes/futebol-musica-bem-estar-e-literatura-agitam-o-fim-de-semana-na-cidade-das-artes/,"TÍTULO OBSERVADO EN SERP, NO VOLUMEN"
general,Río de Janeiro con niños: itinerario de 4 días en familia,https://turismoenrio.com/itinerarios/rio-con-ninos/,"TÍTULO OBSERVADO EN SERP, NO VOLUMEN"
general,Visitar o Jardim Botânico do Rio de Janeiro,https://www.gov.br/pt-br/servicos/visitar-o-jardim-botanico-do-rio-de-janeiro,"TÍTULO OBSERVADO EN SERP, NO VOLUMEN"
general,Qué hacer en Río de Janeiro cuando llueve,https://visit-rj.com/es/que-hacer-rio-de-janeiro-lluvia/,"TÍTULO OBSERVADO EN SERP, NO VOLUMEN"
general,Cumpleaños de Río: consulte una lista de diez lugares populares en Río de Janeiro - Ayuntamiento de Río de Janeiro - prefeitura.rio,https://es.prefeitura.rio/cultura/aniversario-do-rio-confira-uma-lista-de-dez-lugares-que-sao-a-cara-dos-cariocas/,"TÍTULO OBSERVADO EN SERP, NO VOLUMEN"
general,O Que Fazer com Crianças no RJ? Top 20 Passeios Baratos [2026],https://www.escolhabebe.com.br/artigos/o-que-fazer-com-criancas-no-rio-de-janeiro,"TÍTULO OBSERVADO EN SERP, NO VOLUMEN"
general,ᐉ ¿Qué hacer en Río de Janeiro cuando llueve? » Intriper.,https://intriper.com/lectura/que-hacer-en-rio-de-janeiro-cuando-llueve/,"TÍTULO OBSERVADO EN SERP, NO VOLUMEN"
general,O que fazer com criança no Rio | Onde Brincar,https://www.ondebrincar.com.br/?abrirCategoria=1&data=fim-de-semana&preco=gratuito&substituir=1,"TÍTULO OBSERVADO EN SERP, NO VOLUMEN"
general,Guia de Férias Rio de Janeiro com Crianças 2026,https://riocomcriancas.com.br/2026/01/11/guia-de-ferias-rio-de-janeiro-com-criancas-2026/,"TÍTULO OBSERVADO EN SERP, NO VOLUMEN"
general,O que fazer no Rio de Janeiro com crianças: 29 passeios imperdíveis,https://www.fuiserviajante.com/rio-de-janeiro/rio-de-janeiro-com-criancas/,"TÍTULO OBSERVADO EN SERP, NO VOLUMEN"
general,O que fazer com criança no Rio | Onde Brincar,https://www.ondebrincar.com.br/?abrirCategoria=1&preco=gratuito&substituir=1,"TÍTULO OBSERVADO EN SERP, NO VOLUMEN"
general,O que fazer com criança no Rio | Onde Brincar,https://www.ondebrincar.com.br/?categoria=evento&preco=gratuito,"TÍTULO OBSERVADO EN SERP, NO VOLUMEN"
general,5 dicas para fazer no Rio de Janeiro com crianças - YouTube,https://www.youtube.com/watch?v=WslZSWNUq1k,"TÍTULO OBSERVADO EN SERP, NO VOLUMEN"
general,"🌧️ Rainy Day in Rio? 5 Actually Good Things to Do Indoors — With Prices, Hours & Addresses",https://www.reddit.com/r/u_Boston_Bruno_Tours/comments/1wa82sr/rainy_day_in_rio_5_actually_good_things_to_do/,"TÍTULO OBSERVADO EN SERP, NO VOLUMEN"
general,What to do in Rio de Janeiro when it rains: where to go on a rainy day in Rio - YouTube,https://www.youtube.com/watch?v=ajAg1exRcpM,"TÍTULO OBSERVADO EN SERP, NO VOLUMEN"
general,O que fazer com chuva no rio de janeiro,https://associazionebriciole.it/public/file/15654210243.pdf,"TÍTULO OBSERVADO EN SERP, NO VOLUMEN"
general,aonde levar os filhos pequenos no rio?,https://www.reddit.com/r/riodejaneiro/comments/1t9a5n2/aonde_levar_os_filhos_pequenos_no_rio/,"TÍTULO OBSERVADO EN SERP, NO VOLUMEN"
general,En el post “Vista gratis” del Blog Me Río de,https://teses.usp.br/teses/disponiveis/27/27153/tde-29062015-150037/publico/MARIACECILIAANDREUCCICURYVCVol2.pdf,"TÍTULO OBSERVADO EN SERP, NO VOLUMEN"
general,"Por el barrio de Urca, el litoral desconocido y sosegado de Río de Janeiro",https://elpais.com/elviajero/2026-03-03/por-el-barrio-de-urca-el-litoral-desconocido-y-sosegado-de-rio-de-janeiro.html,"TÍTULO OBSERVADO EN SERP, NO VOLUMEN"
general,Rio Sin Parar,https://www.rioforpartiers.com/rsp.pdf,"TÍTULO OBSERVADO EN SERP, NO VOLUMEN"
general,Passeio sábado de manhã Centro,https://www.reddit.com/r/riodejaneiro/comments/1mey01l,"TÍTULO OBSERVADO EN SERP, NO VOLUMEN"
general,PROGRAMAÇÃO SEMANAL DA CULTURA RIO,https://cultura.prefeitura.rio/wp-content/uploads/sites/38/2024/12/SECRETARIA-MUNICIPAL-DE-CULTURA-programacao-05_12-a-11_12-1.pdf,"TÍTULO OBSERVADO EN SERP, NO VOLUMEN"
general,Rio de Janeiro like a local,https://www.reuters.com/city-memo/rio-de-janeiro-like-local-2025-03-08/,"TÍTULO OBSERVADO EN SERP, NO VOLUMEN"
general,Bosque da Freguesia,https://pt.wikipedia.org/wiki/Bosque_da_Freguesia,"TÍTULO OBSERVADO EN SERP, NO VOLUMEN"
general,"<table id=""e1"">",https://www.rio.rj.gov.br/dlstatic/10112/6357230/4169624/AtracoesCulturais_EntreJogos_3108.pdf,"TÍTULO OBSERVADO EN SERP, NO VOLUMEN"
general,Tour de lugares GRATIS en Río de Janeiro,https://www.reddit.com/r/Viajes/comments/1mcmd8h,"TÍTULO OBSERVADO EN SERP, NO VOLUMEN"
general,Going to Rio with a 7 year old!,https://www.reddit.com/r/riodejaneiro/comments/1o3eh03,"TÍTULO OBSERVADO EN SERP, NO VOLUMEN"
general,What to do as a Tourist on Rainy Days in Rio,https://www.reddit.com/r/riodejaneiro/comments/1jeuxix,"TÍTULO OBSERVADO EN SERP, NO VOLUMEN"
general,O que fazer no Rio em dia de chuva?,https://www.reddit.com/r/riodejaneiro/comments/1qkstfd/o_que_fazer_no_rio_em_dia_de_chuva/,"TÍTULO OBSERVADO EN SERP, NO VOLUMEN"
tours,Passeio Cristo Redentor | City Rio | Passeios RJ | City Rio Turismo,https://city.rio.br/passeio/cristo-city-tour,"TÍTULO OBSERVADO EN SERP, NO VOLUMEN"
tours,Passeios no Rio de Janeiro | City Tour completo | Um dia no Rio | City Rio Turismo,https://city.rio.br/passeio/um-dia-no-rio,"TÍTULO OBSERVADO EN SERP, NO VOLUMEN"
tours,Excursiones Rio de Janeiro | Tours Privados y Guías en Español | ToursRJ - 18 Años,https://toursrj.com.br/excursiones-rio-de-janeiro/,"TÍTULO OBSERVADO EN SERP, NO VOLUMEN"
tours,"Rio Moto Tour - Passeios no RJ, Rocinha, Cristo, Pão de Açúcar",https://www.rocinhatour.com.br/passeios/city-tour/,"TÍTULO OBSERVADO EN SERP, NO VOLUMEN"
tours,City Tour no Rio de Janeiro - Completo – Passeio Rio,https://www.passeiorio.com.br/nossos-passeios/city-tour-no-rio-de-janeiro-completo/,"TÍTULO OBSERVADO EN SERP, NO VOLUMEN"
tours,Vibra Turismo · Tours y traslados en Río de Janeiro | Guía bilingüe,https://vibratur.com/,"TÍTULO OBSERVADO EN SERP, NO VOLUMEN"
tours,O Rio e o Cristo Redentor,https://riocitytours.com.br/cristo-city-tour,"TÍTULO OBSERVADO EN SERP, NO VOLUMEN"
tours,Tours en Río de Janeiro en Español | Rio Latin Tour,https://rio-latin-tour.com/,"TÍTULO OBSERVADO EN SERP, NO VOLUMEN"
tours,Passeio Um dia no Rio Vip Rio | City Rio | Passeios RJ | City Rio Turismo,https://city.rio.br/passeio/um-dia-no-rio-vip,"TÍTULO OBSERVADO EN SERP, NO VOLUMEN"
tours,Passeio Rio Express | City Rio | Passeios RJ | City Rio Turismo,https://city.rio.br/passeio/rio-express,"TÍTULO OBSERVADO EN SERP, NO VOLUMEN"
tours,Passeios Pela Cidade do Rio de Janeiro - Rio Turismo,https://rioturismo.org/tours/,"TÍTULO OBSERVADO EN SERP, NO VOLUMEN"
tours,City Tour no Rio de Janeiro - Completo – Passeio Rio,https://passeiorio.com.br/nossos-passeios/city-tour-no-rio-de-janeiro-completo/,"TÍTULO OBSERVADO EN SERP, NO VOLUMEN"
tours,City Tour no Rio de Janeiro - Passeios Excursão Favela Tour Vidigal Rocinha e Trilhas Pedra da Gávea e Telegrafo com Transporte Transfer e Guias Turísticos Credenciados - Melhores Destinos Guiados e Roteiros Privativos VIP com Vistas Premium do Rio - Visite o Cristo Redentor e o Pão de Açúcar All Inclusive - Eco Turismo Radical e Aventura no Rio de Janeiro,https://riocitytour.com/,"TÍTULO OBSERVADO EN SERP, NO VOLUMEN"
tours,Walter's Tour Rio — Passeios Receptivos no Rio de Janeiro,https://walterstour.com.br/,"TÍTULO OBSERVADO EN SERP, NO VOLUMEN"
tours,Excursión privada desde Río de Janeiro con guía en español - Civitatis,https://www.civitatis.com/es/rio-de-janeiro/excursion-privada-rio-janeiro/,"TÍTULO OBSERVADO EN SERP, NO VOLUMEN"
tours,"Rio Moto Tour - Passeios no RJ, Rocinha, Cristo, Pão de Açúcar",https://www.rocinhatour.com.br/passeios/rio-express/,"TÍTULO OBSERVADO EN SERP, NO VOLUMEN"
tours,"Tour privado por Río de Janeiro, Río de Janeiro - Reserva online en Civitatis.com",https://www.civitatis.com/es/rio-de-janeiro/tour-privado-rio-janeiro,"TÍTULO OBSERVADO EN SERP, NO VOLUMEN"
tours,Walter's Tour Rio — Passeios Receptivos no Rio de Janeiro,https://www.walterstour.com.br/,"TÍTULO OBSERVADO EN SERP, NO VOLUMEN"
tours,Tours en Río de Janeiro | Paseos y Traslados | RIO 4 YOU,https://rio4youtours.com.br/es/,"TÍTULO OBSERVADO EN SERP, NO VOLUMEN"
tours,Rios de História | Tours privativos no Rio de Janeiro,https://www.riosdehistoria.com.br/,"TÍTULO OBSERVADO EN SERP, NO VOLUMEN"
tours,Rio Your Way | Tours Privados Diseñados Para Ti,https://www.rioyourway.com/es/,"TÍTULO OBSERVADO EN SERP, NO VOLUMEN"
tours,Vamosario | Tours & Paseos en Río de Janeiro,https://vamosario.com/,"TÍTULO OBSERVADO EN SERP, NO VOLUMEN"
tours,Private Tours in Rio de Janeiro | Rio Frenzy Tours & Experiences,https://www.riofrenzy.com/es,"TÍTULO OBSERVADO EN SERP, NO VOLUMEN"
tours,Excursión privada desde Río de Janeiro con guía en español - Civitatis,https://www.civitatis.com/es/rio-de-janeiro/excursion-privada-rio-janeiro,"TÍTULO OBSERVADO EN SERP, NO VOLUMEN"
tours,"City Tour no Rio: Cristo, Pão de Açúcar e Centro Histórico",https://riopasseiosetrilhas.com/tours/um-dia-no-rio-de-janeiro/,"TÍTULO OBSERVADO EN SERP, NO VOLUMEN"
tours,Tour privado por Río de Janeiro con guía en español - Civitatis,https://experiences.civitatis.com/es/rio-de-janeiro/tour-privado-rio-janeiro/,"TÍTULO OBSERVADO EN SERP, NO VOLUMEN"
tours,Passeio de Helicóptero - helicopter ride,https://riohelicoptertours.com/en/passeio-de-helicoptero-rio-de-janeiro/,"TÍTULO OBSERVADO EN SERP, NO VOLUMEN"
tours,Roteiros Privativos no Rio · Gontijo Tour,https://gontijo-tour-web.vercel.app/roteiros,"TÍTULO OBSERVADO EN SERP, NO VOLUMEN"
tours,Tours en Río de Janeiro en Español | Rio Latin Tour,https://www.rio-latin-tour.com/,"TÍTULO OBSERVADO EN SERP, NO VOLUMEN"
tours,RIO ADVENTOURS,https://rioadventours.com/,"TÍTULO OBSERVADO EN SERP, NO VOLUMEN"
tours,Helicopter Tour - Voo de Helicóptero Rio de Janeiro,https://riohelicoptertours.com/,"TÍTULO OBSERVADO EN SERP, NO VOLUMEN"
tours,SkyView Rio | Doors Off Helicopter Prime,https://skyviewrio.com.br/passeio-de-helicoptero-doors-off-prime.html,"TÍTULO OBSERVADO EN SERP, NO VOLUMEN"
tours,SkyView Rio | Doors Off Helicopter Prime,https://www.skyviewrio.com.br/passeio-de-helicoptero-doors-off-prime.html,"TÍTULO OBSERVADO EN SERP, NO VOLUMEN"
tours,Infinity | Roteiro 30 min - Passeio de Helicóptero,https://www.infinityrio.com.br/30min,"TÍTULO OBSERVADO EN SERP, NO VOLUMEN"
tours,SkyView Rio | Helicopter All Rio,https://www.skyviewrio.com.br/en/passeio-de-helicoptero-all-rio.html,"TÍTULO OBSERVADO EN SERP, NO VOLUMEN"
tours,Doors-Off 30',https://www.verticalrio.com/en/flights/doors-off-flight-30-minutes,"TÍTULO OBSERVADO EN SERP, NO VOLUMEN"
tours,TARIFÁRIO IDEAL 2024 - TOUR COMPARTILHADO,https://cbie.sbc.org.br/2024/wp-content/uploads/2024/10/PASSEIOS-COMPARTILHADO-TARIFARIO-AGENCIA-TAB.-02-2024-1.pdf,"TÍTULO OBSERVADO EN SERP, NO VOLUMEN"
tours,"RIO  ,FOZ  E MANAUS MAIO 2026",https://expertturismo.com/wp-content/uploads/2025/10/010101-PACOTE-BRASIL-2026.pdf,"TÍTULO OBSERVADO EN SERP, NO VOLUMEN"
tours,RIO DESTAQUES,https://riotur.rio/wp-content/uploads/2023/04/RIO-HIGHLIGHTS.pdf,"TÍTULO OBSERVADO EN SERP, NO VOLUMEN"
tours,Tarifário 2018/02 - Em desenvolvimento,https://www.nattrip.com.br/wp-content/uploads/2018/07/Tarif%C3%A1rio-VENDA-2019-Turismo-Tradicional-no-Rio-de-Janeiro-Nattrip.pdf,"TÍTULO OBSERVADO EN SERP, NO VOLUMEN"
tours,Tourmundial,https://www.tourmundial.es/lo-mejor-de-argentina-con-rio-de-janeiro?_visorproductocontroller_WAR_VisorProductoportlet_cmd=pdf&_visorproductocontroller_WAR_VisorProductoportlet_isshowcase=true&p_p_cacheability=cacheLevelPage&p_p_id=visorproductocontroller_WAR_VisorProductoportlet&p_p_lifecycle=2&p_p_mode=view&p_p_resource_id=%2FgetConvertFile&p_p_state=normal,"TÍTULO OBSERVADO EN SERP, NO VOLUMEN"
tours,Rio de Janeiro,https://europlus.com.br/wp-content/uploads/2021/05/europlus_rio%20de%20janeiro_intertouring.pdf,"TÍTULO OBSERVADO EN SERP, NO VOLUMEN"
tours,Trilha Transcarioca,https://pt.wikipedia.org/wiki/Trilha_Transcarioca,"TÍTULO OBSERVADO EN SERP, NO VOLUMEN"
tours,Rio Maracanã,https://pt.wikipedia.org/wiki/Rio_Maracan%C3%A3,"TÍTULO OBSERVADO EN SERP, NO VOLUMEN"
tours,Teleférico da Providência,https://es.wikipedia.org/wiki/Telef%C3%A9rico_da_Provid%C3%AAncia,"TÍTULO OBSERVADO EN SERP, NO VOLUMEN"
tours,Corcovado,https://pt.wikipedia.org/wiki/Corcovado,"TÍTULO OBSERVADO EN SERP, NO VOLUMEN"
tours,Parque Nacional da Tijuca,https://pt.wikipedia.org/wiki/Parque_Nacional_da_Tijuca,"TÍTULO OBSERVADO EN SERP, NO VOLUMEN"
tours,Cristo Redentor,https://pt.wikipedia.org/wiki/Cristo_Redentor,"TÍTULO OBSERVADO EN SERP, NO VOLUMEN"
tours,passeio rio de janeiro,https://www.reddit.com/r/riodejaneiro/comments/1818mlf,"TÍTULO OBSERVADO EN SERP, NO VOLUMEN"
tours,Voo Panorâmico de helicóptero no Rio de Janeiro,https://www.reddit.com/r/u_filipebmorais/comments/cbkiln,"TÍTULO OBSERVADO EN SERP, NO VOLUMEN"
tours,O que fazer em um dia no Rio?,https://www.reddit.com/r/riodejaneiro/comments/1i68nwd,"TÍTULO OBSERVADO EN SERP, NO VOLUMEN"
destinos,Transfer Buzios | In Búzios | Turismo Receptivo,https://www.inbuzios.com.inbuzios.com.br/horarios,"TÍTULO OBSERVADO EN SERP, NO VOLUMEN"
destinos,"Passeios para Arraial do Cabo, Angra dos Reis e Búzios saindo do Rio de Janeiro",https://guiariotur.com.br/,"TÍTULO OBSERVADO EN SERP, NO VOLUMEN"
destinos,Day Trips from Rio de Janeiro — Ranked Honestly by What Fits in a Day,https://www.riodejaneiro-trip.com/guides/day-trips-from-rio/,"TÍTULO OBSERVADO EN SERP, NO VOLUMEN"
destinos,Full Day Arraial do Cabo (saindo do Rio) | IN BUZIOS RECEPTIVO,https://www.inbuzios.com/pt-br/experiencia/RJ-Arraial,"TÍTULO OBSERVADO EN SERP, NO VOLUMEN"
destinos,"4 Best Day Trips from Rio for 2026: Islands, Beaches and Mountains - Rio Tickets and Tours Website",https://rioticketsandtours.com/day-trips/,"TÍTULO OBSERVADO EN SERP, NO VOLUMEN"
destinos,Excursiones De Un Día Desde Río De Janeiro: 8 Destinos,https://viagenselugaress.com/es/escapadas-desde-rio-de-janeiro-8-destinos-para-conocer-en-1-dia/,"TÍTULO OBSERVADO EN SERP, NO VOLUMEN"
destinos,Best Day Trips from Rio: Honest Travel-Time Guide (2026),https://planrio.com/plan-your-trip/day-trips-from-rio,"TÍTULO OBSERVADO EN SERP, NO VOLUMEN"
destinos,"Rio Day Trips Compared 2026: Petropolis, Buzios, Arraial",https://riodejaneirocitytours.com/blog/rio-vs-other-day-trips/,"TÍTULO OBSERVADO EN SERP, NO VOLUMEN"
destinos,Passeios em Arraial do Cabo e Búzios | Go Arraial Turismo,https://arraialdocabo.tur.br/,"TÍTULO OBSERVADO EN SERP, NO VOLUMEN"
destinos,"Passeios de Barco no Rio: Angra, Ilha Grande e Búzios | Rio Passeios e Trilhas",https://riopasseiosetrilhas.com/passeios-de-barco/,"TÍTULO OBSERVADO EN SERP, NO VOLUMEN"
destinos,Excursões Bate Volta Saindo do Rio de Janeiro,https://reservas.ondaarraial.com/excursoes-bate-volta-saindo-do-rio-de-janeiro,"TÍTULO OBSERVADO EN SERP, NO VOLUMEN"
destinos,Full Day Angra dos Reis/Ilha Grande (saindo do Rio) | IN BUZIOS RECEPTIVO,https://www.inbuzios.com/pt-br/experiencia/rio-full-day-angra-dos-reis-ilha-grande,"TÍTULO OBSERVADO EN SERP, NO VOLUMEN"
destinos,Passeio Arraial do Cabo saindo de Búzios 2026 | Roteiro + Preço | Buggy Búzios,https://buggybuzios.com/blog/passeio-arraial-do-cabo-saindo-de-buzios-roteiro-completo-2026,"TÍTULO OBSERVADO EN SERP, NO VOLUMEN"
destinos,Arraial do Cabo Day Trip from Búzios 2026 | Itinerary + Price | Buggy Búzios,https://buggybuzios.com/en/blog/arraial-do-cabo-day-trip-from-buzios-complete-itinerary-2026,"TÍTULO OBSERVADO EN SERP, NO VOLUMEN"
destinos,Bate-voltas privativos saindo do Rio | Be Free Tours,https://befreetours.com.br/pt-br/bate-e-volta-saindo-do-rio/,"TÍTULO OBSERVADO EN SERP, NO VOLUMEN"
destinos,TRANSFERS RIO-ARRAIAL DO CABO-PETROPOLIS-BUZIOS-ANGRA DOS REIS – Brazil Expedition,https://brazilexpedition.com/pb/passeio/transfers-arraial-petropolis-buzios-angra-dos-reis/,"TÍTULO OBSERVADO EN SERP, NO VOLUMEN"
destinos,The Best Day Trips From Rio de Janeiro | Lux Vidigal,https://luxvidigal.com/journal/best-day-trips-from-rio-de-janeiro,"TÍTULO OBSERVADO EN SERP, NO VOLUMEN"
destinos,Rio de Janeiro,https://bfturismobuzios.com.br/saindo-do-rio,"TÍTULO OBSERVADO EN SERP, NO VOLUMEN"
destinos,"Best Day Trips from Rio de Janeiro: Ilha Grande, Petrópolis, and Búzios - Come to Brazil!",https://cometobrazil.net/best-day-trips-from-rio-de-janeiro-ilha-grande-petropolis-and-buzios/,"TÍTULO OBSERVADO EN SERP, NO VOLUMEN"
destinos,Best day trips from Rio de Janeiro: guide,https://visit-rj.com/en/day-trips-from-rio-de-janeiro/,"TÍTULO OBSERVADO EN SERP, NO VOLUMEN"
destinos,Day Trips From Rio De Janeiro: 8 Destinations In One Day,https://viagenselugaress.com/en/day-trips-from-rio-de-janeiro-8-destinations-to-explore-in-one-day/,"TÍTULO OBSERVADO EN SERP, NO VOLUMEN"
destinos,"Kiko Tour | Passeios em Arraial do Cabo, Búzios e Cabo Frio",https://passeioemarraial.com.br/passeios/,"TÍTULO OBSERVADO EN SERP, NO VOLUMEN"
destinos,Bate e Volta no Rio - Região Serrana e dos Lagos,https://vansdocorcovado.com.br/bate-e-volta,"TÍTULO OBSERVADO EN SERP, NO VOLUMEN"
destinos,Roteiro de Viagem,https://09625068-bd20-4b56-83a3-3bb06d8ca35e.filesusr.com/ugd/f40496_2613f94141254bca93e90c9c70b40165.pdf,"TÍTULO OBSERVADO EN SERP, NO VOLUMEN"
destinos,Bate e volta - Região dos Lagos e Região Serrana,https://vansdocorcovado.com.br/bate-e-volta-no-rio,"TÍTULO OBSERVADO EN SERP, NO VOLUMEN"
destinos,Feriado de 7 de Setembro: 6 Bate e Voltas Saindo do Rio | Blog CTF TOUR | CTF TOUR,https://ctftour.com/pt/blog/bate-e-volta-feriado-7-de-setembro-rio,"TÍTULO OBSERVADO EN SERP, NO VOLUMEN"
destinos,Kiko Tour | KIKO TOUR,https://passeioemarraial.com.br/,"TÍTULO OBSERVADO EN SERP, NO VOLUMEN"
destinos,Bate e volta do Rio de Janeiro: melhores destinos perto do Rio,https://www.fuiserviajante.com/rio-de-janeiro/bate-e-volta-rio-de-janeiro/,"TÍTULO OBSERVADO EN SERP, NO VOLUMEN"
destinos,Simplesmente Arraial do Cabo - Reservas de Passeios,https://www.simplesmentearraialdocabo.com.br/,"TÍTULO OBSERVADO EN SERP, NO VOLUMEN"
destinos,São Paulo a Búzios e Arraial do Cabo de carro: direto ou com paradas,https://www.viajenaviagem.com/destino/sao-paulo/sao-paulo-buzios-de-carro/,"TÍTULO OBSERVADO EN SERP, NO VOLUMEN"
destinos,Short Day trips from Rio?,https://www.reddit.com/r/Brazil/comments/1rwzgmm/short_day_trips_from_rio/,"TÍTULO OBSERVADO EN SERP, NO VOLUMEN"
destinos,Buzios/Cabo Frio/Arraial/Ilha Grande. Where to stay/what to do.,https://www.reddit.com/r/Brazil/comments/1uig8qa/buzioscabo_frioarraialilha_grande_where_to/,"TÍTULO OBSERVADO EN SERP, NO VOLUMEN"
destinos,Martes 4 a Jueves 13 de Noviembre,https://conosurviajes.uy/wp-content/uploads/2025/04/BUZIOS-Y-RIO-2024-1.pdf,"TÍTULO OBSERVADO EN SERP, NO VOLUMEN"
destinos,RIO DE JANEIRO.pdf,https://pahce.global/pahce_2026/docs/passeios.pdf,"TÍTULO OBSERVADO EN SERP, NO VOLUMEN"
destinos,POUSADA | BÚZIOSAPROVEITE O FERIADÃO NA,https://pousadamarittima.com/marittima/wp-content/uploads/2021/03/roteiro-2_3-4-noites.pdf,"TÍTULO OBSERVADO EN SERP, NO VOLUMEN"
destinos,Best day trips from Rio?,https://www.reddit.com/r/riodejaneiro/comments/1bixyuv,"TÍTULO OBSERVADO EN SERP, NO VOLUMEN"
destinos,Viajes a Brasil,https://www.viajesabrasil.es/pdf-itinerario/1746,"TÍTULO OBSERVADO EN SERP, NO VOLUMEN"
destinos,TARIFARIO DE TRASLADOS,https://www.rturistica.com/tarifarios/TARIFARIO%20-%20TRASLADOS-RIO-BUZIOS-oct24.pdf,"TÍTULO OBSERVADO EN SERP, NO VOLUMEN"
destinos,Rio Day Trip Boat Tour Recommendations?,https://www.reddit.com/r/riodejaneiro/comments/1vzx6sv/rio_day_trip_boat_tour_recommendations/,"TÍTULO OBSERVADO EN SERP, NO VOLUMEN"
destinos,Day Trips from Rio - Which are best?,https://www.reddit.com/r/Brazil/comments/1dx107s/day_trips_from_rio_which_are_best/,"TÍTULO OBSERVADO EN SERP, NO VOLUMEN"
destinos,O que ver no Rio além dos pontos turísticos tradicionais?,https://www.reddit.com/r/riodejaneiro/comments/1qcwj35/o_que_ver_no_rio_al%C3%A9m_dos_pontos_tur%C3%ADsticos/,"TÍTULO OBSERVADO EN SERP, NO VOLUMEN"
destinos,"10 day itinerary? I’m thinking Rio, illha grande, arrarai de cabo and Armacao dos buzios. I don’t like big cities but I want to see Rio. And everywhere else seems too far ;) thanks",https://www.reddit.com/r/Brazil/comments/1ogng88,"TÍTULO OBSERVADO EN SERP, NO VOLUMEN"
destinos,Prainha (Arraial do Cabo),https://pt.wikipedia.org/wiki/Prainha_%28Arraial_do_Cabo%29,"TÍTULO OBSERVADO EN SERP, NO VOLUMEN"
destinos,Rodovia Amaral Peixoto,https://pt.wikipedia.org/wiki/Rodovia_Amaral_Peixoto,"TÍTULO OBSERVADO EN SERP, NO VOLUMEN"
destinos,ilha grande + rio o buzios + arrail do cabo,https://www.reddit.com/r/riodejaneiro/comments/1llu3i1,"TÍTULO OBSERVADO EN SERP, NO VOLUMEN"
destinos,Ilha Grande (Angra dos Reis),https://pt.wikipedia.org/wiki/Ilha_Grande_%28Angra_dos_Reis%29,"TÍTULO OBSERVADO EN SERP, NO VOLUMEN"
destinos,dividindo noites entre rio/buzios/arraial,https://www.reddit.com/r/riodejaneiro/comments/1ba7g8x,"TÍTULO OBSERVADO EN SERP, NO VOLUMEN"
destinos,Sugestões de Cidade do RJ pra visitar,https://www.reddit.com/r/riodejaneiro/comments/1hw6u99,"TÍTULO OBSERVADO EN SERP, NO VOLUMEN"
destinos,Dica de viagem,https://www.reddit.com/r/riodejaneiro/comments/1vlrhgt/dica_de_viagem/,"TÍTULO OBSERVADO EN SERP, NO VOLUMEN"
destinos,Recomendações de viagem,https://www.reddit.com/r/riodejaneiro/comments/1f9v3vc,"TÍTULO OBSERVADO EN SERP, NO VOLUMEN"
destinos,Transporte Aquaviário do Rio de Janeiro,https://pt.wikipedia.org/wiki/Transporte_Aquavi%C3%A1rio_do_Rio_de_Janeiro,"TÍTULO OBSERVADO EN SERP, NO VOLUMEN"
destinos,Armação dos Búzios,https://pt.wikipedia.org/wiki/Arma%C3%A7%C3%A3o_dos_B%C3%BAzios,"TÍTULO OBSERVADO EN SERP, NO VOLUMEN"
atracciones,Ingressos - Santuário Cristo Redentor,https://cristoredentoroficial.com.br/ingressos,"TÍTULO OBSERVADO EN SERP, NO VOLUMEN"
atracciones,Como visitar o Corcovado - Parque Nacional da Tijuca,https://parquenacionaldatijuca.rio/como-visitar-o-corcovado/,"TÍTULO OBSERVADO EN SERP, NO VOLUMEN"
atracciones,Cristo Redentor | Riotur.Rio,https://riotur.rio/es/que_fazer/cristo-redentor-2/,"TÍTULO OBSERVADO EN SERP, NO VOLUMEN"
atracciones,Como Chegar no Cristo Redentor - Visite Cristo Redentor,https://visitecristoredentor.com.br/como-chegar-no-cristo-redentor/,"TÍTULO OBSERVADO EN SERP, NO VOLUMEN"
atracciones,Cristo Redentor: ingressos e como chegar - 2024/2025,https://www.viajenaviagem.com/destino/rio-de-janeiro/cristo-redentor/,"TÍTULO OBSERVADO EN SERP, NO VOLUMEN"
atracciones,Location - Sanctuary of Christ the Redeemer,https://www.en.santuariocristoredentor.com.br/localizacao,"TÍTULO OBSERVADO EN SERP, NO VOLUMEN"
atracciones,Rio Cidade Maravilhosa - Cristo Redentor,https://www.riocidademaravilhosa.com.br/oquefazer/turistico/cristoredentor/,"TÍTULO OBSERVADO EN SERP, NO VOLUMEN"
atracciones,O que fazer? - Carnaval,https://carnaval.rio/o-que-fazer-2/,"TÍTULO OBSERVADO EN SERP, NO VOLUMEN"
atracciones,BioParque do Rio - Zoológico,https://bioparquedorio.com.br/duvidas/,"TÍTULO OBSERVADO EN SERP, NO VOLUMEN"
atracciones,"De Cristo Redentor para Maracanã (Estação) - Existem 4 maneiras de chegar ao seu destino: trem, ônibus, linha 439ônibus, táxi e linha 410ônibus",https://www.rome2rio.com/pt/s/Cristo-Redentor-Rio-de-Janeiro-Brasil/Maracan%C3%A3-Esta%C3%A7%C3%A3o,"TÍTULO OBSERVADO EN SERP, NO VOLUMEN"
atracciones,Visit Rio,https://visitrio.c2rio.travel/en,"TÍTULO OBSERVADO EN SERP, NO VOLUMEN"
atracciones,"Como chegar ao Cristo Redentor: ingressos, preços e dicas 2026",https://www.fuiserviajante.com/rio-de-janeiro/como-visitar-o-cristo-redentor/,"TÍTULO OBSERVADO EN SERP, NO VOLUMEN"
atracciones,Rio Cidade Maravilhosa - Cristo Redentor - Como Chegar - Transporte em Copacabana,https://www.riocidademaravilhosa.com.br/oquefazer/turistico/cristoredentor/van_copa.htm,"TÍTULO OBSERVADO EN SERP, NO VOLUMEN"
atracciones,Paineiras Corcovado,https://www.paineirascorcovado.com.br/,"TÍTULO OBSERVADO EN SERP, NO VOLUMEN"
atracciones,Ingressos Cristo Redentor — The Singular Club apresenta,https://thesingular.club/cristo-redentor,"TÍTULO OBSERVADO EN SERP, NO VOLUMEN"
atracciones,Ingresso Bilhete Bondinho - Parque Bondinho Pão de Açúcar ®,https://www.bondinho.com.br/ingresso-bondinho,"TÍTULO OBSERVADO EN SERP, NO VOLUMEN"
atracciones,Parque Bondinho Pão de Açúcar,https://www.bondinho.com.br/pt/comprar-ingresso?ingresso=bondinho,"TÍTULO OBSERVADO EN SERP, NO VOLUMEN"
atracciones,Rio Cidade Maravilhosa - Parque Lage,https://www.riocidademaravilhosa.com.br/oquefazer/parquesflorestas/lage/,"TÍTULO OBSERVADO EN SERP, NO VOLUMEN"
atracciones,A BOA DO RIO,https://riotur.rio/wp-content/uploads/2023/12/A-BOA-DO-RIO_Guia_PT_v3_compressed.pdf,"TÍTULO OBSERVADO EN SERP, NO VOLUMEN"
atracciones,Location - Sanctuary of Christ the Redeemer,https://en.santuariocristoredentor.com.br/localizacao,"TÍTULO OBSERVADO EN SERP, NO VOLUMEN"
atracciones,Informações Úteis | Riotur.Rio,https://riotur.rio/editorial/informacoes-uteis/,"TÍTULO OBSERVADO EN SERP, NO VOLUMEN"
atracciones,Dúvidas - Paineiras Corcovado,https://www.paineirascorcovado.com.br/duvidas/,"TÍTULO OBSERVADO EN SERP, NO VOLUMEN"
atracciones,Parque Bondinho Pão de Açúcar - Bilhete Geral,https://www.bondinho.com.br/pt/todos-os-ingressos,"TÍTULO OBSERVADO EN SERP, NO VOLUMEN"
atracciones,Trilhas para o Corcovado - Parque Nacional da Tijuca,https://parquenacionaldatijuca.rio/locais/trilha-parque-lage-x-corcovado/,"TÍTULO OBSERVADO EN SERP, NO VOLUMEN"
atracciones,Parque Lage - Rio Film Commission,https://www.riofilmcommission.com/en/locations/24460/,"TÍTULO OBSERVADO EN SERP, NO VOLUMEN"
atracciones,"De Cristo Redentor para AquaRio - Existem 3 maneiras de chegar ao seu destino: trem, linha 422ônibus, linha 007ônibus e táxi",https://www.rome2rio.com/pt/s/Cristo-Redentor-Rio-de-Janeiro-Brasil/AquaRio,"TÍTULO OBSERVADO EN SERP, NO VOLUMEN"
atracciones,POLÍTICA DE INGRESSOS - BioParque do Rio.docx,https://bioparquedorio.com.br/wp-content/uploads/2024/03/POLITICA_DE_INGRESSOS_-_BioParque_do_Rio.docx.pdf,"TÍTULO OBSERVADO EN SERP, NO VOLUMEN"
atracciones,Trem do Corcovado - Cristo Redentor Rio de Janeiro,https://tremdocorcorvado.com/,"TÍTULO OBSERVADO EN SERP, NO VOLUMEN"
atracciones,Cable Car Ticket at Sugarloaf Mountain Park ®,https://ri.bondinho.com.br/en/ingresso-bondinho,"TÍTULO OBSERVADO EN SERP, NO VOLUMEN"
atracciones,Rio Cidade Maravilhosa - Trilha Parque Lage x Corcovado,https://www.riocidademaravilhosa.com.br/oquefazer/trilhas/lagecorcovado/,"TÍTULO OBSERVADO EN SERP, NO VOLUMEN"
atracciones,Christ the Redeemer: Tour Guiado de Trilha a Partir do Parque Lage + Transfer | tickadoo,https://www.tickadoo.com/pt-br/rio-de-janeiro/christ-the-redeemer-guided-hiking-tour-from-parque-lage-transfer,"TÍTULO OBSERVADO EN SERP, NO VOLUMEN"
atracciones,servido de base para o acesso rodoviário a,https://www.gov.br/icmbio/pt-br/acesso-a-informacao/concessao-de-servicos-de-apoio-a-visitacao/arquivos/projeto_basico_parna_da_tijuca_paineiras.pdf,"TÍTULO OBSERVADO EN SERP, NO VOLUMEN"
atracciones,16) Qual é o horário de funcionamento das bilheterias?,https://www.paineirascorcovado.com.br/wp-content/uploads/2021/03/faq-paineiras.pdf,"TÍTULO OBSERVADO EN SERP, NO VOLUMEN"
atracciones,Microsoft Word - ORÇAMENTO - PASSEIOS,https://pahce.global/pahce_2026/docs/passeios_es.pdf,"TÍTULO OBSERVADO EN SERP, NO VOLUMEN"
atracciones,RIO DE JANEIRO.pdf,https://www.pahce.global/pahce_2026/docs/passeios.pdf,"TÍTULO OBSERVADO EN SERP, NO VOLUMEN"
atracciones,BioParque do Rio,https://pt.wikipedia.org/wiki/BioParque_do_Rio,"TÍTULO OBSERVADO EN SERP, NO VOLUMEN"
atracciones,Website for buying tickets for Christ the Redeemer and Sugar Loaf,https://www.reddit.com/r/riodejaneiro/comments/1dyl3h8,"TÍTULO OBSERVADO EN SERP, NO VOLUMEN"
atracciones,Melhor forma de ir para o cristo e Pão de Açúcar?,https://www.reddit.com/r/riodejaneiro/comments/1k4mhxx,"TÍTULO OBSERVADO EN SERP, NO VOLUMEN"
atracciones,Cristo Redentor,https://pt.wikipedia.org/wiki/Cristo_Redentor,"TÍTULO OBSERVADO EN SERP, NO VOLUMEN"
atracciones,Parque Lage,https://en.wikipedia.org/wiki/Parque_Lage,"TÍTULO OBSERVADO EN SERP, NO VOLUMEN"
atracciones,Website for buying tickets for Christ the Redeemer and Sugar Loaf,https://www.reddit.com/r/Brazil/comments/1dykr8r,"TÍTULO OBSERVADO EN SERP, NO VOLUMEN"
atracciones,Quero ir a Rio de Janeiro durante o Carnaval do Rio em 2025. Poderei ir a lugares como o Cristo Redentor e Pão de Açucar com todos os blocos rolando?,https://www.reddit.com/r/riodejaneiro/comments/1fvhtak,"TÍTULO OBSERVADO EN SERP, NO VOLUMEN"
atracciones,Que cronograma seguir si me hospedo en Barra,https://www.reddit.com/r/riodejaneiro/comments/1rr4q34/que_cronograma_seguir_si_me_hospedo_en_barra/,"TÍTULO OBSERVADO EN SERP, NO VOLUMEN"
atracciones,Rio Maracanã,https://pt.wikipedia.org/wiki/Rio_Maracan%C3%A3,"TÍTULO OBSERVADO EN SERP, NO VOLUMEN"
atracciones,O que fazer em 1 dia no Rio?,https://www.reddit.com/r/riodejaneiro/comments/1f6flwz,"TÍTULO OBSERVADO EN SERP, NO VOLUMEN"
atracciones,Primeira vez no Rio,https://www.reddit.com/r/riodejaneiro/comments/1h1uwzz,"TÍTULO OBSERVADO EN SERP, NO VOLUMEN"
atracciones,Cristo Redentor: van oficial ou trem?,https://www.reddit.com/r/riodejaneiro/comments/11rxhpe/cristo_redentor_van_oficial_ou_trem/,"TÍTULO OBSERVADO EN SERP, NO VOLUMEN"
atracciones,Cristo Redentor,https://es.wikipedia.org/wiki/Cristo_Redentor,"TÍTULO OBSERVADO EN SERP, NO VOLUMEN"
atracciones,Qual o melhor jeito de chegar no cristo?,https://www.reddit.com/r/riodejaneiro/comments/1vg6czr/qual_o_melhor_jeito_de_chegar_no_cristo/,"TÍTULO OBSERVADO EN SERP, NO VOLUMEN"
atracciones,Dicas de lugares pra levar visitantes de fora,https://www.reddit.com/r/riodejaneiro/comments/17n4pt3,"TÍTULO OBSERVADO EN SERP, NO VOLUMEN"
atracciones,En dos dias voy por primera vez a rio de janeiro una semana,https://www.reddit.com/r/riodejaneiro/comments/1v2wf35/en_dos_dias_voy_por_primera_vez_a_rio_de_janeiro/,"TÍTULO OBSERVADO EN SERP, NO VOLUMEN"
atracciones,Recomendações,https://www.reddit.com/r/riodejaneiro/comments/1ka8i73,"TÍTULO OBSERVADO EN SERP, NO VOLUMEN"
atracciones,Bondinho do Pão de Açúcar,https://pt.wikipedia.org/wiki/Bondinho_do_P%C3%A3o_de_A%C3%A7%C3%BAcar,"TÍTULO OBSERVADO EN SERP, NO VOLUMEN"
playas,Best Rio de Janeiro Beaches for Families · Beaches for Kings,https://www.beachesforkings.com/rio-de-janeiro/for-families/,"TÍTULO OBSERVADO EN SERP, NO VOLUMEN"
playas,"Copacabana Beach, Rio: Safety, Best Spots & Tips (2026)",https://planrio.com/copacabana-beach-guide,"TÍTULO OBSERVADO EN SERP, NO VOLUMEN"
playas,"Best Beaches in Rio de Janeiro, Ranked by a Local (2026)",https://planrio.com/beaches-in-rio,"TÍTULO OBSERVADO EN SERP, NO VOLUMEN"
playas,Rio Beach Finder Quiz: Which Rio Beach Is Right for You? (2026),https://planrio.com/tools/beach-finder,"TÍTULO OBSERVADO EN SERP, NO VOLUMEN"
playas,10 playas de Río de Janeiro que no te puedes perder | WeRoad,https://www.weroad.es/blog/playas-de-rio-de-janeiro,"TÍTULO OBSERVADO EN SERP, NO VOLUMEN"
playas,"Rio with Kids: Beaches, Sights & Safety (2026)",https://planrio.com/rio-with-kids,"TÍTULO OBSERVADO EN SERP, NO VOLUMEN"
playas,Mejores Playas de Río de Janeiro — Clasificación Sincera,https://www.riodejaneiro-trip.com/es/guias/mejores-playas-de-rio/,"TÍTULO OBSERVADO EN SERP, NO VOLUMEN"
playas,Melhores praias para surfar no Rio de Janeiro,https://www.longboardparadise.com.br/blog/melhores-praias-para-surfar-no-rio,"TÍTULO OBSERVADO EN SERP, NO VOLUMEN"
playas,"Praia de Ipanema: Posto 9, Dois Irmãos e o Pôr do Sol Mais Famoso do Rio",https://tourb.com.br/rio-de-janeiro/lugares/praias-e-natureza/praia-de-ipanema/,"TÍTULO OBSERVADO EN SERP, NO VOLUMEN"
playas,Rio de Janeiro Beaches Guide 2026: Which to Choose,https://riodejaneirocitytours.com/blog/rio-beaches-guide/,"TÍTULO OBSERVADO EN SERP, NO VOLUMEN"
playas,"Ipanema, Copacabana ou Leblon: qual praia do Rio escolher? – Rio Passeios e Trilhas",https://riopasseiosetrilhas.com/2026/08/12/ipanema-copacabana-leblon-qual-praia/,"TÍTULO OBSERVADO EN SERP, NO VOLUMEN"
playas,Praia de Copacabana Rio: Guia Completo 2026,https://riodejaneirocitytours.com/pt/blog/copacabana-guide/,"TÍTULO OBSERVADO EN SERP, NO VOLUMEN"
playas,Ipanema Beach Rio: Honest Visitor Guide | Beaches for Kings,https://beachesforkings.com/rio-de-janeiro/ipanema/,"TÍTULO OBSERVADO EN SERP, NO VOLUMEN"
playas,Melhores praias no Rio de Janeiro: 12 opções,https://capixabadagema.com.br/melhores-praias-no-rio-de-janeiro/,"TÍTULO OBSERVADO EN SERP, NO VOLUMEN"
playas,"Praia de Ipanema – Guia de viagem, fotos e clima",https://praia.info/br/rio-de-janeiro/ipanema/,"TÍTULO OBSERVADO EN SERP, NO VOLUMEN"
playas,"Rio de Janeiro With Kids — Beaches, Pacing, and What to Skip",https://www.riodejaneiro-trip.com/guides/rio-with-kids/,"TÍTULO OBSERVADO EN SERP, NO VOLUMEN"
playas,Ipanema Beach Rio: Honest Visitor Guide | Beaches for Kings,https://www.beachesforkings.com/rio-de-janeiro/ipanema/,"TÍTULO OBSERVADO EN SERP, NO VOLUMEN"
playas,Rio Cidade Maravilhosa - Praia de Ipanema,https://www.riocidademaravilhosa.com.br/oquefazer/praias/ipanema/,"TÍTULO OBSERVADO EN SERP, NO VOLUMEN"
playas,Praias Do Rio De Janeiro — Guia Completo Das Melhores Praias | Explora Brasil,https://explorabrasil.com.br/praias-rio-de-janeiro/,"TÍTULO OBSERVADO EN SERP, NO VOLUMEN"
playas,Best Rio de Janeiro Beaches for Families · Beaches for Kings,https://beachesforkings.com/rio-de-janeiro/for-families/,"TÍTULO OBSERVADO EN SERP, NO VOLUMEN"
playas,"Las mejores playas de Rio de Janeiro, en un ranking | Lux Vidigal",https://luxvidigal.com/es/journal/best-beaches-in-rio-de-janeiro,"TÍTULO OBSERVADO EN SERP, NO VOLUMEN"
playas,Ipanema vs Copacabana: Which Is Better to Stay In? (2026),https://planrio.com/comparisons/ipanema-vs-copacabana,"TÍTULO OBSERVADO EN SERP, NO VOLUMEN"
playas,Praias para Famílias no Rio de Janeiro: As Melhores - 2026 - Grupo Dicas De Viagem,https://www.grupodicas.com/praias-para-familias-no-rio-de-janeiro/,"TÍTULO OBSERVADO EN SERP, NO VOLUMEN"
playas,15 praias do Rio de Janeiro: conheça as melhores da cidade,https://www.quintoandar.com.br/guias/cidades/praias-do-rio-de-janeiro/,"TÍTULO OBSERVADO EN SERP, NO VOLUMEN"
playas,Guía de Playas de Río de Janeiro 2026: Cuál Elegir,https://riodejaneirocitytours.com/es/blog/rio-beaches-guide/,"TÍTULO OBSERVADO EN SERP, NO VOLUMEN"
playas,Rio Beach Guide: Choose a Beach & Plan Your Day (2026),https://planrio.com/beach-guide-rio,"TÍTULO OBSERVADO EN SERP, NO VOLUMEN"
playas,"Surf no Rio de Janeiro — Melhores Ondas, Aulas, Qualidade da Água",https://www.riodejaneiro-trip.com/pt/guias/surf-no-rio/,"TÍTULO OBSERVADO EN SERP, NO VOLUMEN"
playas,Best Beaches near Rio: Prainha to Ilha Grande (2026),https://planrio.com/best-beaches-near-rio,"TÍTULO OBSERVADO EN SERP, NO VOLUMEN"
playas,Melhores Praias do Rio de Janeiro — Classificação Honesta,https://www.riodejaneiro-trip.com/pt/guias/melhores-praias-do-rio/,"TÍTULO OBSERVADO EN SERP, NO VOLUMEN"
playas,10 Melhores Praias para Famílias no Rio de Janeiro - Portal Visitar Brasil,https://visitarbrasil.com.br/10-melhores-praias-para-familias-no-rio-de-janeiro/,"TÍTULO OBSERVADO EN SERP, NO VOLUMEN"
playas,Playa de Grumari: naturaleza y cómo llegar desde Río,https://turismoenrio.com/lugares/grumari/,"TÍTULO OBSERVADO EN SERP, NO VOLUMEN"
playas,Surf Rio - Previsao de Ondas,https://surf.rio.br/,"TÍTULO OBSERVADO EN SERP, NO VOLUMEN"
playas,"Conhecendo cada posto de Ipanema, Rio de Janeiro",https://blog.ipanemainn.com.br/conhecendo-cada-posto-de-ipanema/,"TÍTULO OBSERVADO EN SERP, NO VOLUMEN"
playas,QUADRO 8.1– PRAIAS OCEÂNICAS DA CIDADE DO RIO DE JANEIRO,https://comitebaiadeguanabara.org.br/wp-content/uploads/2023/01/PF05-v02-Final-Lagoa-Rodrigo-de-Freitas.pdf,"TÍTULO OBSERVADO EN SERP, NO VOLUMEN"
playas,O QUE FAZER | WHAT TO DO,https://riotur.rio/wp-content/uploads/2017/02/RevistaVisitRio2017_Edi%C3%A7%C3%A3o14-FEV_BAIXA_SPREAD.pdf,"TÍTULO OBSERVADO EN SERP, NO VOLUMEN"
playas,Rio De Janeiro,https://yun.vpsxb.net/ebook/DK%20English%E7%B3%BB%E5%88%97/DK%20Eyewitness%20Travel%20136%E6%9C%AC/Rio%20De%20Janeiro%202008.pdf,"TÍTULO OBSERVADO EN SERP, NO VOLUMEN"
playas,"Rio de Janeiro: praia, quiosques, bicicleta, humor e",https://estudoscariocas.rio/ojs/article/download/134/132/347,"TÍTULO OBSERVADO EN SERP, NO VOLUMEN"
playas,Ipanema,https://en.wikipedia.org/wiki/Ipanema,"TÍTULO OBSERVADO EN SERP, NO VOLUMEN"
playas,Lista de praias da cidade do Rio de Janeiro,https://pt.wikipedia.org/wiki/Lista_de_praias_da_cidade_do_Rio_de_Janeiro,"TÍTULO OBSERVADO EN SERP, NO VOLUMEN"
playas,First timer: stay in Ipanema or Copacobana? (or elsewhere?),https://www.reddit.com/r/Brazil/comments/1tqybln/first_timer_stay_in_ipanema_or_copacobana_or/,"TÍTULO OBSERVADO EN SERP, NO VOLUMEN"
playas,"recomendadas são Leme, República do Peru (Copacabana), Hotel Nacional (São Conrado), Barramares e Pepê (Barra).",https://www.rio.rj.gov.br/dlstatic/10112/1816786/DLFE-228502.pdf/Boletim04.06.11_11h.pdf,"TÍTULO OBSERVADO EN SERP, NO VOLUMEN"
playas,Beaches to contemplate and live,https://riotur.rio/wp-content/uploads/2024/08/Riotur_LivretoPublico_Visit_2023_200x200mm_ING.pdf,"TÍTULO OBSERVADO EN SERP, NO VOLUMEN"
playas,"Sel d'Ipanema, no Rio, funciona bem se você ganha em euros",https://guia.folha.uol.com.br/restaurantes/2026/08/sel-dipanema-no-rio-funciona-bem-se-voce-ganha-em-euros.shtml,"TÍTULO OBSERVADO EN SERP, NO VOLUMEN"
playas,The Best Beaches in Rio de Janeiro,https://www.cntraveler.com/stories/2016-07-19/the-best-beaches-in-rio-de-janeiro,"TÍTULO OBSERVADO EN SERP, NO VOLUMEN"
playas,Rio de Janeiro,https://fr.wikipedia.org/wiki/Rio_de_Janeiro,"TÍTULO OBSERVADO EN SERP, NO VOLUMEN"
seguridad,Ventania de 91 km/h atinge Rio; cidade recebe alerta severo,https://www1.folha.uol.com.br/cotidiano/2026/09/ventania-de-91-kmh-atinge-rio-cidade-recebe-alerta-severo.shtml,"TÍTULO OBSERVADO EN SERP, NO VOLUMEN"
seguridad,Turista colombiano é dopado e jogado de carro no Rio de Janeiro,https://www1.folha.uol.com.br/cotidiano/2026/09/turista-colombiano-e-dopado-e-jogado-de-carro-no-rio-de-janeiro.shtml,"TÍTULO OBSERVADO EN SERP, NO VOLUMEN"
seguridad,Dupla é presa no Rio por suspeita de dopar e roubar turista colombiano,https://noticias.uol.com.br/cotidiano/ultimas-noticias/2026/09/26/rj-homens-sao-presos-por-aplicarem-golpe-boa-noite-cinderela-em-turista.ghtm,"TÍTULO OBSERVADO EN SERP, NO VOLUMEN"
seguridad,Is Copacabana safe for visitors? Practical advice for your stay,https://marvelouscity.rio/is-copacabana-safe/,"TÍTULO OBSERVADO EN SERP, NO VOLUMEN"
seguridad,Brazil travel advice,https://travel.gc.ca/destinations/brazil,"TÍTULO OBSERVADO EN SERP, NO VOLUMEN"
seguridad,"Is Copacabana, Rio de Janeiro, Brazil Safe in 2026?",https://kakapo.travel/blog/city/is-copacabana-rio-safe-at-night,"TÍTULO OBSERVADO EN SERP, NO VOLUMEN"
seguridad,Is Rio de Janeiro Safe? Practical Travel Guide (2026),https://planrio.com/questions/is-rio-safe,"TÍTULO OBSERVADO EN SERP, NO VOLUMEN"
seguridad,"Is Copacabana, Rio de Janeiro, Brazil Safe in 2026?",https://kakapo.travel/blog/city/is-copacabana-rio-de-janeiro-safe-at-night,"TÍTULO OBSERVADO EN SERP, NO VOLUMEN"
seguridad,Guardas municipais prendem ambulante que deu golpe em turistas na Praia de Copacabana - Prefeitura da Cidade do Rio de Janeiro - prefeitura.rio,https://prefeitura.rio/gm/guardas-municipais-prendem-ambulante-que-deu-golpe-em-turistas-na-praia-de-copacabana/,"TÍTULO OBSERVADO EN SERP, NO VOLUMEN"
seguridad,"Copacabana Beach, Rio de Janeiro — Where to Sit, Eat and Stay Safe",https://www.riodejaneiro-trip.com/destinations/copacabana/,"TÍTULO OBSERVADO EN SERP, NO VOLUMEN"
seguridad,Is Rio de Janeiro Safe for Tourists in 2026? — Honest Safety Assessment | Before You Go,https://beforeyougotravels.com/destinations/rio-de-janeiro/is-it-safe,"TÍTULO OBSERVADO EN SERP, NO VOLUMEN"
seguridad,"Polícia investiga morte de homem espancado em Copacabana, no RJ",https://www1.folha.uol.com.br/cotidiano/2026/08/policia-investiga-morte-de-homem-espancado-em-copacabana-no-rj.shtml,"TÍTULO OBSERVADO EN SERP, NO VOLUMEN"
seguridad,Brazil Travel Advisory | Travel.State.gov,https://travel.state.gov/en/international-travel/travel-advisories/brazil.html?trk=public_post_comment-text,"TÍTULO OBSERVADO EN SERP, NO VOLUMEN"
seguridad,Is Rio Nightlife Safe? Areas & Late Transport (2026),https://planrio.com/rio-nightlife-safety,"TÍTULO OBSERVADO EN SERP, NO VOLUMEN"
seguridad,Is Copacabana Safe? Rio Neighborhood Safety Guide - TripWaffle,https://tripwaffle.com/safety/brazil/rio-de-janeiro/copacabana/,"TÍTULO OBSERVADO EN SERP, NO VOLUMEN"
seguridad,Guardas prendem vendedor que cobrou de turista mais de R$ 2 mil por uma caipirinha - Prefeitura da Cidade do Rio de Janeiro - prefeitura.rio,https://prefeitura.rio/cidade/guardas-prendem-vendedor-que-cobrou-de-turista-mais-de-r-2-mil-por-uma-caipirinha/,"TÍTULO OBSERVADO EN SERP, NO VOLUMEN"
seguridad,Copacabana Safety at Night: The 'Invisible Wall' Strategy,https://stayinrio.com/blog/copacabana-safety-at-night,"TÍTULO OBSERVADO EN SERP, NO VOLUMEN"
seguridad,Agentes do programa Rio+Seguro prendem dois homens por furto e desacato em Copacabana - Prefeitura da Cidade do Rio de Janeiro - prefeitura.rio,https://prefeitura.rio/ordem-publica/agentes-do-programa-rioseguro-prendem-dois-homens-por-furto-e-desacato-em-copacabana/,"TÍTULO OBSERVADO EN SERP, NO VOLUMEN"
seguridad,Is Rio de Janeiro Safe? Practical Travel Guide (2026),https://planrio.com/plan-your-trip/safety,"TÍTULO OBSERVADO EN SERP, NO VOLUMEN"
seguridad,O Rio de Janeiro é Seguro para Turistas? A Resposta Honesta,https://www.riodejaneiro-trip.com/pt/blog/o-rio-e-seguro-para-turistas/,"TÍTULO OBSERVADO EN SERP, NO VOLUMEN"
seguridad,Peguei um uber no RJ e quase fui sequestrada,https://www.reddit.com/r/RelatosDoReddit/comments/1jcyxk4,"TÍTULO OBSERVADO EN SERP, NO VOLUMEN"
seguridad,Caipirinha ‘salgada’ e outros golpes: os crimes que assustam turistas no Rio,https://www.infomoney.com.br/minhas-financas/caipirinha-salgada-e-outros-golpes-os-crimes-que-assustam-turistas-no-rio/,"TÍTULO OBSERVADO EN SERP, NO VOLUMEN"
seguridad,¿Es segura Copacabana en 2026? Respuestas claras para el primer viaje | Bowie Rio Stays,https://bowieriostays.com/es/blog/is-copacabana-safe,"TÍTULO OBSERVADO EN SERP, NO VOLUMEN"
seguridad,Rio+Seguro prende cinco homens por estelionato e falsificação de documentos em hotel de luxo de Copacabana - Prefeitura da Cidade do Rio de Janeiro - prefeitura.rio,https://prefeitura.rio/ordem-publica/rioseguro-prende-cinco-homens-por-estelionato-e-falsificacao-de-documentos-em-hotel-de-luxo-de-copacabana/,"TÍTULO OBSERVADO EN SERP, NO VOLUMEN"
seguridad,"Como agem os grupos do golpe 'boa noite, Cinderela' no RJ - 12/08/2025 - Cotidiano - Folha",https://www1.folha.uol.com.br/cotidiano/2025/08/golpe-boa-noite-cinderela-no-rj-tem-acao-em-grupo-uso-de-clonazepam-e-roubo-de-cartao.shtml,"TÍTULO OBSERVADO EN SERP, NO VOLUMEN"
seguridad,¿Es Río de Janeiro seguro para turistas? La respuesta honesta,https://www.riodejaneiro-trip.com/es/blog/es-rio-seguro-para-los-turistas/,"TÍTULO OBSERVADO EN SERP, NO VOLUMEN"
seguridad,"Vou chegar na Novo Rio às 00h30 do sábado, dia 02... como vou pra Copacabana de forma segura?",https://www.reddit.com/r/riodejaneiro/comments/1k79c5k,"TÍTULO OBSERVADO EN SERP, NO VOLUMEN"
seguridad,Segurança | Uber,https://www.uber.com/br/pt-br/safety/,"TÍTULO OBSERVADO EN SERP, NO VOLUMEN"
seguridad,Copacabana é segura em 2026? Respostas diretas para primeira viagem | Bowie Rio Stays,https://bowieriostays.com/pt/blog/is-copacabana-safe,"TÍTULO OBSERVADO EN SERP, NO VOLUMEN"
seguridad,"Seguranças suspeitos de linchamento eram contratados por comércios de Copacabana, apontam depoimentos",https://www1.folha.uol.com.br/cotidiano/2026/08/segurancas-suspeitos-de-linchamento-eram-contratados-por-comercios-de-copacabana-apontam-depoimentos.shtml,"TÍTULO OBSERVADO EN SERP, NO VOLUMEN"
seguridad,Cresce o número de golpes contra turistas no Rio; estrangeiros são principais alvos | #SBTBrasil - YouTube,https://www.youtube.com/watch?v=XIHRwSSDJP4,"TÍTULO OBSERVADO EN SERP, NO VOLUMEN"
seguridad,Ambulante que aplicava golpe em turistas é preso em Copacabana (RJ) | CNN Brasil,https://www.cnnbrasil.com.br/nacional/sudeste/rj/ambulante-que-aplicava-golpe-em-turistas-e-preso-em-copacabana-rj/,"TÍTULO OBSERVADO EN SERP, NO VOLUMEN"
seguridad,Programa Rio+Seguro Copacabana terá seu horário de patrulhamento estendido - Prefeitura da Cidade do Rio de Janeiro - prefeitura.rio,https://prefeitura.rio/ordem-publica/programa-rioseguro-copacabana-tera-seu-horario-de-patrulhamento-estendido/,"TÍTULO OBSERVADO EN SERP, NO VOLUMEN"
seguridad,Segurança é preso suspeito de espancar homem confundido com ladrão no RJ,https://noticias.uol.com.br/cotidiano/ultimas-noticias/2026/08/20/seguranca-e-preso-por-agredir-ciclista-que-morreu-em-copacabana.ghtm,"TÍTULO OBSERVADO EN SERP, NO VOLUMEN"
seguridad,Question regarding safety,https://www.reddit.com/r/riodejaneiro/comments/1uyogxs/question_regarding_safety/,"TÍTULO OBSERVADO EN SERP, NO VOLUMEN"
seguridad,Late night arrival at GIG-- Safe to Uber to Copacabana?,https://www.reddit.com/r/Brazil/comments/1bjpdpz,"TÍTULO OBSERVADO EN SERP, NO VOLUMEN"
seguridad,Scammers at Copacabana,https://www.reddit.com/r/riodejaneiro/comments/1s72hz3/scammers_at_copacabana/,"TÍTULO OBSERVADO EN SERP, NO VOLUMEN"
seguridad,Nota - Cúpula Social Mercosul,https://www.gov.br/secretariageral/pt-br/mercosul-social/informaciones-de-utilidad,"TÍTULO OBSERVADO EN SERP, NO VOLUMEN"
seguridad,Viagem a Copacabana,https://www.reddit.com/r/riodejaneiro/comments/1s130qe/viagem_a_copacabana/,"TÍTULO OBSERVADO EN SERP, NO VOLUMEN"
seguridad,Dicas para um turista de primeira viagem no rio,https://www.reddit.com/r/riodejaneiro/comments/12iwjtx,"TÍTULO OBSERVADO EN SERP, NO VOLUMEN"
seguridad,Grupo de segurança ilegal que matou homem no RJ recebia R$ 1.000 por semana,https://noticias.uol.com.br/cotidiano/ultimas-noticias/2026/09/08/esquema-de-seguranca-ilegal-que-matou-homem-espancado.ghtm,"TÍTULO OBSERVADO EN SERP, NO VOLUMEN"
seguridad,Uber no rio em alta temporada (Saindo do largo do boticário),https://www.reddit.com/r/riodejaneiro/comments/1v3r7fm/uber_no_rio_em_alta_temporada_saindo_do_largo_do/,"TÍTULO OBSERVADO EN SERP, NO VOLUMEN"
seguridad,£600 for cheese? The Brazilian beach scams that cost visitors dear,https://www.theguardian.com/money/2026/may/24/brazilian-beach-scam-debit-card-con-kebab,"TÍTULO OBSERVADO EN SERP, NO VOLUMEN"
seguridad,Rio de janeiro visitors guide,https://assets-global.website-files.com/675347c4f3d504d0e56ae5ce/6812d3c10162d0300bc5573c_78959943770.pdf,"TÍTULO OBSERVADO EN SERP, NO VOLUMEN"
transporte,GIG Airport Transfers: Pickup & Shuttle,https://www.uber.com/global/en/r/airports/gig/pickup/,"TÍTULO OBSERVADO EN SERP, NO VOLUMEN"
transporte,GIG Airport Car Service & Transport Options | Uber,https://www.uber.com/global/en/r/airports/gig/car-service/,"TÍTULO OBSERVADO EN SERP, NO VOLUMEN"
transporte,Rio Airport to Copacabana Transfer Guide - InfoBrazil.org,https://infobrazil.org/?page_id=259,"TÍTULO OBSERVADO EN SERP, NO VOLUMEN"
transporte,"Rio De Janeiro-Galeao Airport (GIG) to Copacabana Praia Rio, Rio de Janeiro - 7 ways to travel",https://www.rome2rio.com/s/Rio-De-Janeiro-Galeao-Airport-GIG/Copacabana-Praia-Rio-Rio-de-Janeiro,"TÍTULO OBSERVADO EN SERP, NO VOLUMEN"
transporte,"Rio De Janeiro-Galeao Airport (GIG) to Copacabana praia, Rio de Janeiro - 7 ways to travel",https://www.rome2rio.com/s/Rio-De-Janeiro-Galeao-Airport-GIG/Copacabana-praia-Rio-de-Janeiro,"TÍTULO OBSERVADO EN SERP, NO VOLUMEN"
transporte,"De Aeroporto Internacional Rio De Janeiro-Galeão (GIG) para Arena Copacabana - Existem 6 maneiras de chegar ao seu destino: ônibus, Metrô Rio, táxi, Airport Transfer, carro e traslado",https://www.rome2rio.com/pt/s/Aeroporto-Internacional-Rio-De-Janeiro-Gale%C3%A3o-GIG/Arena-Copacabana,"TÍTULO OBSERVADO EN SERP, NO VOLUMEN"
transporte,"Como sair do aeroporto Santos Dumont 2025 | Táxi, Uber, VLT",https://www.viajenaviagem.com/destino/rio-de-janeiro/santos-dumont/,"TÍTULO OBSERVADO EN SERP, NO VOLUMEN"
transporte,Deslocamento – Secretaria Municipal de Transportes – SMTR,https://transportes.prefeitura.rio/deslocamento/,"TÍTULO OBSERVADO EN SERP, NO VOLUMEN"
transporte,"De Galeão para Copacabana - Existem 6 maneiras de chegar ao seu destino: ônibus, Metrô Rio, táxi, carro, linha 2024ônibus e linha 163ônibus",https://www.rome2rio.com/pt/s/Gale%C3%A3o/Copacabana,"TÍTULO OBSERVADO EN SERP, NO VOLUMEN"
transporte,Rio De Janeiro-Galeao Airport (GIG) to Copacabana Beach - 8 ways to travel,https://www.rome2rio.com/s/Rio-De-Janeiro-Galeao-Airport-GIG/Copacabana-Beach-Rio-de-Janeiro-State-of-Rio-de-Janeiro-Brazil,"TÍTULO OBSERVADO EN SERP, NO VOLUMEN"
transporte,"Como chegar até Ônibus Galeão x Santos Dumont em Rio de Janeiro e Região de ônibus, metrô ou trem?",https://moovitapp.com/index/pt-br/transporte_p%C3%BAblico-%C3%94nibus_Gale%C3%A3o_x_Santos_Dumont-Rio_de_Janeiro-site_25411070-322,"TÍTULO OBSERVADO EN SERP, NO VOLUMEN"
transporte,Prefeitura da Cidade do Rio de Janeiro - www.rio.rj.gov.br,https://www.rio.rj.gov.br/web/guest/exibeconteudo?id=4798752,"TÍTULO OBSERVADO EN SERP, NO VOLUMEN"
transporte,"De Aeroporto Internacional Rio De Janeiro-Galeão (GIG) para Copacabana Beach - Existem 9 maneiras de chegar ao seu destino: ônibus, Metrô Rio, táxi, Airport Transfer, carro, traslado, linha 2024ônibus, linha 163ônibus e linha 473ônibus",https://www.rome2rio.com/pt/s/Aeroporto-Internacional-Rio-De-Janeiro-Gale%C3%A3o-GIG/Copacabana-Beach-Brasil,"TÍTULO OBSERVADO EN SERP, NO VOLUMEN"
transporte,"GIG Airport to Rio's South Zone: Transfer, Taxi, and Bus | RioDiscover",https://riodiscover.com.br/blog/gig-airport-to-south-zone,"TÍTULO OBSERVADO EN SERP, NO VOLUMEN"
transporte,Rio Airport to Copacabana: Best Ways to Get There,https://www.thetraveler.org/rio-airport-to-copacabana-best-ways-to-get-there/,"TÍTULO OBSERVADO EN SERP, NO VOLUMEN"
transporte,How to get to Copacabana from the Airport in Rio de Janeiro,https://www.nextstopbrazil.com/post/how-to-get-to-copacabana-from-the-airport-in-rio-de-janeiro,"TÍTULO OBSERVADO EN SERP, NO VOLUMEN"
transporte,"De Aeroporto Internacional Rio De Janeiro-Galeão (GIG) para Forte de Copacabana - Existem 6 maneiras de chegar ao seu destino: ônibus, Metrô Rio, táxi, Airport Transfer e carro",https://www.rome2rio.com/pt/s/Aeroporto-Internacional-Rio-De-Janeiro-Gale%C3%A3o-GIG/Forte-de-Copacabana,"TÍTULO OBSERVADO EN SERP, NO VOLUMEN"
transporte,"De Galeão para Novotel RJ Santos Dumont, Rio de Janeiro - Existem 5 maneiras de chegar ao seu destino: ônibus, linha 292ônibus, VLT, táxi, carro e linha 321ônibus",https://www.rome2rio.com/pt/s/Gale%C3%A3o/Novotel-RJ-Santos-Dumont-Rio-de-Janeiro,"TÍTULO OBSERVADO EN SERP, NO VOLUMEN"
transporte,Como chegar em Copacabana: do aeroporto ao bairro,https://rolezero.com.br/rio-de-janeiro/bairro/copacabana/guia/como-chegar-em-copacabana-transporte,"TÍTULO OBSERVADO EN SERP, NO VOLUMEN"
transporte,"Como chegar até Frescão Santos Dumont/Galeão em Santo Cristo de ônibus, metrô ou trem?",https://moovitapp.com/index/pt-br/transporte_p%C3%BAblico-Fresc%C3%A3o_Santos_Dumont_Gale%C3%A3o-Rio_de_Janeiro-site_25410502-322,"TÍTULO OBSERVADO EN SERP, NO VOLUMEN"
transporte,Rodoviária do Rio de Janeiro: como chegar e como sair 2025,https://www.viajenaviagem.com/destino/rio-de-janeiro/rodoviaria/,"TÍTULO OBSERVADO EN SERP, NO VOLUMEN"
transporte,"Como chegar até VLT Carioca - Estação Santos Dumont em Centro de ônibus, vlt, metrô ou trem?",https://moovitapp.com/index/pt-br/transporte_p%C3%BAblico-VLT_Carioca_Esta%C3%A7%C3%A3o_Santos_Dumont-Rio_de_Janeiro-site_18438329-322,"TÍTULO OBSERVADO EN SERP, NO VOLUMEN"
transporte,Terminal Intermodal Gentileza,https://mobilidade.grupoccr.com.br/vltrio/linha-1---azul/terminal-intermodal-gentileza,"TÍTULO OBSERVADO EN SERP, NO VOLUMEN"
transporte,"Como chegar até onibus 2145 - Santos Dumont x Galeão em Centro de ônibus, trem ou metrô?",https://moovitapp.com/index/pt-br/transporte_p%C3%BAblico-onibus_2145_Santos_Dumont_x_Gale%C3%A3o-Rio_de_Janeiro-site_25399455-322,"TÍTULO OBSERVADO EN SERP, NO VOLUMEN"
transporte,"De Copacabana praia, Rio de Janeiro para Aeroporto Santos Dumont (SDU) - Existem 5 maneiras de chegar ao seu destino: ônibus, Metrô Rio, táxi, Airport Transfer e carro",https://www.rome2rio.com/pt/s/Copacabana-praia-Rio-de-Janeiro/Aeroporto-Santos-Dumont-SDU,"TÍTULO OBSERVADO EN SERP, NO VOLUMEN"
transporte,"De Ponto Final: Copacabana :: Estação Siqueira Campos para Aeroporto Santos Dumont (SDU) - Existem 5 maneiras de chegar ao seu destino: linha 483ônibus, Metrô Rio, ônibus, táxi e Airport Transfer",https://www.rome2rio.com/pt/s/Ponto-Final-Copacabana-Esta%C3%A7%C3%A3o-Siqueira-Campos/Aeroporto-Santos-Dumont-SDU,"TÍTULO OBSERVADO EN SERP, NO VOLUMEN"
transporte,"De Copacabana, Rio de Janeiro para Aeroporto Santos Dumont (SDU) - Existem 5 maneiras de chegar ao seu destino: ônibus, Metrô Rio, táxi, Airport Transfer e linha 483ônibus",https://www.rome2rio.com/pt/s/Copacabana-Rio-de-Janeiro/Aeroporto-Santos-Dumont-SDU,"TÍTULO OBSERVADO EN SERP, NO VOLUMEN"
transporte,Lombada eletrônica,https://www.rio.rj.gov.br/dlstatic/10112/5869744/4167203/160802_SMTR.pdf,"TÍTULO OBSERVADO EN SERP, NO VOLUMEN"
transporte,"De Aeroporto Santos Dumont (SDU) para Copacabana - Existem 5 maneiras de chegar ao seu destino: Metrô Rio, ônibus, táxi, Airport Transfer e carro",https://www.rome2rio.com/pt/s/Aeroporto-Santos-Dumont-SDU/Copacabana,"TÍTULO OBSERVADO EN SERP, NO VOLUMEN"
transporte,3-Tabela AeroSantosDumont_2024.xlsm,https://transportes.prefeitura.rio/wp-content/uploads/sites/31/2023/12/especial-Santos-Dumont.pdf,"TÍTULO OBSERVADO EN SERP, NO VOLUMEN"
transporte,Do aeroporto do Rio (GIG e SDU) até a Zona Sul: como chegar – Rio Passeios e Trilhas,https://riopasseiosetrilhas.com/2026/08/12/aeroporto-rio-galeao-santos-dumont-zona-sul/,"TÍTULO OBSERVADO EN SERP, NO VOLUMEN"
transporte,Caminho Galeão > Santos Dumont,https://www.reddit.com/r/riodejaneiro/comments/1ugpotq/caminho_gale%C3%A3o_santos_dumont/,"TÍTULO OBSERVADO EN SERP, NO VOLUMEN"
transporte,"GIG Airport to Rio's South Zone: Transfer, Taxi, and Bus | RioDiscover",https://www.riodiscover.com.br/blog/gig-airport-to-south-zone,"TÍTULO OBSERVADO EN SERP, NO VOLUMEN"
transporte,Rio de Janeiro: Santos Dumont to Copacabana Transport Guide,https://www.thetraveler.org/rio-de-janeiro-santos-dumont-to-copacabana-transport-guide/,"TÍTULO OBSERVADO EN SERP, NO VOLUMEN"
transporte,Tips for Gringos for transportation from GIG Rio de Janeiro - Galeão International Airport,https://www.reddit.com/r/riodejaneiro/comments/1c8srvt,"TÍTULO OBSERVADO EN SERP, NO VOLUMEN"
transporte,"Rio Airport Public Transport: BRT, VLT & Metro Guide",https://www.thetraveler.org/rio-airport-public-transport-brt-vlt-metro-guide/,"TÍTULO OBSERVADO EN SERP, NO VOLUMEN"
transporte,"Como chegar até Aeroporto do Rio de Janeiro / Santos Dumont (SDU) em Centro de ônibus, trem ou metrô?",https://moovitapp.com/index/pt-br/transporte_p%C3%BAblico-Aeroporto_do_Rio_de_Janeiro_Santos_Dumont_SDU-Rio_de_Janeiro-site_18439752-322,"TÍTULO OBSERVADO EN SERP, NO VOLUMEN"
transporte,Rio de Janeiro/Galeão International Airport,https://en.wikipedia.org/wiki/Rio_de_Janeiro/Gale%C3%A3o_International_Airport,"TÍTULO OBSERVADO EN SERP, NO VOLUMEN"
transporte,Linha 1 - Azul - Santos Dumont | Itinerário e horários,https://linhas.cittamobi.com.br/maps/transporte_publico-RiodeJaneiro-VLTCarioca-Linha1-Azul-SantosDumont-e2a2a1d4698c.pdf,"TÍTULO OBSERVADO EN SERP, NO VOLUMEN"
transporte,Itinerário da Linha,https://www.rio.rj.gov.br/dlstatic/10112/5979216/4156816/TRONCAL4.pdf,"TÍTULO OBSERVADO EN SERP, NO VOLUMEN"
transporte,Novo acesso ao Santos Dumont para operação do VLT Carioca,https://www.rio.rj.gov.br/dlstatic/10112/6169601/4163705/150616_18h.pdf,"TÍTULO OBSERVADO EN SERP, NO VOLUMEN"
transporte,Como chegar em Copacabana saindo do GIG? - 2 ou 3 am,https://www.reddit.com/r/riodejaneiro/comments/14kc6kz,"TÍTULO OBSERVADO EN SERP, NO VOLUMEN"
transporte,Parada Santos Dumont,https://pt.wikipedia.org/wiki/Parada_Santos_Dumont,"TÍTULO OBSERVADO EN SERP, NO VOLUMEN"
transporte,Transportation and Logistics,https://assets.zyrosite.com/AE0aDV4yDOuqbePx/complete-guide-rio-de-janeiro-2025-ingles-AzGXvy5940uvO69q.pdf,"TÍTULO OBSERVADO EN SERP, NO VOLUMEN"
transporte,"3am departure from GIG, would it be hard to get an Uber from Copacabana?",https://www.reddit.com/r/riodejaneiro/comments/1gs2r3c,"TÍTULO OBSERVADO EN SERP, NO VOLUMEN"
dinero,Pix in Brazil for Foreigners: How to Pay — Going to Rio,https://goingtorio.com/blog/pix-in-brazil-foreigners,"TÍTULO OBSERVADO EN SERP, NO VOLUMEN"
dinero,Pix for Tourists in Rio: How to Pay Like a Carioca (2026),https://planrio.com/pix-for-tourists-rio,"TÍTULO OBSERVADO EN SERP, NO VOLUMEN"
dinero,"Money in Rio: Cards, Pix, Cash & ATM Fees (2026)",https://planrio.com/rio-money-guide,"TÍTULO OBSERVADO EN SERP, NO VOLUMEN"
dinero,Pix in Brazil for Foreigners: How to Pay — Going to Rio,https://goingtorio.squarespace.com/blog/pix-in-brazil-foreigners,"TÍTULO OBSERVADO EN SERP, NO VOLUMEN"
dinero,"Dinero en Brasil: tarjetas, cajeros y Pix para turistas",https://turismoenrio.com/dinero/,"TÍTULO OBSERVADO EN SERP, NO VOLUMEN"
dinero,Traveling to Brazil,https://www.bcb.gov.br/en/financialstability/fxtravelbrazil/1000,"TÍTULO OBSERVADO EN SERP, NO VOLUMEN"
dinero,Brazil Travel Budget: What a Trip Really Costs in 2026 | VoyageHacks,https://voyagehacks.com/en/destinations/americas/brazil/brazil-budget/,"TÍTULO OBSERVADO EN SERP, NO VOLUMEN"
dinero,FAQs,https://www.bcb.gov.br/meubc/faqs/s/pix,"TÍTULO OBSERVADO EN SERP, NO VOLUMEN"
dinero,Inscrever Cidadão no Cadastro de Pessoas Físicas (CPF),https://www.gov.br/pt-br/servicos/inscrever-no-cpf,"TÍTULO OBSERVADO EN SERP, NO VOLUMEN"
dinero,Rio de Janeiro Travel Guide: Everything You Need to Know Before You Go — Going to Rio,https://goingtorio.squarespace.com/blog/rio-de-janeiro-travel,"TÍTULO OBSERVADO EN SERP, NO VOLUMEN"
dinero,"How to Handle Your Money in Rio de Janeiro (Cash, Cards, Pix) - 2026 - LorenziGo",https://lorenzigo.com/money-tips-rio-de-janeiro/,"TÍTULO OBSERVADO EN SERP, NO VOLUMEN"
dinero,Auxílio.Rio,https://auxiliocarioca.apps.rio.gov.br/,"TÍTULO OBSERVADO EN SERP, NO VOLUMEN"
dinero,"Precios en Río de Janeiro: cuánto cuesta comer, dormir y moverse",https://turismoenrio.com/precios/,"TÍTULO OBSERVADO EN SERP, NO VOLUMEN"
dinero,Inscrever no CPF no exterior,https://www.gov.br/pt-br/servicos/inscrever-no-cpf-no-exterior,"TÍTULO OBSERVADO EN SERP, NO VOLUMEN"
dinero,"ATMs in Rio: Why Bradesco Wins, the IOF Tax & the Cashless Metrô",https://travelcurrencyguide.com/guides/atm/rio-de-janeiro/,"TÍTULO OBSERVADO EN SERP, NO VOLUMEN"
dinero,"Rio de Janeiro Money Guide: ATMs, Cards & Tips",https://travelcurrencyguide.com/guides/city/rio-de-janeiro.html,"TÍTULO OBSERVADO EN SERP, NO VOLUMEN"
dinero,Perguntas e Respostas — Receita Federal,https://www.gov.br/receitafederal/pt-br/assuntos/orientacao-tributaria/cadastros/cpf/assuntos-relacionados/perguntas-e-respostas/Perguntas%20e%20Respostas,"TÍTULO OBSERVADO EN SERP, NO VOLUMEN"
dinero,Inscrever Cidadão no Cadastro de Pessoas Físicas (CPF),https://www.gov.br/pt-br/servicos/inscrever-no-cpf?id=10416&origem=servico,"TÍTULO OBSERVADO EN SERP, NO VOLUMEN"
dinero,CPF – Emissão para maior de 18 anos,https://www.ac.gov.br/servico/cpf-inscricao-maior-de-18-anos-correios,"TÍTULO OBSERVADO EN SERP, NO VOLUMEN"
dinero,Receita Federal do Brasil,https://servicos.receita.fazenda.gov.br/servicos/cpf/cpfestrangeiro/,"TÍTULO OBSERVADO EN SERP, NO VOLUMEN"
dinero,INSCRIÇÃO DE ESTTRANGEIRO NO CPF,https://servicos.receita.fazenda.gov.br/servicos/cpf/inscricaocpfestrangeiro/default.asp,"TÍTULO OBSERVADO EN SERP, NO VOLUMEN"
dinero,Não entendi que alterações são essas que a Receita está fazendo. O que muda a partir de agora? — Ministério da Fazenda,https://www.gov.br/fazenda/pt-br/acesso-a-informacao/perguntas-frequentes/e-financeira-e-movimentacoes-via-pix-contas-e-cartoes-de-credito/e-financeira-e-movimentacoes-via-pix-contas-e-cartoes-de-credito/mudancas/nao-entendi-que-alteracoes-sao,"TÍTULO OBSERVADO EN SERP, NO VOLUMEN"
dinero,Moneda en Río de Janeiro: cómo pagar y cuánto llevar,https://www.turismocity.com.co/promociones_aereas/p-moneda_en_rio_de_janeiro_como_pagar_y_cuanto_llevar_2r2-9139.html,"TÍTULO OBSERVADO EN SERP, NO VOLUMEN"
dinero,Perguntas e Respostas — Receita Federal,https://www.gov.br/receitafederal/pt-br/assuntos/orientacao-tributaria/cadastros/cpf/assuntos-relacionados/perguntas-e-respostas,"TÍTULO OBSERVADO EN SERP, NO VOLUMEN"
dinero,Dinheiro em Espécie na Entrada no Brasil — Receita Federal,https://www.gov.br/receitafederal/pt-br/assuntos/aduana-e-comercio-exterior/viagens-internacionais/guia-do-viajante/entrada-no-brasil/dinheiro-em-especie?trk=article-ssr-frontend-pulse_little-text-block,"TÍTULO OBSERVADO EN SERP, NO VOLUMEN"
dinero,Prefeitura detalha funcionamento do pagamento por PIX e cartões no sistema municipal de ônibus do Rio - Prefeitura da Cidade do Rio de Janeiro - prefeitura.rio,https://prefeitura.rio/transportes/prefeitura-detalha-funcionamento-do-pagamento-por-pix-e-cartoes-no-sistema-municipal-de-onibus-do-rio/,"TÍTULO OBSERVADO EN SERP, NO VOLUMEN"
dinero,Nota Carioca – Emissão de Nota para tomador estrangeiro – Portal Rio 1746,https://www.1746.rio/hc/pt-br/articles/10731570210843-Nota-Carioca-Emiss%C3%A3o-de-Nota-para-tomador-estrangeiro,"TÍTULO OBSERVADO EN SERP, NO VOLUMEN"
dinero,¿Cuánto cuesta un viaje a Río? Presupuesto completo,https://riotrip.com.br/es/quanto-custa-viagem-rio-de-janeiro-es/,"TÍTULO OBSERVADO EN SERP, NO VOLUMEN"
dinero,Dinero en Brasil 2026: Guía de Precios y Pagos en Río,https://www.bestriodejaneiro.tours/es/guia-de-viaje/cuanta-plata-llevar-desde-argentina/1046,"TÍTULO OBSERVADO EN SERP, NO VOLUMEN"
dinero,Inscrever no CPF no exterior,https://www.gov.br/pt-br/orgaos/ministerio-das-relacoes-exteriores/%40%40download.pdf,"TÍTULO OBSERVADO EN SERP, NO VOLUMEN"
dinero,Foreigners in Brazil: what's your actual workaround for not having a CPF when everything wants Pix?,https://www.reddit.com/r/Brazil/comments/1tdwadm/foreigners_in_brazil_whats_your_actual_workaround/,"TÍTULO OBSERVADO EN SERP, NO VOLUMEN"
dinero,Guia Pix Brasil 2027: Como pagar em reais sem CPF,https://www.brasil4u.com/pt/guia-de-viagem/como-pagar-no-brasil-pix-turistas/5467,"TÍTULO OBSERVADO EN SERP, NO VOLUMEN"
dinero,Cuánto dinero llevar a Brasil: presupuesto real para argentinos | Para viajeros - Blog de belo,https://www.belo.app/blog/cuanto-dinero-llevar-brasil,"TÍTULO OBSERVADO EN SERP, NO VOLUMEN"
dinero,Debit card as a foreigner?,https://www.reddit.com/r/Brazil/comments/1jzr5k8/debit_card_as_a_foreigner/,"TÍTULO OBSERVADO EN SERP, NO VOLUMEN"
dinero,Financeira,https://www.bcb.gov.br/content/cidadaniafinanceira/documentos_cidadania/Cartilha_Migrantes_Refugiados/cartilha_BC_PORTUGUES.pdf,"TÍTULO OBSERVADO EN SERP, NO VOLUMEN"
dinero,Using PIX as Foreigner - Full Guide,https://www.reddit.com/r/Brazil/comments/1g5sdr4/using_pix_as_foreigner_full_guide/,"TÍTULO OBSERVADO EN SERP, NO VOLUMEN"
dinero,I've never been to Brazil. How I got CPF & BR bank account with PIX within 20 days in 2026.,https://www.reddit.com/r/Brazil/comments/1tt9r4i/ive_never_been_to_brazil_how_i_got_cpf_br_bank/,"TÍTULO OBSERVADO EN SERP, NO VOLUMEN"
dinero,"No Brasil, é muito difícil para os alu",https://www.puc-rio.br/ensinopesq/ccci/download/incoming_student_handbook.pdf,"TÍTULO OBSERVADO EN SERP, NO VOLUMEN"
dinero,The payments darling in Trump's crosshairs,https://www.ft.com/content/efbec9a7-a3d9-45e6-8ade-c0660f31ecc7,"TÍTULO OBSERVADO EN SERP, NO VOLUMEN"
dinero,Tips on payment methods in Brazil?,https://www.reddit.com/r/Brazil/comments/1id16q2,"TÍTULO OBSERVADO EN SERP, NO VOLUMEN"
dinero,How I pay with PIX without CPF (Full Guide),https://www.reddit.com/r/Brazil/comments/1vdbp2u/how_i_pay_with_pix_without_cpf_full_guide/,"TÍTULO OBSERVADO EN SERP, NO VOLUMEN"
documentos,Autorização para viagens - Corregedoria Geral da Justiça do Estado do Rio de Janeiro - Tribunal de Justiça do Estado do Rio de Janeiro,https://portaltj.tjrj.jus.br/web/cgj/autoriza%C3%A7%C3%A3o-para-viagens,"TÍTULO OBSERVADO EN SERP, NO VOLUMEN"
documentos,Autorização de Viagem - Corregedoria Geral da Justiça do Estado do Rio de Janeiro - Tribunal de Justiça do Estado do Rio de Janeiro,https://www.tjrj.jus.br/pt/web/cgj/autorizacao-de-viagem,"TÍTULO OBSERVADO EN SERP, NO VOLUMEN"
documentos,Vacinação para os Viajantes — Ministério da Saúde,https://www.gov.br/saude/pt-br/vacinacao/viajantes,"TÍTULO OBSERVADO EN SERP, NO VOLUMEN"
documentos,AUTORIZAÇÃO DE VIAGEM DE MENOR — Ministério das Relações Exteriores,https://www.gov.br/mre/pt-br/embaixada-sao-domingos/autorizacao-de-viagem-de-menor,"TÍTULO OBSERVADO EN SERP, NO VOLUMEN"
documentos,Vacina para Viajantes / Viagens Internacionais — Ministério da Saúde,https://www.gov.br/saude/pt-br/assuntos/saude-de-a-a-z/s/saude-do-viajante/vacina-para-viajantes,"TÍTULO OBSERVADO EN SERP, NO VOLUMEN"
documentos,Certificado Internacional de Vacinação e Profilaxia – CIVP – Secretaria Municipal de Saúde – SMS,https://saude.prefeitura.rio/vacinacao/civp/,"TÍTULO OBSERVADO EN SERP, NO VOLUMEN"
documentos,Autorizações de viagens com menores de idade - Portal do Conhecimento - Tribunal de Justiça do Estado do Rio de Janeiro,https://www.tjrj.jus.br/web/portal-conhecimento/noticias/noticia/-/visualizar-conteudo/5736540/402013387,"TÍTULO OBSERVADO EN SERP, NO VOLUMEN"
documentos,Defensoria Pública do Rio de Janeiro,https://defensoria.rj.def.br/AutoAtendimento/Autorizacao-de-Viagem-de-Criancas-e-Adolescentes-Plantao-Judiciario,"TÍTULO OBSERVADO EN SERP, NO VOLUMEN"
documentos,Viagem com crianças e adolescentes: confira os documentos necessários - Portal do Conhecimento - Tribunal de Justiça do Estado do Rio de Janeiro,https://portaltj.tjrj.jus.br/web/portal-conhecimento/noticias/noticia/-/visualizar-conteudo/5736540/6949987,"TÍTULO OBSERVADO EN SERP, NO VOLUMEN"
documentos,Férias escolares: saiba qual é a documentação necessária para viajar com crianças e adolescentes - Portal do Conhecimento - Tribunal de Justiça do Estado do Rio de Janeiro,https://portaltj.tjrj.jus.br/web/portal-conhecimento/noticias/noticia/-/visualizar-conteudo/5736540/6076067,"TÍTULO OBSERVADO EN SERP, NO VOLUMEN"
documentos,Solicitar autorização de viagem para menor no exterior,https://www.gov.br/pt-br/servicos/solicitar-autorizacao-de-viagem-para-menor-no-exterior?id=62&origem=servico,"TÍTULO OBSERVADO EN SERP, NO VOLUMEN"
documentos,Vacina para Viajantes / Viagens Internacionais — Ministério da Saúde,https://www.gov.br/saude/pt-br/assuntos/saude-de-a-a-z/s/saude-do-viajante/vacina-para-viajantes/vacina-para-viajantes,"TÍTULO OBSERVADO EN SERP, NO VOLUMEN"
documentos,Autorização de viagem de menor para o exterior — Ministério das Relações Exteriores,https://www.gov.br/mre/pt-br/recuperacao-dados-marselha/consulado-marselha/servicos-consulares/autorizacao-de-viagem-de-menor-para-o-exterior,"TÍTULO OBSERVADO EN SERP, NO VOLUMEN"
documentos,SITES E TELEFONES IMPORTANTESPara minimizar transtornos e riscos,https://www.rio.rj.gov.br/dlstatic/10112/137240/DLFE-195403.pdf/saudedoviajante.pdf,"TÍTULO OBSERVADO EN SERP, NO VOLUMEN"
documentos,Viagem ao Exterior - Portal CNJ,https://www.cnj.jus.br/programas-e-acoes/viagem-ao-exterior/,"TÍTULO OBSERVADO EN SERP, NO VOLUMEN"
documentos,Documentos de Embarque — Agência Nacional de Transportes Terrestres - ANTT,https://www.gov.br/antt/pt-br/assuntos/passageiros/transportepassageirosregular/TransportedePassageirosRegularInternacional/DocumentosdeEmbarque/,"TÍTULO OBSERVADO EN SERP, NO VOLUMEN"
documentos,Autorizações de viagens com menores de idade - Portal do Conhecimento - Tribunal de Justiça do Estado do Rio de Janeiro,https://portaltj.tjrj.jus.br/web/portal-conhecimento/noticias/noticia/-/visualizar-conteudo/5736540/402013387,"TÍTULO OBSERVADO EN SERP, NO VOLUMEN"
documentos,Brasileiros em viagens internacionais devem apresentar um dos seguintes documentos:,https://www.turisrio.rj.gov.br/CARTILHA%20SOS%20TURISTA.pdf,"TÍTULO OBSERVADO EN SERP, NO VOLUMEN"
documentos,Segurança na viagem com crianças - Sociedade Brasileira de Pediatria,https://www.sbp.com.br/pediatria-para-familias/seguranca-e-prevencao/seguranca-na-viagem-com-criancas/,"TÍTULO OBSERVADO EN SERP, NO VOLUMEN"
documentos,saudedoviajante_versaosite.cdr,https://www.rio.rj.gov.br/dlstatic/10112/4200598/4122620/saudedoviajante_versaosite_espanhol.pdf,"TÍTULO OBSERVADO EN SERP, NO VOLUMEN"
documentos,Preparação da Viagem,https://www.riodasostras.rj.gov.br/wp-content/uploads/2024/01/guia_de_saude_do_viajante.-anvisa.pdf,"TÍTULO OBSERVADO EN SERP, NO VOLUMEN"
documentos,SaudeViajante_Web_2018,https://saude.prefeitura.rio/wp-content/uploads/sites/47/2022/06/SaudeViajante_Web_PORTUGUES.pdf,"TÍTULO OBSERVADO EN SERP, NO VOLUMEN"
documentos,Portaria-660-21-ccv,https://www.planalto.gov.br/ccivil_03/portaria/prt/portaria-660-21-ccv.htm,"TÍTULO OBSERVADO EN SERP, NO VOLUMEN"
documentos,Nota - Cúpula Social Mercosul,https://www.gov.br/secretariageral/pt-br/mercosul-social/informaciones-de-utilidad,"TÍTULO OBSERVADO EN SERP, NO VOLUMEN"
documentos,Brazil - Traveler view | Travelers' Health | CDC,https://wwwnc.cdc.gov/travel/destinations/traveler/children.extended_student.vfr/brazil,"TÍTULO OBSERVADO EN SERP, NO VOLUMEN"
documentos,ICE 2025 > Register & Travel > Visa and Health Information,https://rio2025.iceevent.org/Register-Travel/Visa-and-Health-Information,"TÍTULO OBSERVADO EN SERP, NO VOLUMEN"
documentos,VIVIS - Visitor Visa — Ministério das Relações Exteriores,https://www.gov.br/mre/pt-br/consulado-zurique/deutsch/visa-english-1/vivis_en,"TÍTULO OBSERVADO EN SERP, NO VOLUMEN"
documentos,Vai viajar com crianças ou adolescentes? Fique atento à documentação — Agência Gov,https://agenciagov.ebc.com.br/noticias/202601/vai-viajar-com-criancas-ou-adolescentes-fique-atento-a-documentacao,"TÍTULO OBSERVADO EN SERP, NO VOLUMEN"
documentos,Brazil Travel Advisory | Travel.State.gov,https://travel.state.gov/en/international-travel/travel-advisories/brazil.html,"TÍTULO OBSERVADO EN SERP, NO VOLUMEN"
documentos,L8069compiladoa,https://planalto.gov.br/ccivil_03/leis/l8069compilado.htm,"TÍTULO OBSERVADO EN SERP, NO VOLUMEN"
documentos,Entry requirements - Brazil travel advice - GOV.UK,https://www.gov.uk/foreign-travel-advice/brazil/entry-requirements,"TÍTULO OBSERVADO EN SERP, NO VOLUMEN"
documentos,Passaporte brasileiro,https://pt.wikipedia.org/wiki/Passaporte_brasileiro,"TÍTULO OBSERVADO EN SERP, NO VOLUMEN"
documentos,Seguro de Viagem - Rio de Janeiro,https://www.reddit.com/r/viagens/comments/1ujx5sz/seguro_de_viagem_rio_de_janeiro/,"TÍTULO OBSERVADO EN SERP, NO VOLUMEN"
documentos,Visa policy of Brazil,https://en.wikipedia.org/wiki/Visa_policy_of_Brazil,"TÍTULO OBSERVADO EN SERP, NO VOLUMEN"
documentos,alguien ha viajado a Rio de Janeiro en enero/febrero?,https://www.reddit.com/r/chile/comments/1auu9zd/alguien_ha_viajado_a_rio_de_janeiro_en/,"TÍTULO OBSERVADO EN SERP, NO VOLUMEN"
documentos,Política de vistos do Brasil,https://pt.wikipedia.org/wiki/Pol%C3%ADtica_de_vistos_do_Brasil,"TÍTULO OBSERVADO EN SERP, NO VOLUMEN"
documentos,Vacuna fiebre amarilla (Brasil),https://www.reddit.com/r/Ticos/comments/1lz78se,"TÍTULO OBSERVADO EN SERP, NO VOLUMEN"
documentos,Febre amarela,https://www.reddit.com/r/viagens/comments/1vq9x16/febre_amarela/,"TÍTULO OBSERVADO EN SERP, NO VOLUMEN"
alojamiento,Rio de Janeiro: aluguéis por temporada para famílias | Airbnb,https://www.airbnb.com.br/rio-de-janeiro-brazil/stays/family-friendly,"TÍTULO OBSERVADO EN SERP, NO VOLUMEN"
alojamiento,Praia de Copacabana: aluguéis por temporada para famílias | Airbnb,https://www.airbnb.com.br/copacabana-beach-brazil/stays/family-friendly,"TÍTULO OBSERVADO EN SERP, NO VOLUMEN"
alojamiento,Praia de Copacabana: apartamentos para aluguel por temporada | Airbnb,https://www.airbnb.com.br/copacabana-beach-brazil/stays/apartments,"TÍTULO OBSERVADO EN SERP, NO VOLUMEN"
alojamiento,"Família Copacabana, Rio de Janeiro (updated prices 2026)",https://www.booking.com/hotel/br/familia-copacabana.html,"TÍTULO OBSERVADO EN SERP, NO VOLUMEN"
alojamiento,Temporada Copacabana,https://www.temporadacopacabana.com.br/,"TÍTULO OBSERVADO EN SERP, NO VOLUMEN"
alojamiento,Rio de Janeiro: apartamentos para aluguel por temporada | Airbnb,https://www.airbnb.com.br/rio-de-janeiro-brazil/stays/apartments,"TÍTULO OBSERVADO EN SERP, NO VOLUMEN"
alojamiento,Rio de Janeiro: apartamentos para aluguel por temporada | Airbnb,https://www.airbnb.com.br/rio-de-janeiro-metropolitan-area-brazil/stays/apartments,"TÍTULO OBSERVADO EN SERP, NO VOLUMEN"
alojamiento,Copacabana Beach Family-Friendly Vacation Rentals | Airbnb,https://www.airbnb.com/copacabana-beach-brazil/stays/family-friendly,"TÍTULO OBSERVADO EN SERP, NO VOLUMEN"
alojamiento,Temporada Copacabana,https://temporadacopacabana.com/,"TÍTULO OBSERVADO EN SERP, NO VOLUMEN"
alojamiento,Rio Habitat Aluguel de Temporada,https://www.riohabitat.com.br/,"TÍTULO OBSERVADO EN SERP, NO VOLUMEN"
alojamiento,Rio Estación Brasil — Aluguel por Temporada em Copacabana e Leblon,https://rioestacion.app.br/,"TÍTULO OBSERVADO EN SERP, NO VOLUMEN"
alojamiento,Temporada Copacabana - Rio de Janeiro,https://hospedacopa.com/,"TÍTULO OBSERVADO EN SERP, NO VOLUMEN"
alojamiento,Aluguel de Temporada no Rio de Janeiro,https://www.riohabitat.com.br/pt/apartments/1,"TÍTULO OBSERVADO EN SERP, NO VOLUMEN"
alojamiento,"Família Copacabana, Rio de Janeiro (preços atualizados 2026)",https://www.booking.com/hotel/br/familia-copacabana.pt-br.html,"TÍTULO OBSERVADO EN SERP, NO VOLUMEN"
alojamiento,Roxy Apartments Copacabana - Roxy Apartments,https://roxyapartments.com.br/,"TÍTULO OBSERVADO EN SERP, NO VOLUMEN"
alojamiento,"Dónde alojarse en Copacabana, Río de Janeiro",https://areastays.com/es/brazil/rio-de-janeiro/area/copacabana/,"TÍTULO OBSERVADO EN SERP, NO VOLUMEN"
alojamiento,RBispo Rio Apartments – Aluguel de Temporada no Rio de Janeiro,https://rbispoimoveis.com.br/,"TÍTULO OBSERVADO EN SERP, NO VOLUMEN"
alojamiento,"Where to Stay in Copacabana, Rio de Janeiro: Best Areas — Going to Rio",https://goingtorio.com/blog/where-to-stay-in-copacabana-rio,"TÍTULO OBSERVADO EN SERP, NO VOLUMEN"
alojamiento,"Apartamento Almirante AG702 - 1 min da praia - Apartamentos para Alugar em Rio de Janeiro, Rj, Brasil - Airbnb",https://www.airbnb.com.br/rooms/882508,"TÍTULO OBSERVADO EN SERP, NO VOLUMEN"
alojamiento,Dónde alojarse en Río de Janeiro con la familia: Guía - Stays in Rio de Janeiro,https://stayinriodejaneiro.com/es/donde-alojarse-en-rio-de-janeiro-con-la-familia,"TÍTULO OBSERVADO EN SERP, NO VOLUMEN"
alojamiento,"RioSouth Apartments - Quarto e Sala CONFORTO e ESPAÇOSO, Wi-Fi 500 mega, ideal para familias e grupos a 8 mins da Praia de Copacabana, Rio de Janeiro (preços atualizados 2026)",https://www.booking.com/hotel/br/riosouth-apartments-espacoso-melhor-copacabana.pt-br.html,"TÍTULO OBSERVADO EN SERP, NO VOLUMEN"
alojamiento,Copacabana travel guide: where to stay and what to do,https://marvelouscity.rio/copacabana-neighborhood-guide/,"TÍTULO OBSERVADO EN SERP, NO VOLUMEN"
alojamiento,The Best Apartments in Rio for Families - Rio Spot Homes,https://www.riospothomes.com/en/apartments/rio-de-janeiro-familia/1,"TÍTULO OBSERVADO EN SERP, NO VOLUMEN"
alojamiento,StayinRio — Hospedagem Rio Centro | Locação Flat,https://stayinrio.com.br/,"TÍTULO OBSERVADO EN SERP, NO VOLUMEN"
alojamiento,Where to stay in Copacabana: a local map of the beach (not the brochure) | Bowie Rio Stays,https://bowieriostays.com/en/blog/where-to-stay-copacabana,"TÍTULO OBSERVADO EN SERP, NO VOLUMEN"
alojamiento,Vacation rental apartments in Rio de Janeiro,https://www.riohabitat.com.br/en/apartments/1,"TÍTULO OBSERVADO EN SERP, NO VOLUMEN"
alojamiento,Copacabana Beach Apartment Vacation Rentals | Airbnb,https://www.airbnb.com/copacabana-beach-brazil/stays/apartments,"TÍTULO OBSERVADO EN SERP, NO VOLUMEN"
alojamiento,Airbnb no Rio de Janeiro (2026): descubra as 33 melhores opções por bairro,https://www.melhoresdestinos.com.br/airbnb-no-rio-de-janeiro.html,"TÍTULO OBSERVADO EN SERP, NO VOLUMEN"
alojamiento,"Where to Stay in Copacabana, Rio de Janeiro",https://areastays.com/en/brazil/rio-de-janeiro/area/copacabana/,"TÍTULO OBSERVADO EN SERP, NO VOLUMEN"
alojamiento,"CopaRio no coração da praia de Copacabana, Rio de Janeiro (preços atualizados 2026)",https://www.booking.com/hotel/br/copario-sun-flats.pt-br.html,"TÍTULO OBSERVADO EN SERP, NO VOLUMEN"
alojamiento,Where to stay in Rio: choose the area for your trip,https://marvelouscity.rio/where-to-stay-in-rio/,"TÍTULO OBSERVADO EN SERP, NO VOLUMEN"
alojamiento,"Comfort for 6 guests, just 200 meters from the beach",https://www.riohabitat.com.br/en/apartment/YT02D,"TÍTULO OBSERVADO EN SERP, NO VOLUMEN"
alojamiento,Vacation rental apartments in Rio de Janeiro,https://www.riohabitat.com.br/en/apartments/2,"TÍTULO OBSERVADO EN SERP, NO VOLUMEN"
alojamiento,(2024) constataram que 11% das unidades habitacionais nos bairros de Copacabana e 14% de Ipanema estavam listadas como aluguéis temporários na plataforma.,https://ddd.uab.cat/pub/artpub/2026/325589/eure_a2026v52n155art06.pdf,"TÍTULO OBSERVADO EN SERP, NO VOLUMEN"
alojamiento,| RIO DE JANEIRO GUIDE 2010/2011 The best places t,https://www.tripadvisor.com/pdfs/Guides/TA_Rio_Guide.pdf,"TÍTULO OBSERVADO EN SERP, NO VOLUMEN"
alojamiento,A distopia urbana em Copacabana,https://estudoscariocas.rio/ojs/article/download/220/535/2797,"TÍTULO OBSERVADO EN SERP, NO VOLUMEN"
alojamiento,Rio Sin Parar,https://www.rioforpartiers.com/rsp.pdf,"TÍTULO OBSERVADO EN SERP, NO VOLUMEN"
alojamiento,LOCAÇÃO DE CASAS E APARTAMENTOS,https://hemeroteca-pdf.bn.gov.br/089842/per089842_1967_22926.pdf,"TÍTULO OBSERVADO EN SERP, NO VOLUMEN"
alojamiento,Copacabana (Río de Janeiro),https://es.wikipedia.org/wiki/Copacabana_%28R%C3%ADo_de_Janeiro%29,"TÍTULO OBSERVADO EN SERP, NO VOLUMEN"
alojamiento,Apart-hotel – más de 1.700 habitaci,https://www2.camara.leg.br/atividade-legislativa/comissoes/comissoes-permanentes/ctd/arquivos/Tema_14_.pdf,"TÍTULO OBSERVADO EN SERP, NO VOLUMEN"
alojamiento,Dicas para hospedagem na área de Copacabana.,https://www.reddit.com/r/riodejaneiro/comments/1q1zzd3/dicas_para_hospedagem_na_%C3%A1rea_de_copacabana/,"TÍTULO OBSERVADO EN SERP, NO VOLUMEN"
alojamiento,Pessoal que alugou recentemente no Rio de Janeiro (residencial): como vocês conseguiram??,https://www.reddit.com/r/riodejaneiro/comments/1txqu0c/pessoal_que_alugou_recentemente_no_rio_de_janeiro/,"TÍTULO OBSERVADO EN SERP, NO VOLUMEN"
alojamiento,hospedagem copacabana,https://www.reddit.com/r/riodejaneiro/comments/1v21l5m/hospedagem_copacabana/,"TÍTULO OBSERVADO EN SERP, NO VOLUMEN"
alojamiento,Copacabana Hotel Residência,https://en.wikipedia.org/wiki/Copacabana_Hotel_Resid%C3%AAncia,"TÍTULO OBSERVADO EN SERP, NO VOLUMEN"
alojamiento,Copacabana Palace,https://en.wikipedia.org/wiki/Copacabana_Palace,"TÍTULO OBSERVADO EN SERP, NO VOLUMEN"
alojamiento,Airbnb drives short-term rental boom in tourist haven Rio,https://www.reuters.com/business/airbnb-drives-short-term-rental-boom-tourist-haven-rio-2024-10-03/,"TÍTULO OBSERVADO EN SERP, NO VOLUMEN"
alojamiento,Copacabana,https://pt.wikipedia.org/wiki/Copacabana,"TÍTULO OBSERVADO EN SERP, NO VOLUMEN"
gastronomia,Casa da Feijoada,https://www.ipanemarj.com.br/restaurantes/casa-da-feijoada,"TÍTULO OBSERVADO EN SERP, NO VOLUMEN"
gastronomia,Churrascarias,https://copacabana.com/churrascarias/,"TÍTULO OBSERVADO EN SERP, NO VOLUMEN"
gastronomia,Arquivo de Copacabana - Visit Rio,https://visitrio.com.br/culinaria/vegana/?bairro=copacabana&ocasiao=cafe-da-manha%2Cpara-familia%2Calmoco-executivo,"TÍTULO OBSERVADO EN SERP, NO VOLUMEN"
gastronomia,Onde comer barato em Copacabana? 11 Recomendações - Conexão RJ e SP,https://conexaorioessepe.com.br/gastronomia/onde-comer-barato-em-copacabana/,"TÍTULO OBSERVADO EN SERP, NO VOLUMEN"
gastronomia,Restaurantes – Go Ipanema,https://goipanema.com/restaurantes/,"TÍTULO OBSERVADO EN SERP, NO VOLUMEN"
gastronomia,Onde Comer Feijoada No Rio De Janeiro: 14 Melhores,https://letsflyaway.com.br/onde-comer-feijoada-no-rio-de-janeiro/,"TÍTULO OBSERVADO EN SERP, NO VOLUMEN"
gastronomia,Restaurantes em Churrasco: 10 melhores:Copacabana (Rio de Janeiro),https://www.tripadvisor.com.br/Restaurants-g303506-c6-zfn8669754-Rio_de_Janeiro_State_of_Rio_de_Janeiro.html,"TÍTULO OBSERVADO EN SERP, NO VOLUMEN"
gastronomia,Onde Comer Barato em Copacabana: 10 Lugares Bons e Baratos - Tudo sobre o Rio de Janeiro,https://wikiriodejaneiro.com.br/bairros/copacabana/onde-comer-barato-em-copacabana/,"TÍTULO OBSERVADO EN SERP, NO VOLUMEN"
gastronomia,Arquivo de Copacabana - Visit Rio,https://visitrio.com.br/culinaria/bar/?bairro=copacabana&ocasiao=cafe-da-manha%2Crodizio%2Ctradicionais%2Cpara-grupos-grandes%2Cpara-familia%2Cpara-casais%2Calta-culinaria%2Cbom-e-barato%2Cbuffet%2Cformais,"TÍTULO OBSERVADO EN SERP, NO VOLUMEN"
gastronomia,É POSSÍVEL COMER BARATO em COPACABANA | R$25 - YouTube,https://www.youtube.com/watch?v=eaVW2f4cj20,"TÍTULO OBSERVADO EN SERP, NO VOLUMEN"
gastronomia,Como Economizar no Rio de Janeiro em 2026 | myroteiro,https://www.myroteiro.com/pt-br/guias/como-economizar-em-rio-de-janeiro-guia-brasileiro,"TÍTULO OBSERVADO EN SERP, NO VOLUMEN"
gastronomia,Onde comer feijoada no Rio de Janeiro,https://visitrio.com.br/onde-comer-feijoada-no-rio-de-janeiro/,"TÍTULO OBSERVADO EN SERP, NO VOLUMEN"
gastronomia,Restaurantes bons e baratos em Copacabana: descubra aqui!,https://visitrio.com.br/bons-e-baratos-em-copacabana/,"TÍTULO OBSERVADO EN SERP, NO VOLUMEN"
gastronomia,"Dicas de PF, restaurantes baratos, padarias e mercados em Ipanema/Copacabana",https://www.reddit.com/r/riodejaneiro/comments/1vc3499/dicas_de_pf_restaurantes_baratos_padarias_e/,"TÍTULO OBSERVADO EN SERP, NO VOLUMEN"
gastronomia,Restaurantes em Comer barato: 10 melhores:Copacabana (Rio de Janeiro),https://www.tripadvisor.com.br/Restaurants-g303506-zfn8669754-zfp16-Rio_de_Janeiro_State_of_Rio_de_Janeiro.html,"TÍTULO OBSERVADO EN SERP, NO VOLUMEN"
gastronomia,Os Imortais | Riotur.Rio,https://riotur.rio/onde_comer/os-imortais/,"TÍTULO OBSERVADO EN SERP, NO VOLUMEN"
gastronomia,Arquivo de Copacabana - Visit Rio,https://visitrio.com.br/?bairro=copacabana&culinaria=asiatica%2Cchurrascaria-rodizio%2Cjaponesa%2Ccontemporanea,"TÍTULO OBSERVADO EN SERP, NO VOLUMEN"
gastronomia,"FRONTERA, Rio de Janeiro - Rua Visconde de Piraja 128, Ipanema - Comentários de Restaurantes & Número de Telefone",https://www.tripadvisor.com.br/Restaurant_Review-g303506-d1062919-Reviews-or15-Frontera-Rio_de_Janeiro_State_of_Rio_de_Janeiro.html,"TÍTULO OBSERVADO EN SERP, NO VOLUMEN"
gastronomia,"Guia da Feijoada — o Prato de Sábado do Rio, Explicado",https://www.riodejaneiro-trip.com/pt/guias/guia-da-feijoada/,"TÍTULO OBSERVADO EN SERP, NO VOLUMEN"
gastronomia,7 Restaurantes Copacabana Baratos Pra Comer Bem,https://hotelvilamarcopacabana.com.br/restaurantes-copacabana-baratos/,"TÍTULO OBSERVADO EN SERP, NO VOLUMEN"
gastronomia,Onde comer barato em Copacabana: 10 lugares que você vai amar,https://fortedecopacabana.com.br/onde-comer-barato-em-copacabana/,"TÍTULO OBSERVADO EN SERP, NO VOLUMEN"
gastronomia,Otaviano Restaurante | Gastronomia Espanhola no RJ,https://www.arenahotel.com.br/otaviano-restaurante,"TÍTULO OBSERVADO EN SERP, NO VOLUMEN"
gastronomia,"O RESTAURANTE – Carretão Churrascaria – Ipanema, RJ",https://carretaoipanema.com.br/o-restaurante/,"TÍTULO OBSERVADO EN SERP, NO VOLUMEN"
gastronomia,Restaurantes para almoçar por menos de R$ 30 no Rio de Janeiro - Guia da Semana,https://www.guiadasemana.com.br/restaurantes/noticia/restaurantes-para-almocar-por-menos-de-r-30-no-rio-de-janeiro,"TÍTULO OBSERVADO EN SERP, NO VOLUMEN"
gastronomia,Best Restaurants in Copacabana (2026): 15 Places to Eat,https://planrio.com/best-restaurants-copacabana,"TÍTULO OBSERVADO EN SERP, NO VOLUMEN"
gastronomia,Restaurantes em Copacabana - RJ - Encontra Copacabana,https://www.encontracopacabana.com.br/r/restaurantes-em-copacabana.shtml,"TÍTULO OBSERVADO EN SERP, NO VOLUMEN"
gastronomia,Onde almoçar em Copacabana: descubra 15 opções!,https://dev.visitrio.com.br/onde-amocar-em-copacabana/,"TÍTULO OBSERVADO EN SERP, NO VOLUMEN"
gastronomia,Quitéria - Ipanema Inn,https://www.ipanemainn.com.br/en/quiteria,"TÍTULO OBSERVADO EN SERP, NO VOLUMEN"
gastronomia,Brasileirinho – Ipanema | VEJA RIO,https://vejario.abril.com.br/estabelecimento/brasileirinho-2/,"TÍTULO OBSERVADO EN SERP, NO VOLUMEN"
gastronomia,🥘 R$13 Onde COMER BARATO no Rio de Janeiro | RIO4FUN - YouTube,https://www.youtube.com/watch?v=z3ZvtEyGH9I,"TÍTULO OBSERVADO EN SERP, NO VOLUMEN"
gastronomia,RELAÇÃO ESTABELECIMENTOS / CIRCUITO DELÍCIAS DO RIO.docx,https://riotur.prefeitura.rio/wp-content/uploads/sites/21/2022/02/RELACAO-ESTABELECIMENTOS-_-CIRCUITO-DELICIAS-DO-RIO.docx.pdf,"TÍTULO OBSERVADO EN SERP, NO VOLUMEN"
gastronomia,Rodízio bom e em conta,https://www.reddit.com/r/riodejaneiro/comments/1mpo2zn,"TÍTULO OBSERVADO EN SERP, NO VOLUMEN"
gastronomia,Rio Sin Parar,https://www.rioforpartiers.com/rsp.pdf,"TÍTULO OBSERVADO EN SERP, NO VOLUMEN"
gastronomia,Recommended Restaurants,https://assets.zyrosite.com/AE0aDV4yDOuqbePx/complete-guide-rio-de-janeiro-2025-ingles-AzGXvy5940uvO69q.pdf,"TÍTULO OBSERVADO EN SERP, NO VOLUMEN"
gastronomia,Dónde comer: Sabores de Río,https://assets.zyrosite.com/AE0aDV4yDOuqbePx/guia-completo-rio-de-janeiro-2025-espanhol-Yan1G2XbxGTaVJvP.pdf,"TÍTULO OBSERVADO EN SERP, NO VOLUMEN"
gastronomia,O  r o t e i r o  d a  g a s t r o n o m,https://www.eatinout.com.br/digital/31/files/assets/common/downloads/Revista-Eatin-Out-31.pdf,"TÍTULO OBSERVADO EN SERP, NO VOLUMEN"
gastronomia,"Sel d'Ipanema, no Rio, funciona bem se você ganha em euros",https://guia.folha.uol.com.br/restaurantes/2026/08/sel-dipanema-no-rio-funciona-bem-se-voce-ganha-em-euros.shtml,"TÍTULO OBSERVADO EN SERP, NO VOLUMEN"
gastronomia,Recomendação de restaurante na capital,https://www.reddit.com/r/riodejaneiro/comments/1j60pxn,"TÍTULO OBSERVADO EN SERP, NO VOLUMEN"
gastronomia,Onde jantar em Copacabana que não seja lugar pra extorquir turista?,https://www.reddit.com/r/riodejaneiro/comments/r24nij,"TÍTULO OBSERVADO EN SERP, NO VOLUMEN"
gastronomia,Recomendações de restaurantes baratos e deliciosos para uma família de quatro pessoas em Copacabana e arredores.,https://www.reddit.com/r/riodejaneiro/comments/1n38m3x/recomenda%C3%A7%C3%B5es_de_restaurantes_baratos_e/,"TÍTULO OBSERVADO EN SERP, NO VOLUMEN"
gastronomia,Onde almoçar/jantar por uma semana?,https://www.reddit.com/r/riodejaneiro/comments/1urs44d/onde_almo%C3%A7arjantar_por_uma_semana/,"TÍTULO OBSERVADO EN SERP, NO VOLUMEN"
gastronomia,Quais lugares você recomenda para comer em Ipanema?,https://www.reddit.com/r/riodejaneiro/comments/18svdzg,"TÍTULO OBSERVADO EN SERP, NO VOLUMEN"
gastronomia,Melhor churrascaria rodízio,https://www.reddit.com/r/riodejaneiro/comments/16rxtcu/melhor_churrascaria_rod%C3%ADzio/,"TÍTULO OBSERVADO EN SERP, NO VOLUMEN"
gastronomia,Dinner and lunch in Rio,https://www.reddit.com/r/riodejaneiro/comments/13ve8fi,"TÍTULO OBSERVADO EN SERP, NO VOLUMEN"
gastronomia,Copacabana,https://pt.wikipedia.org/wiki/Copacabana,"TÍTULO OBSERVADO EN SERP, NO VOLUMEN"
noche,Best Live Samba Venues in Rio (2026): A Local's Guide to Rodas de Samba,https://planrio.com/best-samba-venues-rio,"TÍTULO OBSERVADO EN SERP, NO VOLUMEN"
noche,"O que fazer na Pedra do Sal: Atividades, passeios e dicas.",https://pedradosal.rio.br/o-que-fazer-na-pedra-do-sal/,"TÍTULO OBSERVADO EN SERP, NO VOLUMEN"
noche,Samba Nights in Lapa: A Local-Style Guide to Rio After Dark - Tourism Rio de Janeiro,https://tourismriodejaneiro.com/samba-nights-in-lapa,"TÍTULO OBSERVADO EN SERP, NO VOLUMEN"
noche,Pedra do Sal Hoje - PedradoSal.rio.br,https://pedradosal.rio.br/pedra-do-sal-hoje/,"TÍTULO OBSERVADO EN SERP, NO VOLUMEN"
noche,🍺 Bares na Lapa [2026]: 13 clássicos com samba e petiscos,https://www.viajali.com.br/bares-na-lapa/,"TÍTULO OBSERVADO EN SERP, NO VOLUMEN"
noche,Pedra do Sal Samba: When to Go & Safety (2026),https://planrio.com/pedra-do-sal-samba,"TÍTULO OBSERVADO EN SERP, NO VOLUMEN"
noche,Vida noturna,https://riotur.rio/wp-content/uploads/2023/09/Riotur_LivretoPublico_Visit_2023_200x200mm_BR.pdf,"TÍTULO OBSERVADO EN SERP, NO VOLUMEN"
noche,Guia da Pedra do Sal — a Roda de Samba Gratuita de Segunda-Feira do Rio,https://www.riodejaneiro-trip.com/pt/guias/samba-na-pedra-do-sal/,"TÍTULO OBSERVADO EN SERP, NO VOLUMEN"
noche,"Best Samba in Lapa, Rio de Janeiro: Top Venues for Tourists — Going to Rio",https://goingtorio.squarespace.com/blog/samba-lapa-rio-de-janeiro,"TÍTULO OBSERVADO EN SERP, NO VOLUMEN"
noche,"Rio de Janeiro Nightlife: Lapa, Botecos and Where to Go | To Know Brazil",https://www.toknowbrazil.com/rio-de-janeiro/nightlife/,"TÍTULO OBSERVADO EN SERP, NO VOLUMEN"
noche,"Lapa: the Arcos, the samba, and how to do the night safely",https://www.riodejaneiro-trip.com/destinations/lapa/,"TÍTULO OBSERVADO EN SERP, NO VOLUMEN"
noche,Guía de Pedra do Sal — la roda gratuita de los lunes por la noche en Río,https://www.riodejaneiro-trip.com/es/guias/samba-en-pedra-do-sal/,"TÍTULO OBSERVADO EN SERP, NO VOLUMEN"
noche,"Best Bars in Rio: Botecos, Cocktails & Samba (2026)",https://planrio.com/best-bars-rio,"TÍTULO OBSERVADO EN SERP, NO VOLUMEN"
noche,"Rio Nightlife: Samba, Bars, Clubs & Safety (2026)",https://planrio.com/rio-nightlife-guide,"TÍTULO OBSERVADO EN SERP, NO VOLUMEN"
noche,Vida noturna na Lapa: melhores bares e casas noturnas,https://rolezero.com.br/sao-paulo/bairro/lapa/guia/vida-noturna-lapa-sao-paulo-melhores-bares-e-casas-noturnas,"TÍTULO OBSERVADO EN SERP, NO VOLUMEN"
noche,"Best Nightlife in Rio de Janeiro 2026: Bars, Clubs, and Local Spots | Guide to Brazil",https://guidetobrazil.com/rio/best-nightlife-in-rio-de-janeiro-2026-bars-clubs-and-local-spots,"TÍTULO OBSERVADO EN SERP, NO VOLUMEN"
noche,"Lapa Nightlife in Rio: Samba Clubs, Costs & Safety (2026)",https://planrio.com/lapa-samba-nightlife,"TÍTULO OBSERVADO EN SERP, NO VOLUMEN"
noche,Pedra do Sal: resistência africana e samba no Rio de Janeiro - Visit Rio,https://visitrio.com.br/pedra-do-sal-rio-de-janeiro/,"TÍTULO OBSERVADO EN SERP, NO VOLUMEN"
noche,🇧🇷 INSANE Samba Night at Pedra do Sal – Rio’s Best Street Party! 🎶🔥 - YouTube,https://www.youtube.com/watch?v=TXOnjZNNK2Y,"TÍTULO OBSERVADO EN SERP, NO VOLUMEN"
noche,RIO VIDA NOTURNA,https://riotur.rio/wp-content/uploads/2023/04/RIO-NIGHTLIFE.pdf,"TÍTULO OBSERVADO EN SERP, NO VOLUMEN"
noche,"Lapa, Rio de Janeiro o Guia Completo da Vida Noturna, Programação e Segurança | Luxkka",https://luxkka.com/blog/lapa-rio-de-janeiro-guia-completo-vida-noturna-programacao-seguranca,"TÍTULO OBSERVADO EN SERP, NO VOLUMEN"
noche,O que fazer no Rio de Janeiro à noite: guia completo - 2026 - Grupo Dicas De Viagem,https://www.grupodicas.com/o-que-fazer-no-rio-de-janeiro-a-noite/,"TÍTULO OBSERVADO EN SERP, NO VOLUMEN"
noche,Sambastay,https://sambastay.com/hospedes/experiencias,"TÍTULO OBSERVADO EN SERP, NO VOLUMEN"
noche,"Lapa: vida noturna e Arcos, o roteiro de quinta a sábado",https://voyagevoyage.com.br/lapa-vida-noturna-e-arcos/,"TÍTULO OBSERVADO EN SERP, NO VOLUMEN"
noche,"Guía de la vida nocturna en Lapa — calles, clubes y cómo volver seguro",https://www.riodejaneiro-trip.com/es/guias/guia-de-vida-nocturna-en-lapa/,"TÍTULO OBSERVADO EN SERP, NO VOLUMEN"
noche,"Lapa: los Arcos, la samba y cómo vivir la noche con seguridad",https://www.riodejaneiro-trip.com/es/destinos/lapa/,"TÍTULO OBSERVADO EN SERP, NO VOLUMEN"
noche,Carioca's nightlife is very democratic,https://riotur.rio/wp-content/uploads/2024/08/Riotur_LivretoPublico_Visit_2023_200x200mm_ING.pdf,"TÍTULO OBSERVADO EN SERP, NO VOLUMEN"
noche,"Guia da Noite em Lapa — Ruas, Clubes e Voltar para Casa em Segurança",https://www.riodejaneiro-trip.com/pt/guias/guia-da-vida-noturna-em-lapa/,"TÍTULO OBSERVADO EN SERP, NO VOLUMEN"
noche,Confira dicas de sambas e forrós para se divertir neste verão 2026 no Rio,https://www.tribunadosertao.com.br/rj-em-foco/2025/12/19/834504-confira-dicas-de-sambas-e-forros-para-se-divertir-neste-verao-2026-no-rio,"TÍTULO OBSERVADO EN SERP, NO VOLUMEN"
noche,Lapa: Onde Curtir a Noite Mais Intensa do Rio — Cariocando,https://www.cariocando.com.br/pt/vida-noturna/onde-curtir-lapa,"TÍTULO OBSERVADO EN SERP, NO VOLUMEN"
noche,Rio de Janeiro Nightlife Guide - YouTube,https://www.youtube.com/watch?v=cXk-kFbTNPM,"TÍTULO OBSERVADO EN SERP, NO VOLUMEN"
noche,Vida nocturna,https://riotur.rio/wp-content/uploads/2024/08/TELA_Riotur_LivretoPublico_Visit_2023_200x200mm_ES.pdf,"TÍTULO OBSERVADO EN SERP, NO VOLUMEN"
noche,Lapa (Río de Janeiro),https://es.wikipedia.org/wiki/Lapa_%28R%C3%ADo_de_Janeiro%29,"TÍTULO OBSERVADO EN SERP, NO VOLUMEN"
noche,O que fazer nesta noite?,https://www.reddit.com/r/riodejaneiro/comments/1v193qx/o_que_fazer_nesta_noite/,"TÍTULO OBSERVADO EN SERP, NO VOLUMEN"
noche,Rio de Janeiro like a local,https://www.reuters.com/city-memo/rio-de-janeiro-like-local-2025-03-08/,"TÍTULO OBSERVADO EN SERP, NO VOLUMEN"
noche,Rua Sacadura Cabral,https://pt.wikipedia.org/wiki/Rua_Sacadura_Cabral,"TÍTULO OBSERVADO EN SERP, NO VOLUMEN"
noche,Pedra do Sal,https://en.wikipedia.org/wiki/Pedra_do_Sal,"TÍTULO OBSERVADO EN SERP, NO VOLUMEN"
noche,Destination: Rio de Janeiro,https://assets-us-01.kc-usercontent.com/bb7ec940-c332-0010-dbb1-658c3c6cdf68/5aa5b757-2b56-4f5d-85bd-e98d29b0a0fd/Destination%20Guide%20Rio%20de%20Janeiro%20-%20AG.pdf,"TÍTULO OBSERVADO EN SERP, NO VOLUMEN"
noche,Onde beber na rua no Rio de Janeiro?,https://www.reddit.com/r/riodejaneiro/comments/1w6c4cu/onde_beber_na_rua_no_rio_de_janeiro/,"TÍTULO OBSERVADO EN SERP, NO VOLUMEN"
noche,Os melhores passeios,https://cadernos.cvc.com.br/ebook/nacional/riodejaneiro/offline/download.pdf,"TÍTULO OBSERVADO EN SERP, NO VOLUMEN"
noche,Ask a Local: The Perfect Weekend in Rio According to Designer Chica Capeto,https://www.cntraveler.com/story/the-perfect-rio-weekend-with-designer-chica-capeto,"TÍTULO OBSERVADO EN SERP, NO VOLUMEN"
noche,Lapa - à tarde?,https://www.reddit.com/r/riodejaneiro/comments/1s52gdc/lapa_%C3%A0_tarde/,"TÍTULO OBSERVADO EN SERP, NO VOLUMEN"
noche,É seguro ir pra Lapa na meia noite ?  Na segunda,https://www.reddit.com/r/riodejaneiro/comments/1o641s7,"TÍTULO OBSERVADO EN SERP, NO VOLUMEN"
cultura,Exposição no Museu Afro Brasil reflete sobre beleza e lutas de afro-brasileiros,https://guia.folha.uol.com.br/passeios/2026/10/exposicao-no-museu-afro-brasil-reflete-sobre-beleza-e-lutas-de-afro-brasileiros.shtml,"TÍTULO OBSERVADO EN SERP, NO VOLUMEN"
cultura,Apresentação - www.rio.rj.gov.br,https://www.rio.rj.gov.br/web/muhcab/apresentacao,"TÍTULO OBSERVADO EN SERP, NO VOLUMEN"
cultura,Museu Da História E Da Cultura Afro-Brasileira – Secretaria Municipal de Cultura – SMC,https://cultura.prefeitura.rio/espacos-culturais/museus/muhcab/,"TÍTULO OBSERVADO EN SERP, NO VOLUMEN"
cultura,Prefeitura inaugura Museu da História e da Cultura Afro-Brasileira na Região Portuária - Prefeitura da Cidade do Rio de Janeiro - prefeitura.rio,https://prefeitura.rio/cultura/prefeitura-inaugura-museu-da-historia-e-da-cultura-afro-brasileira-na-regiao-portuaria/,"TÍTULO OBSERVADO EN SERP, NO VOLUMEN"
cultura,Biblioteca Municipal José Bonifácio – Secretaria Municipal de Cultura – SMC,https://cultura.prefeitura.rio/espacos-culturais/livro-e-leitura/biblioteca-jose-bonifacio/,"TÍTULO OBSERVADO EN SERP, NO VOLUMEN"
cultura,City Hall inaugurates Museum of Afro-Brazilian History and Culture in the Port Region - City Hall of Rio de Janeiro - prefeitura.rio,https://en.prefeitura.rio/cultura/prefeitura-inaugura-museu-da-historia-e-da-cultura-afro-brasileira-na-regiao-portuaria/,"TÍTULO OBSERVADO EN SERP, NO VOLUMEN"
cultura,Immersive Experience in Little Africa,https://feel.visitbrasil.com/en/immersive-experience-in-little-africa-pequena-africa/,"TÍTULO OBSERVADO EN SERP, NO VOLUMEN"
cultura,Museu Afro – Rio de Janeiro,https://museuafro.rio.br/,"TÍTULO OBSERVADO EN SERP, NO VOLUMEN"
cultura,"Começam as obras do Centro Cultural Rio-Áfricas, na Pequena África - Prefeitura da Cidade do Rio de Janeiro - prefeitura.rio",https://prefeitura.rio/ccpar/prefeito-eduardo-cavaliere-inicia-obras-do-centro-cultural-rio-africas-na-pequena-africa/,"TÍTULO OBSERVADO EN SERP, NO VOLUMEN"
cultura,Construction begins on the Rio-Áfricas Cultural Center in Little Africa – Municipal Secretariat of Urban and Economic Development – ​​SMDUE,https://en.desenvolvimento.prefeitura.rio/noticias/comecam-as-obras-do-centro-cultural-rio-africas-na-pequena-africa/,"TÍTULO OBSERVADO EN SERP, NO VOLUMEN"
cultura,Rio de Janeiro Art Museum celebrates 10 years with the opening of the exhibition 'The Construction of the MAR and Little Africa' - City Hall of Rio de Janeiro - prefeitura.rio,https://en.prefeitura.rio/cultura/museu-de-arte-do-rio-comemora-10-anos-com-abertura-da-exposicao-a-construcao-do-mar-e-a-pequena-africa/,"TÍTULO OBSERVADO EN SERP, NO VOLUMEN"
cultura,"Começam as obras do Centro Cultural Rio-Áfricas, na Pequena África – Secretaria Municipal de Desenvolvimento Urbano e Econômico – SMDUE",https://desenvolvimento.prefeitura.rio/noticias/comecam-as-obras-do-centro-cultural-rio-africas-na-pequena-africa/,"TÍTULO OBSERVADO EN SERP, NO VOLUMEN"
cultura,LITTLE AFRICA CULTURAL CENTER | Riotur.Rio,https://riotur.rio/en/que_fazer/little-africa-cultural-center/,"TÍTULO OBSERVADO EN SERP, NO VOLUMEN"
cultura,Sobre o Projeto Territórios Negros - www.rio.rj.gov.br,https://www.rio.rj.gov.br/web/muhcab/sobre-o-projeto-territorios-negros,"TÍTULO OBSERVADO EN SERP, NO VOLUMEN"
cultura,Principal - www.rio.rj.gov.br,https://www.rio.rj.gov.br/web/muhcab,"TÍTULO OBSERVADO EN SERP, NO VOLUMEN"
cultura,Museu da História e da Cultura Afro-Brasileira,https://pt.wikipedia.org/wiki/Museu_da_Hist%C3%B3ria_e_da_Cultura_Afro-Brasileira,"TÍTULO OBSERVADO EN SERP, NO VOLUMEN"
cultura,Apresentação - www.rio.rj.gov.br,https://rio.rj.gov.br/web/muhcab/apresentacao,"TÍTULO OBSERVADO EN SERP, NO VOLUMEN"
cultura,Projeto Biblioteca dos Saberes é apresentado por arquiteto vencedor do Prêmio Pritzker - Prefeitura da Cidade do Rio de Janeiro - prefeitura.rio,https://prefeitura.rio/cultura/projeto-biblioteca-dos-saberes-e-apresentado-por-arquiteto-vencedor-do-premio-pritzker/,"TÍTULO OBSERVADO EN SERP, NO VOLUMEN"
cultura,Centro Cultural Rio-África: Prefeitura lança concurso internacional para arquitetos negros - Prefeitura da Cidade do Rio de Janeiro - prefeitura.rio,https://prefeitura.rio/casa-civil/centro-cultural-rio-africa-prefeitura-lanca-concurso-internacional-para-arquitetos-negros/,"TÍTULO OBSERVADO EN SERP, NO VOLUMEN"
cultura,"BNDES apoiará ideias de arquitetos negros para Pequena África, no Rio | Agência Brasil",https://agenciabrasil.ebc.com.br/cultura/noticia/2025-03/bndes-apoiara-ideias-de-arquitetos-negros-para-pequena-africa-no-rio,"TÍTULO OBSERVADO EN SERP, NO VOLUMEN"
cultura,GUIA DE BOLSO | POCKET GUIDE,https://riotur.rio/wp-content/uploads/2024/04/pocket-guide-riotur-2.pdf,"TÍTULO OBSERVADO EN SERP, NO VOLUMEN"
cultura,"BNDES discute projeto para Distrito Cultural Pequena África, no Rio, com lideranças locais Página Inicial | Agência BNDES de Notícias",https://agenciadenoticias.bndes.gov.br/bndes/BNDES-discute-projeto-para-Distrito-Cultural-Pequena-Africa-no-Rio-com-liderancas-locais/,"TÍTULO OBSERVADO EN SERP, NO VOLUMEN"
cultura,Concurso BNDES Pequena África premia projetos urbanísticos que valorizam cultura afro-brasileira no Rio Página Inicial | Agência BNDES de Notícias,https://agenciadenoticias.bndes.gov.br/cultura/Concurso-BNDES-Pequena-Africa-premia-projetos-urbanisticos-que-valorizam-cultura-afro-brasileira-no-Rio/,"TÍTULO OBSERVADO EN SERP, NO VOLUMEN"
cultura,Prefeitura anuncia vencedor do concurso para projeto do Centro Cultural Rio-África - Prefeitura da Cidade do Rio de Janeiro - prefeitura.rio,https://prefeitura.rio/ccpar/prefeitura-anuncia-vencedor-do-concurso-para-projeto-do-centro-cultural-rio-africa/,"TÍTULO OBSERVADO EN SERP, NO VOLUMEN"
cultura,Centro Cultural José Bonifácio | Riotur.Rio,https://riotur.rio/que_fazer/centro-cultural-jose-bonifacio/,"TÍTULO OBSERVADO EN SERP, NO VOLUMEN"
cultura,ROTEIRO PEQUENA ÁFRICA | Riotur.Rio,https://riotur.rio/que_fazer/pequena-africa/,"TÍTULO OBSERVADO EN SERP, NO VOLUMEN"
cultura,Praça Onze Maravilha: projeto que vai transformar a região da Praça Onze e do Sambódromo - Prefeitura da Cidade do Rio de Janeiro - prefeitura.rio,https://prefeitura.rio/noticias/praca-onze-maravilha-projeto-que-vai-transformar-a-regiao-da-praca-xi-e-do-sambodromo/,"TÍTULO OBSERVADO EN SERP, NO VOLUMEN"
cultura,MUSEUS ANTIGA – Secretaria Municipal de Cultura – SMC,https://cultura.prefeitura.rio/museus-antiga/,"TÍTULO OBSERVADO EN SERP, NO VOLUMEN"
cultura,Museu Afro Brasil,https://en.wikipedia.org/wiki/Museu_Afro_Brasil,"TÍTULO OBSERVADO EN SERP, NO VOLUMEN"
cultura,Lista de museus e centros culturais do Rio de Janeiro,https://pt.wikipedia.org/wiki/Lista_de_museus_e_centros_culturais_do_Rio_de_Janeiro,"TÍTULO OBSERVADO EN SERP, NO VOLUMEN"
cultura,Black place-making and epistemic decolonisation in Brazil: Rio de Janeiro’s Pequena África,https://www.tandfonline.com/doi/pdf/10.1080/23802014.2022.2106034,"TÍTULO OBSERVADO EN SERP, NO VOLUMEN"
cultura,Museu Nacional (Rio de Janeiro),https://pt.wikipedia.org/wiki/Museu_Nacional_%28Rio_de_Janeiro%29,"TÍTULO OBSERVADO EN SERP, NO VOLUMEN"
cultura,Kéré Architecture apresenta projeto de biblioteca pública no Rio de Janeiro em homenagem à herança afro-brasileira | ArchDaily Brasil,https://www.archdaily.com.br/br/1036405/kere-architecture-apresenta-projeto-de-biblioteca-publica-no-rio-de-janeiro-em-homenagem-a-heranca-afro-brasileira?is_allowed_bot=true,"TÍTULO OBSERVADO EN SERP, NO VOLUMEN"
cultura,Lista de museus e centros culturais da cidade do Rio de Janeiro,https://pt.wikipedia.org/wiki/Lista_de_museus_e_centros_culturais_da_cidade_do_Rio_de_Janeiro,"TÍTULO OBSERVADO EN SERP, NO VOLUMEN"
familia,Roteiro com crianças no Rio de Janeiro: diversão para todos!,https://visitrio.com.br/roteiro-com-criancas-rio-de-janeiro/,"TÍTULO OBSERVADO EN SERP, NO VOLUMEN"
familia,Lugares para conhecer com crianças no Rio de Janeiro: 6 passeios para a família – Informe Rio de Janeiro,https://informeriodejaneiro.com.br/lugares-para-conhecer-com-criancas-no-rio-de-janeiro/09/,"TÍTULO OBSERVADO EN SERP, NO VOLUMEN"
familia,BioParque do Rio - Zoológico,https://bioparquedorio.com.br/duvidas/,"TÍTULO OBSERVADO EN SERP, NO VOLUMEN"
familia,"What to Do in Rio When It Rains — Museums, Markets, and Waiting It Out",https://www.riodejaneiro-trip.com/guides/what-to-do-in-rio-when-it-rains/,"TÍTULO OBSERVADO EN SERP, NO VOLUMEN"
familia,Rio de Janeiro Marine Aquarium (AquaRio) | Riotur.Rio,https://riotur.rio/en/que_fazer/rio-de-janeiro-marine-aquarium-aquario/,"TÍTULO OBSERVADO EN SERP, NO VOLUMEN"
familia,AquaRio Timings & Hours | Best Time to Visit Rio’s Aquarium,https://www.rio-de-janeiro.com/aquario-tickets/timings-opening-hours/,"TÍTULO OBSERVADO EN SERP, NO VOLUMEN"
familia,Passeio em família no RJ: guia completo para curtir o Rio de Janeiro com crianças — ABIH-RJ,https://abihrj.com.br/turismo/passeio-em-familia-rj-guia-completo-rio-de-janeiro,"TÍTULO OBSERVADO EN SERP, NO VOLUMEN"
familia,O que fazer com crianças no Rio com chuva - Pequenos no Rio,https://pequenosnorio.com.br/o-que-fazer-com-criancas-no-rio-com-chuva/,"TÍTULO OBSERVADO EN SERP, NO VOLUMEN"
familia,OS 5 MELHORES zoológicos e aquários em Rio de Janeiro (2026),https://www.tripadvisor.com.br/Attractions-g303506-Activities-c48-Rio_de_Janeiro_State_of_Rio_de_Janeiro.html,"TÍTULO OBSERVADO EN SERP, NO VOLUMEN"
familia,Rio com crianças: 18 programas que amamos fazer em família,https://cafeviagem.com/rio-com-criancas-14-coisas-que-amamos/,"TÍTULO OBSERVADO EN SERP, NO VOLUMEN"
familia,"Visite o AquaRio como um profissional | Horário, dicas e informações essenciais",https://www.rio-de-janeiro.com/pt/aquario-tickets/plan-your-visit/,"TÍTULO OBSERVADO EN SERP, NO VOLUMEN"
familia,O que fazer no Rio de Janeiro com crianças 2026,https://vamosporai.com/o-que-fazer-no-rio-de-janeiro-com-criancas/,"TÍTULO OBSERVADO EN SERP, NO VOLUMEN"
familia,"Rio with Kids: Beaches, Sights & Safety (2026)",https://planrio.com/questions/rio-with-kids,"TÍTULO OBSERVADO EN SERP, NO VOLUMEN"
familia,Melhores Passeios para as Férias Escolares no Rio de Janeiro - ParqueOlímpico,https://parqueolimpico.rio.br/melhores-passeios-para-as-ferias-escolares-no-rio-de-janeiro/,"TÍTULO OBSERVADO EN SERP, NO VOLUMEN"
familia,Dudas - BioParque do Rio,https://bioparquedorio.com.br/dudas/?lang=es,"TÍTULO OBSERVADO EN SERP, NO VOLUMEN"
familia,"BioParque do Rio: el antiguo zoo, precio y horario",https://turismoenrio.com/lugares/bioparque/,"TÍTULO OBSERVADO EN SERP, NO VOLUMEN"
familia,Questions - BioParque do Rio,https://bioparquedorio.com.br/questions/?lang=en,"TÍTULO OBSERVADO EN SERP, NO VOLUMEN"
familia,AquaRio - como aproveitar o aquário do Rio com crianças,https://pequenosnorio.com.br/aquario-como-aproveitar-o-aquario-do-rio-com-criancas/,"TÍTULO OBSERVADO EN SERP, NO VOLUMEN"
familia,Conheça o circuito de visitação do BioParque Rio - Prefeitura da Cidade do Rio de Janeiro - prefeitura.rio,https://prefeitura.rio/cidade/conheca-o-circuito-de-visitacao-do-bioparque-rio/,"TÍTULO OBSERVADO EN SERP, NO VOLUMEN"
familia,BioParque do Rio - Zoológico,https://bioparquedorio.com.br/,"TÍTULO OBSERVADO EN SERP, NO VOLUMEN"
familia,O que fazer no Rio com chuva: 25 passeios cobertos,https://agendaculturalriodejaneiro.com/2026/07/17/o-que-fazer-no-rio-com-chuva-25-passeios-cobertos/,"TÍTULO OBSERVADO EN SERP, NO VOLUMEN"
familia,As 5 melhores opções de passeios para crianças no Rio de Janeiro,https://blog.bioparquedorio.com.br/2024/02/26/opcoes-de-passeio-rio-de-janeiro-com-crianca/,"TÍTULO OBSERVADO EN SERP, NO VOLUMEN"
familia,Verão no BioParque do Rio,https://blog.bioparquedorio.com.br/2026/01/30/verao-no-bioparque-do-rio/,"TÍTULO OBSERVADO EN SERP, NO VOLUMEN"
familia,O que fazer nas férias no BioParque do Rio: guia para famílias e crianças,https://blog.bioparquedorio.com.br/2026/01/06/o-que-fazer-nas-ferias-no-bioparque-do-rio-guia-para-familias/,"TÍTULO OBSERVADO EN SERP, NO VOLUMEN"
familia,Dica de passeios com crianças no Rio De Janeiro - AquaRio,https://blog.aquariomarinhodorio.com.br/2021/10/06/dica-de-passeios-com-criancas-no-rio-de-janeiro/,"TÍTULO OBSERVADO EN SERP, NO VOLUMEN"
familia,O que fazer no Rio de Janeiro com chuva? - AquaRio,https://blog.aquariomarinhodorio.com.br/2019/10/11/o-que-fazer-no-rio-de-janeiro-quando-chove/,"TÍTULO OBSERVADO EN SERP, NO VOLUMEN"
familia,"🌧️ Rainy Day in Rio? 5 Actually Good Things to Do Indoors — With Prices, Hours & Addresses",https://www.reddit.com/r/u_Boston_Bruno_Tours/comments/1wa82sr/rainy_day_in_rio_5_actually_good_things_to_do/,"TÍTULO OBSERVADO EN SERP, NO VOLUMEN"
familia,Rio de Janeiro Zoological Garden,https://en.wikipedia.org/wiki/Rio_de_Janeiro_Zoological_Garden,"TÍTULO OBSERVADO EN SERP, NO VOLUMEN"
familia,RIO DE JANAIRO,https://www.rioculturalsecrets.com/wp-content/uploads/2025/05/TRAVEL-BROCHURE-RIO-DE-JANEIRO-2025.pdf,"TÍTULO OBSERVADO EN SERP, NO VOLUMEN"
familia,Rio De Janeiro,https://yun.vpsxb.net/ebook/DK%20English%E7%B3%BB%E5%88%97/DK%20Eyewitness%20Travel%20136%E6%9C%AC/Rio%20De%20Janeiro%202008.pdf,"TÍTULO OBSERVADO EN SERP, NO VOLUMEN"
familia,TARIFARIO EXCLUSIVO MAYORISTA - RIO DE JANEIRO  |  |  |  |  |  |  |  |  |,https://paquetes.mmcturismo.com.br/uploads/files/opcionales-rj.xlsx%20-%20opcionales-usd-2025.pdf,"TÍTULO OBSERVADO EN SERP, NO VOLUMEN"
familia,Parque Oeste Ana Gonzaga,https://pt.wikipedia.org/wiki/Parque_Oeste_Ana_Gonzaga,"TÍTULO OBSERVADO EN SERP, NO VOLUMEN"
familia,BioParque do Rio,https://pt.wikipedia.org/wiki/BioParque_do_Rio,"TÍTULO OBSERVADO EN SERP, NO VOLUMEN"
familia,Rio with children,https://www.reddit.com/r/Brazil/comments/1qh62gh/rio_with_children/,"TÍTULO OBSERVADO EN SERP, NO VOLUMEN"
familia,"a set of orientations and suggestions of activities to be used, before, during and after a visit to the newly opened Aquarium of Rio de Janeiro (AquaRio) as a nonformal educational space for Elementary School students in the context of Science Teaching. The activities align with the Brazilian Standards (PCN) and the recent version of the Brazilian Common Core (BNCC) and include interdisciplinary practices with Geography, English, History, Literature, and Mathematics. More than a rigid and definitive roadmap, the proposal is expected to serve as a starting point with which the teacher can adapt and unfold accordingly to the needs and characteristics of his/her classes.",https://www.gov.br/mast/pt-br/imagens/publicacoes/2019/anais-eletronic-encontro-nacional-2019.pdf,"TÍTULO OBSERVADO EN SERP, NO VOLUMEN"
familia,3. **REAGENDAMENTO DE INGRESSOS**,https://bioparquedorio.com.br/wp-content/uploads/2024/01/POLITICA_DE_INGRESSOS_-_BioParque_do_Rio.pdf,"TÍTULO OBSERVADO EN SERP, NO VOLUMEN"
familia,"QUINTA-FEIRA, 02 DE ABR",https://www.jornalhorah.com.br/wp-content/uploads/2026/04/site_compressed-1.pdf,"TÍTULO OBSERVADO EN SERP, NO VOLUMEN"
familia,BioParque do Rio de Janeiro vale a pena?,https://www.reddit.com/r/riodejaneiro/comments/1sxfced/bioparque_do_rio_de_janeiro_vale_a_pena/,"TÍTULO OBSERVADO EN SERP, NO VOLUMEN"
familia,AquaRio,https://es.wikipedia.org/wiki/AquaRio,"TÍTULO OBSERVADO EN SERP, NO VOLUMEN"
familia,AquaRio,https://pt.wikipedia.org/wiki/AquaRio,"TÍTULO OBSERVADO EN SERP, NO VOLUMEN"
familia,Uma semana no Rio com uma bebê de quase 2 anos,https://www.reddit.com/r/riodejaneiro/comments/1lnbrmo,"TÍTULO OBSERVADO EN SERP, NO VOLUMEN"
familia,Passeio Público (Rio de Janeiro),https://pt.wikipedia.org/wiki/Passeio_P%C3%BAblico_%28Rio_de_Janeiro%29,"TÍTULO OBSERVADO EN SERP, NO VOLUMEN"
familia,Going to Rio with a 7 year old!,https://www.reddit.com/r/riodejaneiro/comments/1o3eh03,"TÍTULO OBSERVADO EN SERP, NO VOLUMEN"
familia,AquaRio vale a pena?,https://www.reddit.com/r/riodejaneiro/comments/16reb7g,"TÍTULO OBSERVADO EN SERP, NO VOLUMEN"
familia,Fiz speedrun no AquaRio,https://www.reddit.com/r/riodejaneiro/comments/1h0j013,"TÍTULO OBSERVADO EN SERP, NO VOLUMEN"
familia,Bioparque do Rio!,https://www.reddit.com/r/riodejaneiro/comments/1sk5dmo/bioparque_do_rio/,"TÍTULO OBSERVADO EN SERP, NO VOLUMEN"
familia,O que fazer no Rio com chuva?,https://www.reddit.com/r/riodejaneiro/comments/1pl0p8v/o_que_fazer_no_rio_com_chuva/,"TÍTULO OBSERVADO EN SERP, NO VOLUMEN"
familia,Recomendações,https://www.reddit.com/r/riodejaneiro/comments/1ka8i73,"TÍTULO OBSERVADO EN SERP, NO VOLUMEN"
familia,Dicas de lugares pra levar visitantes de fora,https://www.reddit.com/r/riodejaneiro/comments/17n4pt3,"TÍTULO OBSERVADO EN SERP, NO VOLUMEN"
familia,"Roda gigante, Bioparque e AquaRio? Alguma sugestão?",https://www.reddit.com/r/riodejaneiro/comments/10mtlhw,"TÍTULO OBSERVADO EN SERP, NO VOLUMEN"
clima,Best Times to Visit Rio de Janeiro,https://www.rio.com/practical-rio/when-go-rio-de-janeiro,"TÍTULO OBSERVADO EN SERP, NO VOLUMEN"
clima,Rio Rainy Season: When It Rains & What to Do (2026),https://planrio.com/rio-rainy-season,"TÍTULO OBSERVADO EN SERP, NO VOLUMEN"
clima,Mejor época para viajar a Río de Janeiro: clima mes a mes,https://turismoenrio.com/clima/,"TÍTULO OBSERVADO EN SERP, NO VOLUMEN"
clima,What to pack for Rio de Janeiro in February — 27-item climate-based packing list | WhenRome,https://whenrome.com/pack/rio-de-janeiro/february/,"TÍTULO OBSERVADO EN SERP, NO VOLUMEN"
clima,Rio de Janeiro weather: avg 21 to 27°C | WeatherHack,https://www.weatherhack.com/weather/rio-de-janeiro/,"TÍTULO OBSERVADO EN SERP, NO VOLUMEN"
clima,Rio de Janeiro Weather by Month: When to Visit,https://tourismriodejaneiro.com/rio-de-janeiro-weather-by-month,"TÍTULO OBSERVADO EN SERP, NO VOLUMEN"
clima,"Best time to visit Rio: weather, crowds and events",https://marvelouscity.rio/best-time-to-visit-rio/,"TÍTULO OBSERVADO EN SERP, NO VOLUMEN"
clima,"Rio de Janeiro, RJ: o que fazer, quando ir e quanto custa | Visite",https://visite.tur.br/rio-de-janeiro/,"TÍTULO OBSERVADO EN SERP, NO VOLUMEN"
clima,"Rio de Janeiro in February: Summer, Carnival & Events — Going to Rio",https://goingtorio.com/blog/rio-de-janeiro-in-february,"TÍTULO OBSERVADO EN SERP, NO VOLUMEN"
clima,Quando ir ao Rio de Janeiro | Temperatura e chuva nos 12 meses,https://www.viajenaviagem.com/destino/rio-de-janeiro/quando-ir/,"TÍTULO OBSERVADO EN SERP, NO VOLUMEN"
clima,Rio de Janeiro in January: Carnival warm-up — Going to Rio,https://goingtorio.com/blog/rio-de-janeiro-in-january,"TÍTULO OBSERVADO EN SERP, NO VOLUMEN"
clima,Climatologia - Rio de Janeiro - BR,https://www.climatempo.com.br/climatologia/321/riodejaneiro-br,"TÍTULO OBSERVADO EN SERP, NO VOLUMEN"
clima,"Rio Weather by Month: Rain, Heat & Best Times (2026)",https://planrio.com/rio-weather-by-month,"TÍTULO OBSERVADO EN SERP, NO VOLUMEN"
clima,"Rio de Janeiro em janeiro: 30°C, 13 dias de chuva. Vale a pena?",https://visite.tur.br/rio-de-janeiro/janeiro/,"TÍTULO OBSERVADO EN SERP, NO VOLUMEN"
clima,"Best Time To Visit Rio De Janeiro, Brazil | 2024/2025 Travel Weather & Climate | Time Travella",https://www.timetravella.com/south-america/brazil/rio-de-janeiro,"TÍTULO OBSERVADO EN SERP, NO VOLUMEN"
clima,Best Time to Visit Rio de Janeiro | Month-by-Month Weather Guide,https://www.weathermonth.com/en/best-time-to-visit/rio-de-janeiro,"TÍTULO OBSERVADO EN SERP, NO VOLUMEN"
clima,Clima en Río de Janeiro: Qué Llevar y Guía de Verano 2026,https://www.bestriodejaneiro.tours/es/guia-de-viaje/clima-en-rio-de-janeiro/1053,"TÍTULO OBSERVADO EN SERP, NO VOLUMEN"
clima,Mejor época para visitar Río de Janeiro: clima mes a mes y temporada de lluvias | Sun Season,https://sunseason.org/es/brasil/rio-de-janeiro/,"TÍTULO OBSERVADO EN SERP, NO VOLUMEN"
clima,El clima en Río de Janeiro: ¿cuál es la mejor época para viajar? – SKY Airline – Blog,https://blog.skyairline.com/clima-en-rio-de-janeiro/,"TÍTULO OBSERVADO EN SERP, NO VOLUMEN"
clima,Rio de Janeiro em fevereiro · Visit Off-Peak,https://visitoffpeak.com/pt/rio-de-janeiro-em-fevereiro/,"TÍTULO OBSERVADO EN SERP, NO VOLUMEN"
clima,"Clima en Río de Janeiro: cuándo ir, qué ropa llevar y temperaturas",https://www.riodejaneiro.es/clima/,"TÍTULO OBSERVADO EN SERP, NO VOLUMEN"
clima,"Río de Janeiro, Brasil: clima de viaje por mes | Climate Lookup",https://climatelookup.com/es/destination/br_rio,"TÍTULO OBSERVADO EN SERP, NO VOLUMEN"
clima,Quando ir em Rio de Janeiro | dicas.tur.br,https://dicas.tur.br/rio-de-janeiro/quando-ir/,"TÍTULO OBSERVADO EN SERP, NO VOLUMEN"
clima,Melhor época para ir ao Rio de Janeiro: Clima e eventos mês a mês,https://www.fuiserviajante.com/rio-de-janeiro/quando-ir-ao-rio-de-janeiro/,"TÍTULO OBSERVADO EN SERP, NO VOLUMEN"
clima,"Mejor época para visitar Río de Janeiro: clima, eventos y cuándo viajar - Viajar a Brasil",https://viajarabrasil.com/mejor-epoca-para-visitar-rio-de-janeiro-clima-eventos-y-cuando-viajar/,"TÍTULO OBSERVADO EN SERP, NO VOLUMEN"
clima,Quando Ir Ao Rio De Janeiro — Melhor Época Para Visitar Em 2026 | Explora Brasil,https://explorabrasil.com.br/quando-ir-rio-de-janeiro/,"TÍTULO OBSERVADO EN SERP, NO VOLUMEN"
clima,¿Cuándo visitar Río de Janeiro? Guía mes a mes | Rio Latin Tour,https://rio-latin-tour.com/blog/mejor-epoca-visitar-rio/,"TÍTULO OBSERVADO EN SERP, NO VOLUMEN"
clima,PREFEITURA DA CIDADE DO RIO DE JANEIRO,https://www.rio.rj.gov.br/dlstatic/10112/6165511/4162116/pmsb_drenagem_e_manejo_de_aguas_pluviais.pdf,"TÍTULO OBSERVADO EN SERP, NO VOLUMEN"
clima,Mejor momento para visitar Rio de Janeiro · Visit Off-Peak,https://visitoffpeak.com/es/mejor-epoca-para-visitar-rio-de-janeiro/,"TÍTULO OBSERVADO EN SERP, NO VOLUMEN"
clima,Clima no Rio de Janeiro - Visit Rio,https://dev.visitrio.com.br/clima-rio-de-janeiro/,"TÍTULO OBSERVADO EN SERP, NO VOLUMEN"
clima,"Quando ir para o Rio de Janeiro: melhor época, clima e eventos | Trexxo Viagens",https://www.trexxo.com.br/blog/quando-ir-para-o-rio-de-janeiro-melhor-epoca-clima-e-eventos,"TÍTULO OBSERVADO EN SERP, NO VOLUMEN"
clima,"Rio de Janeiro, Brasil, Fevereiro — 2027 — Clima | Médias Mensais",https://worldstats.org/pt-br/cities/rio-de-janeiro-br/weather/february,"TÍTULO OBSERVADO EN SERP, NO VOLUMEN"
clima,Melhor época para visitar Rio de Janeiro · Visit Off-Peak,https://visitoffpeak.com/pt/melhor-epoca-para-visitar-rio-de-janeiro/,"TÍTULO OBSERVADO EN SERP, NO VOLUMEN"
clima,"Tempo Rio de Janeiro Fevereiro: Médias, chuva & luz do dia",https://gotripzi.com/pt-br/destinations/rio-de-janeiro-br/weather/february,"TÍTULO OBSERVADO EN SERP, NO VOLUMEN"
clima,Rio de Janeiro,https://en.wikipedia.org/wiki/Rio_de_Janeiro,"TÍTULO OBSERVADO EN SERP, NO VOLUMEN"
clima,Río de Janeiro,https://es.wikipedia.org/wiki/R%C3%ADo_de_Janeiro,"TÍTULO OBSERVADO EN SERP, NO VOLUMEN"
clima,The climate in the City of Rio de Janeiro,https://www.inea.rj.gov.br/wp-content/uploads/2019/01/Guia-de-Trilhas-Parque-Estadual-da-Pedra-Branca.pdf,"TÍTULO OBSERVADO EN SERP, NO VOLUMEN"
clima,A CARACTERIZACAO CLIMATOLÓGICA DO RIO,https://www.redebim.dphdm.mar.mil.br/vinculos/000018/000018b1.pdf,"TÍTULO OBSERVADO EN SERP, NO VOLUMEN"
clima,Estado de Río de Janeiro,https://es.wikipedia.org/wiki/Estado_de_R%C3%ADo_de_Janeiro,"TÍTULO OBSERVADO EN SERP, NO VOLUMEN"
clima,Geografia da cidade do Rio de Janeiro,https://pt.wikipedia.org/wiki/Geografia_da_cidade_do_Rio_de_Janeiro,"TÍTULO OBSERVADO EN SERP, NO VOLUMEN"
clima,Planning a 2-Week Trip to Brazil (Mid-Jan to Mid-Feb) – Rio Rain Concerns & Itinerary Advice,https://www.reddit.com/r/riodejaneiro/comments/1ntkj22,"TÍTULO OBSERVADO EN SERP, NO VOLUMEN"
clima,Rio de Janeiro (estado),https://pt.wikipedia.org/wiki/Rio_de_Janeiro_%28estado%29,"TÍTULO OBSERVADO EN SERP, NO VOLUMEN"
clima,Guia Rio_2013.indd,https://bvsms.saude.gov.br/bvs/publicacoes/inca/guia_do_aluno_rio2013.pdf,"TÍTULO OBSERVADO EN SERP, NO VOLUMEN"
clima,Rio de Janeiro,https://pt.wikipedia.org/wiki/Rio_de_Janeiro,"TÍTULO OBSERVADO EN SERP, NO VOLUMEN"
clima,© Legendários Rio de Janeiro,https://legendariosrio.com.br/wp-content/uploads/2025/04/o-que-levar-legendarios-rio-2025-05.pdf,"TÍTULO OBSERVADO EN SERP, NO VOLUMEN"
carnaval,Samba Rehearsals - Rio Carnival 2027,https://www.rio.com/rio-carnival/technical-rehearsals,"TÍTULO OBSERVADO EN SERP, NO VOLUMEN"
carnaval,Rio Carnival 2027 – Samba School Technical Rehearsals at the Sambadrome,https://www.riocarnaval.org/rio-samba-school/technical-rehearsals,"TÍTULO OBSERVADO EN SERP, NO VOLUMEN"
carnaval,Ensaios técnicos: os ensaios gratuitos na Sapucaí,https://carnavalrio.eu/pt-br/guia/ensaios-tecnicos/,"TÍTULO OBSERVADO EN SERP, NO VOLUMEN"
carnaval,Programação dos Ensaios Técnicos da Série Ouro – Carnaval 2026,https://riotur.rio/editorial/programacao-dos-ensaios-tecnicos-da-serie-ouro-carnaval-2026/,"TÍTULO OBSERVADO EN SERP, NO VOLUMEN"
carnaval,Notícias | LIESA - Liga Independente das Escolas de Samba do Rio de Janeiro,https://liesa.com.br/noticias/251208-calendario-ensaios-tecnicos.html,"TÍTULO OBSERVADO EN SERP, NO VOLUMEN"
carnaval,"Rio Carnaval 2026: veja os dias, horários e a ordem das escolas no último fim de semana de ensaios técnicos | Gshow",https://gshow.globo.com/carnaval/2026/noticia/rio-carnaval-2026-veja-os-dias-horarios-e-a-ordem-das-escolas-no-ultimo-fim-de-semana-de-ensaios-tecnicos.ghtml,"TÍTULO OBSERVADO EN SERP, NO VOLUMEN"
carnaval,Ensaios das escolas de samba no Rio em 2027,https://carnavalrio.eu/pt-br/atualidades/ensaios-2027/,"TÍTULO OBSERVADO EN SERP, NO VOLUMEN"
carnaval,Home - Carnaval,https://carnaval.rio/,"TÍTULO OBSERVADO EN SERP, NO VOLUMEN"
carnaval,Ensaios técnicos da Série Ouro serão realizados em três dias na Sapucaí,https://riotur.rio/editorial/carnaval-2026-ensaios-tecnicos-da-serie-ouro-serao-realizados-em-tres-dias-no-sambodromo/,"TÍTULO OBSERVADO EN SERP, NO VOLUMEN"
carnaval,"Rio Carnaval 2026: veja os dias, horários e a ordem dos ensaios técnicos neste fim de semana | Gshow",https://gshow.globo.com/carnaval/2026/noticia/rio-carnaval-2026-veja-os-dias-horarios-e-a-ordem-dos-ensaios-tecnicos-neste-fim-de-semana.ghtml,"TÍTULO OBSERVADO EN SERP, NO VOLUMEN"
carnaval,Rio Carnaval 2026 - Ensaios Técnicos Camarote Rio Praia,https://www.ticketmaster.com.br/event/ensaios-tecnicos-rio-praia-2026,"TÍTULO OBSERVADO EN SERP, NO VOLUMEN"
carnaval,Rio Carnaval 2026 - Ensaios Técnicos Camarote Portela,https://www.ticketmaster.com.br/event/rio-carnaval-2026-ensaios-tecnicos-camarote-portela,"TÍTULO OBSERVADO EN SERP, NO VOLUMEN"
carnaval,Carnaval 2026: esquema especial para ensaios técnicos do Grupo Especial neste fim de semana (6/2 a 8/2) - Centro de Operações e Resiliência,https://cor.rio/carnaval-2026-esquema-especial-para-ensaios-tecnicos-do-grupo-especial-neste-fim-de-semana-6-2-a-8-2/,"TÍTULO OBSERVADO EN SERP, NO VOLUMEN"
carnaval,Notícias | LIESA - Liga Independente das Escolas de Samba do Rio de Janeiro,https://liesa.org.br/noticias/251208-calendario-ensaios-tecnicos.html,"TÍTULO OBSERVADO EN SERP, NO VOLUMEN"
carnaval,Ensaios Técnicos do Grupo Especial – Carnaval 2026,https://carnaval.rio/programacao-ensaios-tecnicos-do-grupo-especial-carnaval-2026/,"TÍTULO OBSERVADO EN SERP, NO VOLUMEN"
carnaval,Sambadrome Tickets | Sambadrome.com,https://www.sambadrome.com/rio-carnival/sambadrome-tickets/,"TÍTULO OBSERVADO EN SERP, NO VOLUMEN"
carnaval,Rio Carnival 2026 Ensaios Técnicos | Ultimate Samba Parade Preview - YouTube,https://www.youtube.com/watch?v=bAI8-dPcY8o,"TÍTULO OBSERVADO EN SERP, NO VOLUMEN"
carnaval,Ensaio técnico,https://pt.wikipedia.org/wiki/Ensaio_t%C3%A9cnico,"TÍTULO OBSERVADO EN SERP, NO VOLUMEN"
carnaval,Acompanhe todos os blocos do Carnaval Rio 2026 - COR,https://carnaval2026.cor.rio/,"TÍTULO OBSERVADO EN SERP, NO VOLUMEN"
carnaval,Grandes números,https://prefeitura.rio/wp-content/uploads/2025/02/Estudo_Carnaval_de_Dados_2025.pdf,"TÍTULO OBSERVADO EN SERP, NO VOLUMEN"
carnaval,Rio Carnaval 2026 - Box Setor 07,https://www.ticketmaster.com.br/event/rio-carnaval-2026-box-setor-07,"TÍTULO OBSERVADO EN SERP, NO VOLUMEN"
carnaval,Rio Carnaval 2026 - Ensaios Técnicos Camarote King,https://www.ticketmaster.com.br/event/rio-carnaval-2026-ensaios-tecnicos-no-camarote-king-especial,"TÍTULO OBSERVADO EN SERP, NO VOLUMEN"
carnaval,CET-Rio sets up special traffic operation for technical rehearsals at the Sambadrome - City Hall of Rio de Janeiro - prefeitura.rio,https://prefeitura.rio/cet-rio/cet-rio-monta-operacao-especial-de-transito-para-ensaios-tecnicos-no-sambodromo/,"TÍTULO OBSERVADO EN SERP, NO VOLUMEN"
carnaval,Technical Rehearsals - RIO.com,https://rio.graodemilho.com.br/rio-carnival/technical-rehearsals,"TÍTULO OBSERVADO EN SERP, NO VOLUMEN"
carnaval,Sambadrome Marquês de Sapucaí | Sambadrome.com,https://www.sambadrome.com/,"TÍTULO OBSERVADO EN SERP, NO VOLUMEN"
carnaval,Rio Carnaval 2026 - Arquibancadas (Série Ouro),https://www.ticketmaster.com.br/event/rio-carnaval-2026-arquibancadas-serie-ouro-lado-impar,"TÍTULO OBSERVADO EN SERP, NO VOLUMEN"
carnaval,Lista de escolas de samba e blocos carnavalescos do Rio de Janeiro,https://pt.wikipedia.org/wiki/Lista_de_escolas_de_samba_e_blocos_carnavalescos_do_Rio_de_Janeiro,"TÍTULO OBSERVADO EN SERP, NO VOLUMEN"
carnaval,Rio Carnaval 2026 - Arquibancadas (Série Ouro),https://www.ticketmaster.com.br/event/rio-carnaval-2026-arquibancadas-serie-ouro-lado-par,"TÍTULO OBSERVADO EN SERP, NO VOLUMEN"
carnaval,Liesa define ensaios técnicos para o Carnaval 2027 na Sapucaí; veja datas,https://www.uol.com.br/carnaval/noticias/redacao/2026/09/09/liesa-define-ensaios-tecnicos-para-o-carnaval-2027-na-sapucai-veja-datas.ghtm,"TÍTULO OBSERVADO EN SERP, NO VOLUMEN"
carnaval,Carnaval democrático,https://riotur.rio/wp-content/uploads/2023/09/Riotur_LivretoPublico_Visit_2023_200x200mm_BR.pdf,"TÍTULO OBSERVADO EN SERP, NO VOLUMEN"
carnaval,"<visual_element id=""e1"">",https://riotur.rio/wp-content/uploads/2023/11/Rio-Cidade-Carnaval.pdf,"TÍTULO OBSERVADO EN SERP, NO VOLUMEN"
carnaval,Revista_Camarote_0002.indd,https://www.expressocarioca.com.br/wp-content/uploads/2025/03/Revista_Camarote_Ed2025.pdf,"TÍTULO OBSERVADO EN SERP, NO VOLUMEN"
carnaval,I,https://liesa.globo.com/downloads/publicacoes/ensaio-geral/EG29.pdf,"TÍTULO OBSERVADO EN SERP, NO VOLUMEN"
carnaval,Rio | Sexta-feira 21.2.2025,https://www.sindesp-pa.com.br/PDF/ebooks/20250221083444000049.pdf,"TÍTULO OBSERVADO EN SERP, NO VOLUMEN"
carnaval,Ensaios Carnaval,https://www.reddit.com/r/riodejaneiro/comments/1gspl3j,"TÍTULO OBSERVADO EN SERP, NO VOLUMEN"
carnaval,Sambadrome Marquês de Sapucaí,https://en.wikipedia.org/wiki/Sambadrome_Marqu%C3%AAs_de_Sapuca%C3%AD,"TÍTULO OBSERVADO EN SERP, NO VOLUMEN"
carnaval,De onde saem as escolas de samba do Carnaval do Rio: dos setores 2 e 3 ou dos setores 12 e 13?,https://www.reddit.com/r/riodejaneiro/comments/1fg3hti,"TÍTULO OBSERVADO EN SERP, NO VOLUMEN"
carnaval,Carnaval no Rio,https://www.reddit.com/r/riodejaneiro/comments/1p9twxf/carnaval_no_rio/,"TÍTULO OBSERVADO EN SERP, NO VOLUMEN"
carnaval,how do tickets work for carnival in rio?,https://www.reddit.com/r/VisitBrazil/comments/1wa9f0s/how_do_tickets_work_for_carnival_in_rio/,"TÍTULO OBSERVADO EN SERP, NO VOLUMEN"
carnaval,Bloco da Anitta,https://en.wikipedia.org/wiki/Bloco_da_Anitta,"TÍTULO OBSERVADO EN SERP, NO VOLUMEN"
carnaval,"Rio Carnival's overlooked, all-important rite: The count",https://apnews.com/article/14e4c0392edaea25cc8b2883c855bb9d,"TÍTULO OBSERVADO EN SERP, NO VOLUMEN"
carnaval,Qual seria o roteiro ideal para viver o Carnaval do Rio em 2027?,https://www.reddit.com/r/riodejaneiro/comments/1utvlg8/qual_seria_o_roteiro_ideal_para_viver_o_carnaval/,"TÍTULO OBSERVADO EN SERP, NO VOLUMEN"
carnaval,First time in Rio,https://www.reddit.com/r/riodejaneiro/comments/10o7o9x,"TÍTULO OBSERVADO EN SERP, NO VOLUMEN"
carnaval,Rio Carnival,https://en.wikipedia.org/wiki/Rio_Carnival,"TÍTULO OBSERVADO EN SERP, NO VOLUMEN"
carnaval,Lista de escolas de samba e blocos carnavalescos do estado do Rio de Janeiro,https://pt.wikipedia.org/wiki/Lista_de_escolas_de_samba_e_blocos_carnavalescos_do_estado_do_Rio_de_Janeiro,"TÍTULO OBSERVADO EN SERP, NO VOLUMEN"
carnaval,Turistar em ensaio de escola de samba é possível?,https://www.reddit.com/r/riodejaneiro/comments/1gimr3u,"TÍTULO OBSERVADO EN SERP, NO VOLUMEN"
carnaval,"With flicks of the wrist, Rio Carnival's drum maestros keep everyone locked in on the beat",https://apnews.com/article/a642b72b15bd62a77b7da7634de6b4bb,"TÍTULO OBSERVADO EN SERP, NO VOLUMEN"
carnaval,Looking for carnaval rehearsals,https://www.reddit.com/r/riodejaneiro/comments/1ifhmt1,"TÍTULO OBSERVADO EN SERP, NO VOLUMEN"
carnaval,Anitta anuncia ensaio de Carnaval de 12 horas no Rio: 'Maior de todos os tempos',https://f5.folha.uol.com.br/celebridades/carnaval/2026/09/anitta-anuncia-ensaio-de-carnaval-de-12-horas-no-rio-maior-de-todos-os-tempos.shtml,"TÍTULO OBSERVADO EN SERP, NO VOLUMEN"
itinerarios,"Rio itinerary: how to spend 3, 5 or 7 days",https://marvelouscity.rio/rio-itinerary-3-5-7-days/,"TÍTULO OBSERVADO EN SERP, NO VOLUMEN"
itinerarios,O que fazer no Rio de Janeiro: guia para planejar sua viagem - Me Leva Contigo,https://melevacontigo.com.br/roteiro-rio-de-janeiro/,"TÍTULO OBSERVADO EN SERP, NO VOLUMEN"
itinerarios,Rio & Brazil Itineraries: 1 Day to 3 Weeks (2026) | PlanRio,https://planrio.com/itineraries/,"TÍTULO OBSERVADO EN SERP, NO VOLUMEN"
itinerarios,Rio de Janeiro Itinerary: How Many Days Do You Need? — Going to Rio,https://goingtorio.com/blog/rio-de-janeiro-itinerary,"TÍTULO OBSERVADO EN SERP, NO VOLUMEN"
itinerarios,Roteiro 5 dias em Rio de Janeiro | dicas.tur.br,https://dicas.tur.br/rio-de-janeiro/roteiro-5-dias/,"TÍTULO OBSERVADO EN SERP, NO VOLUMEN"
itinerarios,Itinerários pelo Rio de Janeiro — Rio de Janeiro Trip,https://www.riodejaneiro-trip.com/pt/roteiros/,"TÍTULO OBSERVADO EN SERP, NO VOLUMEN"
itinerarios,"Rio de Janeiro Guia de Viagem: O Que Fazer, Praias, Roteiros (2026) - Atlas de Viagens",https://atlasdeviagens.com.br/rio-de-janeiro-guia-de-viagem/,"TÍTULO OBSERVADO EN SERP, NO VOLUMEN"
itinerarios,Roteiro de 5 Dias no Rio de Janeiro 2026 | TravelDeck,https://traveldeck.ai/blog/pt-roteiro-5-dias-rio-de-janeiro-2026-77m6,"TÍTULO OBSERVADO EN SERP, NO VOLUMEN"
itinerarios,Roteiro Rio de Janeiro em 5 dias: o clássico que você precisa fazer do jeito certo | Ao Leme,https://www.aoleme.com.br/blog/roteiro-rio-de-janeiro-classico,"TÍTULO OBSERVADO EN SERP, NO VOLUMEN"
itinerarios,The Rio De Janeiro Itinerary For First-Time Visitors: Only The Places That Are Actually Worth It | Explora Brasil,https://explorabrasil.com.br/rio-de-janeiro-itinerary-first-time-visitors/,"TÍTULO OBSERVADO EN SERP, NO VOLUMEN"
itinerarios,One Week in Rio de Janeiro: The Best First-Timer Itinerary – Carioca Bikini Co,https://cariocabikini.co/en/blogs/rio-life/one-week-rio-de-janeiro-itinerary,"TÍTULO OBSERVADO EN SERP, NO VOLUMEN"
itinerarios,"Roteiro no Rio de Janeiro: o que fazer em 3, 4, 5 e 7 dias",https://blog.allianztravel.com.br/destinos/brasil/roteiro-rio-de-janeiro.html,"TÍTULO OBSERVADO EN SERP, NO VOLUMEN"
itinerarios,Viagem ao Rio de Janeiro: Guia Completo para Planejar seus dias na Cidade Maravilhosa [2026] | Siga na Viagem,https://siganaviagem.com/brasil/sudeste/rio-de-janeiro/viagem-ao-rio-de-janeiro/,"TÍTULO OBSERVADO EN SERP, NO VOLUMEN"
itinerarios,"Plan a Trip to Rio: Safety, Costs & Where to Stay",https://planrio.com/plan-your-trip,"TÍTULO OBSERVADO EN SERP, NO VOLUMEN"
itinerarios,Roteiro Rio de Janeiro | Travel,https://travel.com.br/rio-de-janeiro/roteiros/,"TÍTULO OBSERVADO EN SERP, NO VOLUMEN"
itinerarios,"Roteiro Completo no Rio de Janeiro: O Que Fazer em 2, 5 e 7 Dias - EXPLORADORES DE HORIZONTES",https://exploradoresdehorizontes.com.br/roteiro-completo-no-rio-de-janeiro/,"TÍTULO OBSERVADO EN SERP, NO VOLUMEN"
itinerarios,Roteiro em Rio de Janeiro: Quantos Dias e Como Montar 2026,https://melhoreslugares.com.br/destinos/rio-de-janeiro/roteiros,"TÍTULO OBSERVADO EN SERP, NO VOLUMEN"
itinerarios,Itinerarios por Río de Janeiro: de 1 a 7 días,https://turismoenrio.com/itinerarios/,"TÍTULO OBSERVADO EN SERP, NO VOLUMEN"
itinerarios,Roteiro de 7 dias no Rio de Janeiro: do clássico ao alternativo,https://www.elmistihostels.com/blog/roteiro-7-dias-rio-de-janeiro/,"TÍTULO OBSERVADO EN SERP, NO VOLUMEN"
itinerarios,"Rio de Janeiro itineraries — 1 to 7 days, every style and budget",https://www.riodejaneiro-trip.com/itineraries/,"TÍTULO OBSERVADO EN SERP, NO VOLUMEN"
itinerarios,"Roteiro no Rio de Janeiro para 5, 6 ou 7 dias (com mapa)",https://www.viajaquepassa.com.br/roteiro-no-rio-de-janeiro-para-5-6-ou-7-dias/,"TÍTULO OBSERVADO EN SERP, NO VOLUMEN"
itinerarios,Roteiro de viagem para Rio de Janeiro: como organizar os dias | Tour Experience,https://www.tourexperienceviagens.com/roteiro-de-viagem-para-rio-de-janeiro,"TÍTULO OBSERVADO EN SERP, NO VOLUMEN"
itinerarios,Quantos dias ficar no Rio de Janeiro? Veja o roteiro ideal para sua viagem | Operadora de Turismo | Central Tour Operadora,https://www.centraloperadora.com.br/central_news/quantos-dias-ficar-no-rio-de-janeiro-veja-o-roteiro-ideal-para-sua-viagem,"TÍTULO OBSERVADO EN SERP, NO VOLUMEN"
itinerarios,Viaje a Río de Janeiro en 7 días: itinerario y qué ver | Keptour,https://www.keptour.com/es/featured/viaje-que-ver-en-rio-de-janeiro-en-una-semana-itinerario-y-guia,"TÍTULO OBSERVADO EN SERP, NO VOLUMEN"
itinerarios,O Que Fazer no Rio de Janeiro em 5 Dias: Roteiro Completo,https://riotrip.com.br/o-que-fazer-no-rio-de-janeiro-roteiro-5-dias/,"TÍTULO OBSERVADO EN SERP, NO VOLUMEN"
itinerarios,"WHAT TO DO IN RIO DE JANEIRO 2026 | 7-DAY ITINERARY WITH PRICES | BEST TOURS, RESTAURANTS - YouTube",https://www.youtube.com/watch?v=wUEFbwTNHsA,"TÍTULO OBSERVADO EN SERP, NO VOLUMEN"
itinerarios,Serviço de Transporte Público Comunitário (Cabritinho),https://pt.wikipedia.org/wiki/Servi%C3%A7o_de_Transporte_P%C3%BAblico_Comunit%C3%A1rio_%28Cabritinho%29,"TÍTULO OBSERVADO EN SERP, NO VOLUMEN"
itinerarios,Roteiro pra 04 dias no Rio,https://www.reddit.com/r/riodejaneiro/comments/1vtizdc/roteiro_pra_04_dias_no_rio/,"TÍTULO OBSERVADO EN SERP, NO VOLUMEN"
itinerarios,247 - Passeio | Itinerário e horários,https://linhas.cittamobi.com.br/maps/transporte_publico-RiodeJaneiro-Internorte-247-Passeio-47d40e42ad8e.pdf,"TÍTULO OBSERVADO EN SERP, NO VOLUMEN"
itinerarios,"Analisem e sugestões, roteiro de fim de semana no Rio!",https://www.reddit.com/r/riodejaneiro/comments/1wi40qf/analisem_e_sugest%C3%B5es_roteiro_de_fim_de_semana_no/,"TÍTULO OBSERVADO EN SERP, NO VOLUMEN"
itinerarios,Linha Amarela (Rio de Janeiro),https://pt.wikipedia.org/wiki/Linha_Amarela_%28Rio_de_Janeiro%29,"TÍTULO OBSERVADO EN SERP, NO VOLUMEN"
itinerarios,Sugestões e dicas para roteiro no Rio,https://www.reddit.com/r/riodejaneiro/comments/1eygwwa,"TÍTULO OBSERVADO EN SERP, NO VOLUMEN"
itinerarios,5 days in RIO DE JANEIRO: Complete itinerary with prices! - YouTube,https://www.youtube.com/watch?v=sQjrR2bk1cQ,"TÍTULO OBSERVADO EN SERP, NO VOLUMEN"
itinerarios,RIO DE JANEIRO,https://newage.tur.br/pdf/699-821/RIO-DE-JANEIRO,"TÍTULO OBSERVADO EN SERP, NO VOLUMEN"
itinerarios,Please review my trip.,https://www.reddit.com/r/Brazil/comments/1syy4wo/please_review_my_trip/,"TÍTULO OBSERVADO EN SERP, NO VOLUMEN"
itinerarios,Um roteiro completo para Rio de Janeiro + Ilha Grande em 7 Dias:,https://www.reddit.com/r/u_braziltips/comments/1wfse7z/um_roteiro_completo_para_rio_de_janeiro_ilha/,"TÍTULO OBSERVADO EN SERP, NO VOLUMEN"
itinerarios,"<visual_element id=""e1"">",https://jotabviagens.com.br/assets/downloads/cfd54e84f0ed2ff60cf4e4c02b29e959.pdf,"TÍTULO OBSERVADO EN SERP, NO VOLUMEN"
itinerarios,"Visiting Rio, what I cannot miss?",https://www.reddit.com/r/Brazil/comments/1v3r2vy/visiting_rio_what_i_cannot_miss/,"TÍTULO OBSERVADO EN SERP, NO VOLUMEN"
itinerarios,Check out my itinerary,https://www.reddit.com/r/riodejaneiro/comments/1lmhqm9,"TÍTULO OBSERVADO EN SERP, NO VOLUMEN"
itinerarios,Rio de Janeiro Itinerary Advicr,https://www.reddit.com/r/SouthAmericaTravel/comments/1pmwcoq/rio_de_janeiro_itinerary_advicr/,"TÍTULO OBSERVADO EN SERP, NO VOLUMEN"
itinerarios,Dicas para um turista de primeira viagem para uma professora de história,https://www.reddit.com/r/riodejaneiro/comments/1w73dxa/dicas_para_um_turista_de_primeira_viagem_para_uma/,"TÍTULO OBSERVADO EN SERP, NO VOLUMEN"
comercial,Passeios Extremos - Rio Paddle,https://riopaddle.com/extremos/,"TÍTULO OBSERVADO EN SERP, NO VOLUMEN"
comercial,Passeio de Helicóptero no Rio de Janeiro | Rio On Air - Certificado ANAC,https://www.rioonair.com.br/,"TÍTULO OBSERVADO EN SERP, NO VOLUMEN"
comercial,Hang Gliding - Tandem Flight DISCOVERY | Rio Parapente,https://www.rioparapente.com/product-page/hang-gliding,"TÍTULO OBSERVADO EN SERP, NO VOLUMEN"
comercial,SkyView Río | Helicóptero Todo Río,https://www.skyviewrio.com.br/es/passeio-de-helicoptero-all-rio.html,"TÍTULO OBSERVADO EN SERP, NO VOLUMEN"
comercial,Reserve seu voo de helicoptero no Rio de Janeiro,https://www.verticalrio.com/pt/book-your-flight,"TÍTULO OBSERVADO EN SERP, NO VOLUMEN"
comercial,Passeio de Helicóptero no Rio de Janeiro – Passeio de Helicóptero RJ – Passeio de Helicóptero no Pão de Açúcar – Passeio de Helicóptero no Maracanã – Passeio de Helicóptero em Copacabana – Passeio Helicóptero no Cristo Redentor – Voo Doors Off – Passeio de Helicóptero na Lagoa,https://www.riocopter.com.br/,"TÍTULO OBSERVADO EN SERP, NO VOLUMEN"
comercial,Sky Doors Off - SkyRio Helicopter,https://skyriohelicopter.com.br/es/passeios/sky-doors-off-2/,"TÍTULO OBSERVADO EN SERP, NO VOLUMEN"
comercial,TARIFARIO EXCLUSIVO MAYORISTA - RIO DE JANEIRO  |  |  |  |  |  |  |  |  |,https://paquetes.mmcturismo.com.br/uploads/files/opcionales-rj.xlsx%20-%20opcionales-usd-2025.pdf,"TÍTULO OBSERVADO EN SERP, NO VOLUMEN"
comercial,Flyinguru – Voo de asa delta no Rio de Janeiro,https://flyin.guru/,"TÍTULO OBSERVADO EN SERP, NO VOLUMEN"
comercial,Helirio Táxi Aéreo – Passeios de Helicóptero pelo Rio de Janeiro,https://helirio.com/,"TÍTULO OBSERVADO EN SERP, NO VOLUMEN"
comercial,Preço Passeio de Helicóptero Rio de Janeiro | RIOCOPTER,https://www.riocopter.com.br/preco-passeio-de-helicoptero-rio-de-janeiro/,"TÍTULO OBSERVADO EN SERP, NO VOLUMEN"
comercial,Passeio de Helicóptero | RIOCOPTER,https://www.riocopter.com.br/passeio-de-helicoptero/,"TÍTULO OBSERVADO EN SERP, NO VOLUMEN"
comercial,Asa Delta / Parapente | Rodrigo Indio Tours,https://www.rodrigoindiotours.com.br/es/asa-delta-parapente,"TÍTULO OBSERVADO EN SERP, NO VOLUMEN"
comercial,Passeio de Helicóptero - helicopter ride,https://riohelicoptertours.com/en/passeio-de-helicoptero-rio-de-janeiro/,"TÍTULO OBSERVADO EN SERP, NO VOLUMEN"
comercial,Passeios – hello rio – espanhol – HelicopteRio,https://helicopterio.com.br/passeios-hello-rio-espanhol/,"TÍTULO OBSERVADO EN SERP, NO VOLUMEN"
comercial,Passeio de Helicóptero compartilhado no Rio de Janeiro | RIOCOPTER,https://www.riocopter.com.br/passeio-de-helicoptero-compartilhado-no-rio-de-janeiro/,"TÍTULO OBSERVADO EN SERP, NO VOLUMEN"
comercial,Paseo en Helicóptero en Río de Janeiro | Falcon Táxi Aéreo,https://falcontaxiaereo.com.br/es,"TÍTULO OBSERVADO EN SERP, NO VOLUMEN"
comercial,Passeio de Helicóptero no Rio de Janeiro | Rio Air Tour,https://rioairtour.com/,"TÍTULO OBSERVADO EN SERP, NO VOLUMEN"
comercial,Helicoptair | Passeios de Helicóptero no Rio de Janeiro,https://www.helicoptair.com.br/,"TÍTULO OBSERVADO EN SERP, NO VOLUMEN"
comercial,Voo de Helicóptero · Rio Namoral,https://rionamoral.com/experiencias/helicoptero?lang=pt,"TÍTULO OBSERVADO EN SERP, NO VOLUMEN"
comercial,Passeios de Helicóptero | Rio de Janeiro - RJ - Brasil,https://helisight.com.br/,"TÍTULO OBSERVADO EN SERP, NO VOLUMEN"
comercial,Helicopter Tour - Voo de Helicóptero Rio de Janeiro,https://riohelicoptertours.com/,"TÍTULO OBSERVADO EN SERP, NO VOLUMEN"
comercial,Paragliding in Rio de Janeiro | Rio Adventures,https://www.rioadventures.com/tour/paragliding-in-rio-de-janeiro/,"TÍTULO OBSERVADO EN SERP, NO VOLUMEN"
comercial,Sky Experience - SkyRio Helicopter,https://skyriohelicopter.com.br/passeios/sky-experience/,"TÍTULO OBSERVADO EN SERP, NO VOLUMEN"
comercial,Sky Classic - SkyRio Helicopter,https://skyriohelicopter.com.br/passeios/sky-classic/,"TÍTULO OBSERVADO EN SERP, NO VOLUMEN"
comercial,Sky Experience - SkyRio Helicopter,https://skyriohelicopter.com.br/en/passeios/sky-experience-3/,"TÍTULO OBSERVADO EN SERP, NO VOLUMEN"
comercial,Empresa de Passeio de Helicóptero RJ | Sobre a Rio Air Tour,https://rioairtour.com/sobre-nos-pt/,"TÍTULO OBSERVADO EN SERP, NO VOLUMEN"
comercial,Passeio de Helicóptero Rio de Janeiro a partir de R$ 1.350 | Falcon Táxi Aéreo,https://falcontaxiaereo.com.br/,"TÍTULO OBSERVADO EN SERP, NO VOLUMEN"
comercial,Sky Tour - SkyRio Helicopter,https://skyriohelicopter.com.br/en/passeios/sky-tour-3/,"TÍTULO OBSERVADO EN SERP, NO VOLUMEN"
comercial,Doors Off - SkyRio Helicopter,https://skyriohelicopter.com.br/en/passeios/doors-off-2/,"TÍTULO OBSERVADO EN SERP, NO VOLUMEN"
comercial,@ t a p e p o r a,https://tapepora.com.br/wp-content/uploads/2020/10/CARDAPIO_TAPEPORA.pdf,"TÍTULO OBSERVADO EN SERP, NO VOLUMEN"
comercial,"<visual_element id=""e1"">",https://turiberia.com/wp-content/uploads/Presupuesto-Exoticca-circuito-Argentina-y-Brasil-15-dias-salida-desde-Madrid-el-20-5-2025-3599E-EDIT.pdf,"TÍTULO OBSERVADO EN SERP, NO VOLUMEN"
comercial,TARIFARIO,https://itinerarios.tur.ar/storage/app/media/TARIFARIO%20%20-%202025-04-10T175502.170.pdf,"TÍTULO OBSERVADO EN SERP, NO VOLUMEN"
comercial,Updated - ENG.Price List Hello Rio,https://www.helloriotravel.com/_files/ugd/10463d_a8078edcc6d8404cbef83fef3c32ed0f.pdf,"TÍTULO OBSERVADO EN SERP, NO VOLUMEN"
comercial,Sobre asa delta/parapente,https://www.reddit.com/r/riodejaneiro/comments/1cn4y0s,"TÍTULO OBSERVADO EN SERP, NO VOLUMEN"
comercial,Tarifário 2018/02 - Em desenvolvimento,https://www.nattrip.com.br/wp-content/uploads/2018/07/Tarif%C3%A1rio-VENDA-2019-Ecoturismo-e-Aventura-no-Rio-de-Janeiro-Nattrip.pdf,"TÍTULO OBSERVADO EN SERP, NO VOLUMEN"
comercial,mais barato/melhor lugar para Parapente/asa delta no Rio?,https://www.reddit.com/r/riodejaneiro/comments/13fyz6w,"TÍTULO OBSERVADO EN SERP, NO VOLUMEN"
comercial,Viagem de helicóptero pelo Rio.,https://www.reddit.com/r/riodejaneiro/comments/1h2aafg,"TÍTULO OBSERVADO EN SERP, NO VOLUMEN"
comercial,help Rio to Ihla Grande,https://www.reddit.com/r/Brazil/comments/1tc9zan/help_rio_to_ihla_grande/,"TÍTULO OBSERVADO EN SERP, NO VOLUMEN"
comercial,Searching for a third member for our helicopter flight in Rio,https://www.reddit.com/r/riodejaneiro/comments/11a57gm,"TÍTULO OBSERVADO EN SERP, NO VOLUMEN"
comercial,Voo Panorâmico de helicóptero no Rio de Janeiro,https://www.reddit.com/r/u_filipebmorais/comments/cbkiln,"TÍTULO OBSERVADO EN SERP, NO VOLUMEN"
comercial,Excursions,https://www.reddit.com/r/Brazil/comments/1kkjee0,"TÍTULO OBSERVADO EN SERP, NO VOLUMEN"
comercial,Helicópteros costa do rio,https://www.reddit.com/r/riodejaneiro/comments/1pvjrj9/helic%C3%B3pteros_costa_do_rio/,"TÍTULO OBSERVADO EN SERP, NO VOLUMEN"
comercial,Helicopter ride- open door or regular?,https://www.reddit.com/r/Brazil/comments/1uvaf2a/helicopter_ride_open_door_or_regular/,"TÍTULO OBSERVADO EN SERP, NO VOLUMEN"
comercial,GIG Airport to ilha grande,https://www.reddit.com/r/Brazil/comments/1onfmt2/gig_airport_to_ilha_grande/,"TÍTULO OBSERVADO EN SERP, NO VOLUMEN"
comercial,Private transfer costs advice,https://www.reddit.com/r/Brazil/comments/1jmh8d7/private_transfer_costs_advice/,"TÍTULO OBSERVADO EN SERP, NO VOLUMEN"
comercial,Aluguel de lancha,https://www.reddit.com/r/riodejaneiro/comments/1nwzgma,"TÍTULO OBSERVADO EN SERP, NO VOLUMEN"
