ruta,estado_integral,ciclo_ES_PT_EN_ES,title,description,canonical,og_title,og_description,og_image,lang,diccionarios,claves,restauracion_metadata,restauracion_texto,candidatos_no_certificados,limitaciones
/,LIMITACIÓN DE ARQUITECTURA/PRUEBA,PASS,PASS,PASS,PASS,PASS,PASS,PASS,PASS,PASS,PASS,PASS,PASS,3,"title EN: renderer overrides phrase dictionary; validate its own source; Unchanged text candidates include names, labels and renderer-owned content; semantic completeness not inferred"
/404.html,LIMITACIÓN DE ARQUITECTURA/PRUEBA,PASS,PASS,PASS,LIMITACIÓN DE ARQUITECTURA/PRUEBA,PASS,PASS,PASS,PASS,PASS,PASS,PASS,PASS,0,Metadata field not applicable/present: canonical
/atracciones/,LIMITACIÓN DE ARQUITECTURA/PRUEBA,PASS,PASS,PASS,PASS,PASS,PASS,PASS,PASS,PASS,PASS,PASS,PASS,2,"Unchanged text candidates include names, labels and renderer-owned content; semantic completeness not inferred"
/atracciones/aquario/,LIMITACIÓN DE ARQUITECTURA/PRUEBA,PASS,PASS,PASS,PASS,PASS,PASS,PASS,PASS,PASS,PASS,PASS,PASS,2,"Unchanged text candidates include names, labels and renderer-owned content; semantic completeness not inferred"
/atracciones/cristo-redentor/,LIMITACIÓN DE ARQUITECTURA/PRUEBA,PASS,PASS,PASS,PASS,PASS,PASS,PASS,PASS,PASS,PASS,PASS,PASS,3,"Unchanged text candidates include names, labels and renderer-owned content; semantic completeness not inferred"
/atracciones/jardim-botanico/,LIMITACIÓN DE ARQUITECTURA/PRUEBA,PASS,PASS,PASS,PASS,PASS,PASS,PASS,PASS,PASS,PASS,PASS,PASS,2,"Unchanged text candidates include names, labels and renderer-owned content; semantic completeness not inferred"
/atracciones/maracana/,LIMITACIÓN DE ARQUITECTURA/PRUEBA,PASS,PASS,PASS,PASS,PASS,PASS,PASS,PASS,PASS,PASS,PASS,PASS,2,"Unchanged text candidates include names, labels and renderer-owned content; semantic completeness not inferred"
/atracciones/museu-amanha/,LIMITACIÓN DE ARQUITECTURA/PRUEBA,PASS,PASS,PASS,PASS,PASS,PASS,PASS,PASS,PASS,PASS,PASS,PASS,3,"Unchanged text candidates include names, labels and renderer-owned content; semantic completeness not inferred"
/atracciones/pao-de-acucar/,LIMITACIÓN DE ARQUITECTURA/PRUEBA,PASS,PASS,PASS,PASS,PASS,PASS,PASS,PASS,PASS,PASS,PASS,PASS,3,"Unchanged text candidates include names, labels and renderer-owned content; semantic completeness not inferred"
/atracciones/parque-lage/,LIMITACIÓN DE ARQUITECTURA/PRUEBA,PASS,PASS,PASS,PASS,PASS,PASS,PASS,PASS,PASS,PASS,PASS,PASS,2,"Unchanged text candidates include names, labels and renderer-owned content; semantic completeness not inferred"
/atracciones/selaron/,LIMITACIÓN DE ARQUITECTURA/PRUEBA,PASS,PASS,PASS,PASS,PASS,PASS,PASS,PASS,PASS,PASS,PASS,PASS,3,"Unchanged text candidates include names, labels and renderer-owned content; semantic completeness not inferred"
/barrios/,LIMITACIÓN DE ARQUITECTURA/PRUEBA,PASS,PASS,PASS,PASS,PASS,PASS,PASS,PASS,PASS,PASS,PASS,PASS,26,"Unchanged text candidates include names, labels and renderer-owned content; semantic completeness not inferred"
/barrios/barra-da-tijuca/,LIMITACIÓN DE ARQUITECTURA/PRUEBA,PASS,PASS,PASS,PASS,PASS,PASS,PASS,PASS,PASS,PASS,PASS,PASS,5,"Unchanged text candidates include names, labels and renderer-owned content; semantic completeness not inferred"
/barrios/barra-oeste/,LIMITACIÓN DE ARQUITECTURA/PRUEBA,PASS,PASS,PASS,PASS,PASS,PASS,PASS,PASS,PASS,PASS,PASS,PASS,10,"Unchanged text candidates include names, labels and renderer-owned content; semantic completeness not inferred"
/barrios/botafogo-urca/,LIMITACIÓN DE ARQUITECTURA/PRUEBA,PASS,PASS,PASS,PASS,PASS,PASS,PASS,PASS,PASS,PASS,PASS,PASS,12,"Unchanged text candidates include names, labels and renderer-owned content; semantic completeness not inferred"
/barrios/botafogo/,LIMITACIÓN DE ARQUITECTURA/PRUEBA,PASS,PASS,PASS,PASS,PASS,PASS,PASS,PASS,PASS,PASS,PASS,PASS,7,"Unchanged text candidates include names, labels and renderer-owned content; semantic completeness not inferred"
/barrios/cadeg/,LIMITACIÓN DE ARQUITECTURA/PRUEBA,PASS,PASS,PASS,PASS,PASS,PASS,PASS,PASS,PASS,PASS,PASS,PASS,4,"Unchanged text candidates include names, labels and renderer-owned content; semantic completeness not inferred"
/barrios/catete/,LIMITACIÓN DE ARQUITECTURA/PRUEBA,PASS,PASS,PASS,PASS,PASS,PASS,PASS,PASS,PASS,PASS,PASS,PASS,10,"Unchanged text candidates include names, labels and renderer-owned content; semantic completeness not inferred"
/barrios/centro-maua/,LIMITACIÓN DE ARQUITECTURA/PRUEBA,PASS,PASS,PASS,PASS,PASS,PASS,PASS,PASS,PASS,PASS,PASS,PASS,15,"Unchanged text candidates include names, labels and renderer-owned content; semantic completeness not inferred"
/barrios/centro/,LIMITACIÓN DE ARQUITECTURA/PRUEBA,PASS,PASS,PASS,PASS,PASS,PASS,PASS,PASS,PASS,PASS,PASS,PASS,12,"Unchanged text candidates include names, labels and renderer-owned content; semantic completeness not inferred"
/barrios/copacabana/,LIMITACIÓN DE ARQUITECTURA/PRUEBA,PASS,PASS,PASS,PASS,PASS,PASS,PASS,PASS,PASS,PASS,PASS,PASS,24,"Unchanged text candidates include names, labels and renderer-owned content; semantic completeness not inferred"
/barrios/flamengo-gloria/,LIMITACIÓN DE ARQUITECTURA/PRUEBA,PASS,PASS,PASS,PASS,PASS,PASS,PASS,PASS,PASS,PASS,PASS,PASS,15,"Unchanged text candidates include names, labels and renderer-owned content; semantic completeness not inferred"
/barrios/flamengo/,LIMITACIÓN DE ARQUITECTURA/PRUEBA,PASS,PASS,PASS,PASS,PASS,PASS,PASS,PASS,PASS,PASS,PASS,PASS,10,"Unchanged text candidates include names, labels and renderer-owned content; semantic completeness not inferred"
/barrios/gavea-jardim-lagoa/,LIMITACIÓN DE ARQUITECTURA/PRUEBA,PASS,PASS,PASS,PASS,PASS,PASS,PASS,PASS,PASS,PASS,PASS,PASS,7,"Unchanged text candidates include names, labels and renderer-owned content; semantic completeness not inferred"
/barrios/gavea/,LIMITACIÓN DE ARQUITECTURA/PRUEBA,PASS,PASS,PASS,PASS,PASS,PASS,PASS,PASS,PASS,PASS,PASS,PASS,4,"Unchanged text candidates include names, labels and renderer-owned content; semantic completeness not inferred"
/barrios/gloria/,LIMITACIÓN DE ARQUITECTURA/PRUEBA,PASS,PASS,PASS,PASS,PASS,PASS,PASS,PASS,PASS,PASS,PASS,PASS,8,"Unchanged text candidates include names, labels and renderer-owned content; semantic completeness not inferred"
/barrios/guaratiba/,LIMITACIÓN DE ARQUITECTURA/PRUEBA,PASS,PASS,PASS,PASS,PASS,PASS,PASS,PASS,PASS,PASS,PASS,PASS,5,"Unchanged text candidates include names, labels and renderer-owned content; semantic completeness not inferred"
/barrios/ilha-da-gigoia/,LIMITACIÓN DE ARQUITECTURA/PRUEBA,PASS,PASS,PASS,PASS,PASS,PASS,PASS,PASS,PASS,PASS,PASS,PASS,4,"Unchanged text candidates include names, labels and renderer-owned content; semantic completeness not inferred"
/barrios/ipanema-leblon/,LIMITACIÓN DE ARQUITECTURA/PRUEBA,PASS,PASS,PASS,PASS,PASS,PASS,PASS,PASS,PASS,PASS,PASS,PASS,16,"Unchanged text candidates include names, labels and renderer-owned content; semantic completeness not inferred"
/barrios/ipanema/,LIMITACIÓN DE ARQUITECTURA/PRUEBA,PASS,PASS,PASS,PASS,PASS,PASS,PASS,PASS,PASS,PASS,PASS,PASS,12,"Unchanged text candidates include names, labels and renderer-owned content; semantic completeness not inferred"
/barrios/jacarepagua/,LIMITACIÓN DE ARQUITECTURA/PRUEBA,PASS,PASS,PASS,PASS,PASS,PASS,PASS,PASS,PASS,PASS,PASS,PASS,5,"Unchanged text candidates include names, labels and renderer-owned content; semantic completeness not inferred"
/barrios/jardim-botanico/,LIMITACIÓN DE ARQUITECTURA/PRUEBA,PASS,PASS,PASS,PASS,PASS,PASS,PASS,PASS,PASS,PASS,PASS,PASS,5,"Unchanged text candidates include names, labels and renderer-owned content; semantic completeness not inferred"
/barrios/lagoa/,LIMITACIÓN DE ARQUITECTURA/PRUEBA,PASS,PASS,PASS,PASS,PASS,PASS,PASS,PASS,PASS,PASS,PASS,PASS,4,"Unchanged text candidates include names, labels and renderer-owned content; semantic completeness not inferred"
/barrios/lapa/,LIMITACIÓN DE ARQUITECTURA/PRUEBA,PASS,PASS,PASS,PASS,PASS,PASS,PASS,PASS,PASS,PASS,PASS,PASS,6,"Unchanged text candidates include names, labels and renderer-owned content; semantic completeness not inferred"
/barrios/laranjeiras/,LIMITACIÓN DE ARQUITECTURA/PRUEBA,PASS,PASS,PASS,PASS,PASS,PASS,PASS,PASS,PASS,PASS,PASS,PASS,5,"Unchanged text candidates include names, labels and renderer-owned content; semantic completeness not inferred"
/barrios/leblon/,LIMITACIÓN DE ARQUITECTURA/PRUEBA,PASS,PASS,PASS,PASS,PASS,PASS,PASS,PASS,PASS,PASS,PASS,PASS,9,"Unchanged text candidates include names, labels and renderer-owned content; semantic completeness not inferred"
/barrios/madureira/,LIMITACIÓN DE ARQUITECTURA/PRUEBA,PASS,PASS,PASS,PASS,PASS,PASS,PASS,PASS,PASS,PASS,PASS,PASS,4,"Unchanged text candidates include names, labels and renderer-owned content; semantic completeness not inferred"
/barrios/maracana/,LIMITACIÓN DE ARQUITECTURA/PRUEBA,PASS,PASS,PASS,PASS,PASS,PASS,PASS,PASS,PASS,PASS,PASS,PASS,6,"Unchanged text candidates include names, labels and renderer-owned content; semantic completeness not inferred"
/barrios/recreio/,LIMITACIÓN DE ARQUITECTURA/PRUEBA,PASS,PASS,PASS,PASS,PASS,PASS,PASS,PASS,PASS,PASS,PASS,PASS,8,"Unchanged text candidates include names, labels and renderer-owned content; semantic completeness not inferred"
/barrios/santa-lapa/,LIMITACIÓN DE ARQUITECTURA/PRUEBA,PASS,PASS,PASS,PASS,PASS,PASS,PASS,PASS,PASS,PASS,PASS,PASS,11,"Unchanged text candidates include names, labels and renderer-owned content; semantic completeness not inferred"
/barrios/santa-teresa/,LIMITACIÓN DE ARQUITECTURA/PRUEBA,PASS,PASS,PASS,PASS,PASS,PASS,PASS,PASS,PASS,PASS,PASS,PASS,8,"Unchanged text candidates include names, labels and renderer-owned content; semantic completeness not inferred"
/barrios/sao-conrado/,LIMITACIÓN DE ARQUITECTURA/PRUEBA,PASS,PASS,PASS,PASS,PASS,PASS,PASS,PASS,PASS,PASS,PASS,PASS,6,"Unchanged text candidates include names, labels and renderer-owned content; semantic completeness not inferred"
/barrios/sao-cristovao/,LIMITACIÓN DE ARQUITECTURA/PRUEBA,PASS,PASS,PASS,PASS,PASS,PASS,PASS,PASS,PASS,PASS,PASS,PASS,5,"Unchanged text candidates include names, labels and renderer-owned content; semantic completeness not inferred"
/barrios/sepetiba/,LIMITACIÓN DE ARQUITECTURA/PRUEBA,PASS,PASS,PASS,PASS,PASS,PASS,PASS,PASS,PASS,PASS,PASS,PASS,4,"Unchanged text candidates include names, labels and renderer-owned content; semantic completeness not inferred"
/barrios/tijuca/,LIMITACIÓN DE ARQUITECTURA/PRUEBA,PASS,PASS,PASS,PASS,PASS,PASS,PASS,PASS,PASS,PASS,PASS,PASS,5,"Unchanged text candidates include names, labels and renderer-owned content; semantic completeness not inferred"
/barrios/urca/,LIMITACIÓN DE ARQUITECTURA/PRUEBA,PASS,PASS,PASS,PASS,PASS,PASS,PASS,PASS,PASS,PASS,PASS,PASS,9,"Unchanged text candidates include names, labels and renderer-owned content; semantic completeness not inferred"
/barrios/vargens/,LIMITACIÓN DE ARQUITECTURA/PRUEBA,PASS,PASS,PASS,PASS,PASS,PASS,PASS,PASS,PASS,PASS,PASS,PASS,4,"Unchanged text candidates include names, labels and renderer-owned content; semantic completeness not inferred"
/barrios/zona-norte/,LIMITACIÓN DE ARQUITECTURA/PRUEBA,PASS,PASS,PASS,PASS,PASS,PASS,PASS,PASS,PASS,PASS,PASS,PASS,9,"Unchanged text candidates include names, labels and renderer-owned content; semantic completeness not inferred"
/cafe-rio/,LIMITACIÓN DE ARQUITECTURA/PRUEBA,PASS,PASS,PASS,PASS,PASS,PASS,PASS,PASS,PASS,PASS,PASS,PASS,3,"Unregistered shared key owned by inline renderer: kicker; Unregistered shared key owned by inline renderer: hero; Unregistered shared key owned by inline renderer: eyebrow; Unregistered shared key owned by inline renderer: title; Unregistered shared key owned by inline renderer: intro1; Unregistered shared key owned by inline renderer: intro2; Unregistered shared key owned by inline renderer: quote; Unregistered shared key owned by inline renderer: story; Unregistered shared key owned by inline renderer: productsKicker; Unregistered shared key owned by inline renderer: productsTitle; Unregistered shared key owned by inline renderer: productsIntro; Unregistered shared key owned by inline renderer: tagSpecial; Unregistered shared key owned by inline renderer: trufadoTitle; Unregistered shared key owned by inline renderer: trufadoText; Unregistered shared key owned by inline renderer: buy; Unregistered shared key owned by inline renderer: tagClassic; Unregistered shared key owned by inline renderer: traditionalTitle; Unregistered shared key owned by inline renderer: traditionalText; Unregistered shared key owned by inline renderer: tagFresh; Unregistered shared key owned by inline renderer: mintTitle; Unregistered shared key owned by inline renderer: mintText; Unregistered shared key owned by inline renderer: tagSweet; Unregistered shared key owned by inline renderer: caramelTitle; Unregistered shared key owned by inline renderer: caramelText; Unregistered shared key owned by inline renderer: tagCreamy; Unregistered shared key owned by inline renderer: hazelnutTitle; Unregistered shared key owned by inline renderer: hazelnutText; Unregistered shared key owned by inline renderer: tagCollection; Unregistered shared key owned by inline renderer: collectionTitle; Unregistered shared key owned by inline renderer: collectionText; Unregistered shared key owned by inline renderer: collectionBuy; Unregistered shared key owned by inline renderer: c1t; Unregistered shared key owned by inline renderer: c1p; Unregistered shared key owned by inline renderer: c2t; Unregistered shared key owned by inline renderer: c2p; Unregistered shared key owned by inline renderer: c3t; Unregistered shared key owned by inline renderer: c3p; Unregistered shared key owned by inline renderer: giftTitle; Unregistered shared key owned by inline renderer: gift; title EN: renderer overrides phrase dictionary; validate its own source; Unchanged text candidates include names, labels and renderer-owned content; semantic completeness not inferred"
/compras/,PASS,PASS,PASS,PASS,PASS,PASS,PASS,PASS,PASS,PASS,PASS,PASS,PASS,0,
/compras/barrashopping/,LIMITACIÓN DE ARQUITECTURA/PRUEBA,PASS,PASS,PASS,PASS,PASS,PASS,PASS,PASS,PASS,PASS,PASS,PASS,9,"Unchanged text candidates include names, labels and renderer-owned content; semantic completeness not inferred"
/compras/botafogo-praia-shopping/,LIMITACIÓN DE ARQUITECTURA/PRUEBA,PASS,PASS,PASS,PASS,PASS,PASS,PASS,PASS,PASS,PASS,PASS,PASS,7,"Unchanged text candidates include names, labels and renderer-owned content; semantic completeness not inferred"
/compras/cadeg/,LIMITACIÓN DE ARQUITECTURA/PRUEBA,PASS,PASS,PASS,PASS,PASS,PASS,PASS,PASS,PASS,PASS,PASS,PASS,0,Runtime exceptions with external requests intentionally blocked; assess separately
/compras/downtown/,LIMITACIÓN DE ARQUITECTURA/PRUEBA,PASS,PASS,PASS,PASS,PASS,PASS,PASS,PASS,PASS,PASS,PASS,PASS,6,"Unchanged text candidates include names, labels and renderer-owned content; semantic completeness not inferred"
/compras/fashion-mall/,LIMITACIÓN DE ARQUITECTURA/PRUEBA,PASS,PASS,PASS,PASS,PASS,PASS,PASS,PASS,PASS,PASS,PASS,PASS,6,"Unchanged text candidates include names, labels and renderer-owned content; semantic completeness not inferred"
/compras/feira-da-gloria/,LIMITACIÓN DE ARQUITECTURA/PRUEBA,PASS,PASS,PASS,PASS,PASS,PASS,PASS,PASS,PASS,PASS,PASS,PASS,0,Runtime exceptions with external requests intentionally blocked; assess separately
/compras/feira-da-providencia/,LIMITACIÓN DE ARQUITECTURA/PRUEBA,PASS,PASS,PASS,PASS,PASS,PASS,PASS,PASS,PASS,PASS,PASS,PASS,0,Runtime exceptions with external requests intentionally blocked; assess separately
/compras/feira-das-yabas/,LIMITACIÓN DE ARQUITECTURA/PRUEBA,PASS,PASS,PASS,PASS,PASS,PASS,PASS,PASS,PASS,PASS,PASS,PASS,3,"Unchanged text candidates include names, labels and renderer-owned content; semantic completeness not inferred"
/compras/feira-hippie-ipanema/,LIMITACIÓN DE ARQUITECTURA/PRUEBA,PASS,PASS,PASS,PASS,PASS,PASS,PASS,PASS,PASS,PASS,PASS,PASS,0,Runtime exceptions with external requests intentionally blocked; assess separately
/compras/feira-nocturna-copacabana/,LIMITACIÓN DE ARQUITECTURA/PRUEBA,PASS,PASS,PASS,PASS,PASS,PASS,PASS,PASS,PASS,PASS,PASS,PASS,6,"Unchanged text candidates include names, labels and renderer-owned content; semantic completeness not inferred; Runtime exceptions with external requests intentionally blocked; assess separately"
/compras/feira-noturna-copacabana/,LIMITACIÓN DE ARQUITECTURA/PRUEBA,PASS,PASS,PASS,PASS,PASS,PASS,PASS,PASS,PASS,PASS,PASS,PASS,2,"Unchanged text candidates include names, labels and renderer-owned content; semantic completeness not inferred"
/compras/feira-organica-gloria/,LIMITACIÓN DE ARQUITECTURA/PRUEBA,PASS,PASS,PASS,PASS,PASS,PASS,PASS,PASS,PASS,PASS,PASS,PASS,2,"Unchanged text candidates include names, labels and renderer-owned content; semantic completeness not inferred; Runtime exceptions with external requests intentionally blocked; assess separately"
/compras/feira-organica/,LIMITACIÓN DE ARQUITECTURA/PRUEBA,PASS,PASS,PASS,PASS,PASS,PASS,PASS,PASS,PASS,PASS,PASS,PASS,2,"Redirect alias; destination has a separate row; Unchanged text candidates include names, labels and renderer-owned content; semantic completeness not inferred; Runtime exceptions with external requests intentionally blocked; assess separately"
/compras/feira-sao-cristovao/,LIMITACIÓN DE ARQUITECTURA/PRUEBA,PASS,PASS,PASS,PASS,PASS,PASS,PASS,PASS,PASS,PASS,PASS,PASS,0,Runtime exceptions with external requests intentionally blocked; assess separately
/compras/ferias/,LIMITACIÓN DE ARQUITECTURA/PRUEBA,PASS,PASS,PASS,PASS,PASS,PASS,PASS,PASS,PASS,PASS,PASS,PASS,23,"Unchanged text candidates include names, labels and renderer-owned content; semantic completeness not inferred"
/compras/lavradio/,LIMITACIÓN DE ARQUITECTURA/PRUEBA,PASS,PASS,PASS,PASS,PASS,PASS,PASS,PASS,PASS,PASS,PASS,PASS,0,Runtime exceptions with external requests intentionally blocked; assess separately
/compras/mercadao-madureira/,LIMITACIÓN DE ARQUITECTURA/PRUEBA,PASS,PASS,PASS,PASS,PASS,PASS,PASS,PASS,PASS,PASS,PASS,PASS,1,"Unchanged text candidates include names, labels and renderer-owned content; semantic completeness not inferred"
/compras/mercado-sao-pedro/,LIMITACIÓN DE ARQUITECTURA/PRUEBA,PASS,PASS,PASS,PASS,PASS,PASS,PASS,PASS,PASS,PASS,PASS,PASS,0,Runtime exceptions with external requests intentionally blocked; assess separately
/compras/mercados-populares/,LIMITACIÓN DE ARQUITECTURA/PRUEBA,PASS,PASS,PASS,PASS,PASS,PASS,PASS,PASS,PASS,PASS,PASS,PASS,17,"Unchanged text candidates include names, labels and renderer-owned content; semantic completeness not inferred"
/compras/metropolitano-barra/,LIMITACIÓN DE ARQUITECTURA/PRUEBA,PASS,PASS,PASS,PASS,PASS,PASS,PASS,PASS,PASS,PASS,PASS,PASS,7,"Unchanged text candidates include names, labels and renderer-owned content; semantic completeness not inferred"
/compras/norte-shopping/,LIMITACIÓN DE ARQUITECTURA/PRUEBA,PASS,PASS,PASS,PASS,PASS,PASS,PASS,PASS,PASS,PASS,PASS,PASS,4,"Unchanged text candidates include names, labels and renderer-owned content; semantic completeness not inferred"
/compras/nova-america/,LIMITACIÓN DE ARQUITECTURA/PRUEBA,PASS,PASS,PASS,PASS,PASS,PASS,PASS,PASS,PASS,PASS,PASS,PASS,10,"Unchanged text candidates include names, labels and renderer-owned content; semantic completeness not inferred; Runtime exceptions with external requests intentionally blocked; assess separately"
/compras/parkjacarepagua/,LIMITACIÓN DE ARQUITECTURA/PRUEBA,PASS,PASS,PASS,PASS,PASS,PASS,PASS,PASS,PASS,PASS,PASS,PASS,5,"Unchanged text candidates include names, labels and renderer-owned content; semantic completeness not inferred"
/compras/praca-lido/,LIMITACIÓN DE ARQUITECTURA/PRUEBA,PASS,PASS,PASS,PASS,PASS,PASS,PASS,PASS,PASS,PASS,PASS,PASS,7,"Unchanged text candidates include names, labels and renderer-owned content; semantic completeness not inferred; Runtime exceptions with external requests intentionally blocked; assess separately"
/compras/praca-xv/,LIMITACIÓN DE ARQUITECTURA/PRUEBA,PASS,PASS,PASS,PASS,PASS,PASS,PASS,PASS,PASS,PASS,PASS,PASS,6,"Unchanged text candidates include names, labels and renderer-owned content; semantic completeness not inferred; Runtime exceptions with external requests intentionally blocked; assess separately"
/compras/rio-sul/,LIMITACIÓN DE ARQUITECTURA/PRUEBA,PASS,PASS,PASS,PASS,PASS,PASS,PASS,PASS,PASS,PASS,PASS,PASS,1,"Unchanged text candidates include names, labels and renderer-owned content; semantic completeness not inferred; Runtime exceptions with external requests intentionally blocked; assess separately"
/compras/saara/,LIMITACIÓN DE ARQUITECTURA/PRUEBA,PASS,PASS,PASS,PASS,PASS,PASS,PASS,PASS,PASS,PASS,PASS,PASS,0,Runtime exceptions with external requests intentionally blocked; assess separately
/compras/shopping-leblon/,LIMITACIÓN DE ARQUITECTURA/PRUEBA,PASS,PASS,PASS,PASS,PASS,PASS,PASS,PASS,PASS,PASS,PASS,PASS,6,"Unchanged text candidates include names, labels and renderer-owned content; semantic completeness not inferred"
/compras/shopping-tijuca/,LIMITACIÓN DE ARQUITECTURA/PRUEBA,PASS,PASS,PASS,PASS,PASS,PASS,PASS,PASS,PASS,PASS,PASS,PASS,1,"Unchanged text candidates include names, labels and renderer-owned content; semantic completeness not inferred"
/compras/shoppings/,LIMITACIÓN DE ARQUITECTURA/PRUEBA,PASS,PASS,PASS,PASS,PASS,PASS,PASS,PASS,PASS,PASS,PASS,PASS,34,"Unchanged text candidates include names, labels and renderer-owned content; semantic completeness not inferred"
/compras/uruguaiana/,PASS,PASS,PASS,PASS,PASS,PASS,PASS,PASS,PASS,PASS,PASS,PASS,PASS,0,
/compras/village-mall/,LIMITACIÓN DE ARQUITECTURA/PRUEBA,PASS,PASS,PASS,PASS,PASS,PASS,PASS,PASS,PASS,PASS,PASS,PASS,3,"Unchanged text candidates include names, labels and renderer-owned content; semantic completeness not inferred; Runtime exceptions with external requests intentionally blocked; assess separately"
/consejos/,LIMITACIÓN DE ARQUITECTURA/PRUEBA,PASS,PASS,PASS,PASS,PASS,PASS,PASS,PASS,PASS,PASS,PASS,PASS,2,"Unchanged text candidates include names, labels and renderer-owned content; semantic completeness not inferred"
/consejos/20-consejos/,LIMITACIÓN DE ARQUITECTURA/PRUEBA,PASS,PASS,PASS,PASS,PASS,PASS,PASS,PASS,PASS,PASS,PASS,PASS,2,"Unchanged text candidates include names, labels and renderer-owned content; semantic completeness not inferred"
/consejos/50-preguntas/,LIMITACIÓN DE ARQUITECTURA/PRUEBA,PASS,PASS,PASS,PASS,PASS,PASS,PASS,PASS,PASS,PASS,PASS,PASS,2,"Unchanged text candidates include names, labels and renderer-owned content; semantic completeness not inferred"
/consejos/electricidad-adaptadores/,LIMITACIÓN DE ARQUITECTURA/PRUEBA,PASS,PASS,PASS,PASS,PASS,PASS,PASS,PASS,PASS,PASS,PASS,PASS,3,"Unchanged text candidates include names, labels and renderer-owned content; semantic completeness not inferred"
/consejos/errores-rio/,LIMITACIÓN DE ARQUITECTURA/PRUEBA,PASS,PASS,PASS,PASS,PASS,PASS,PASS,PASS,PASS,PASS,PASS,PASS,2,"Unchanged text candidates include names, labels and renderer-owned content; semantic completeness not inferred"
/consejos/lluvia/,LIMITACIÓN DE ARQUITECTURA/PRUEBA,PASS,PASS,PASS,PASS,PASS,PASS,PASS,PASS,PASS,PASS,PASS,PASS,7,"Unchanged text candidates include names, labels and renderer-owned content; semantic completeness not inferred"
/consejos/maletas-rio/,LIMITACIÓN DE ARQUITECTURA/PRUEBA,PASS,PASS,PASS,PASS,PASS,PASS,PASS,PASS,PASS,PASS,PASS,PASS,2,"Unchanged text candidates include names, labels and renderer-owned content; semantic completeness not inferred"
/consejos/nadie-explica/,LIMITACIÓN DE ARQUITECTURA/PRUEBA,PASS,PASS,PASS,PASS,PASS,PASS,PASS,PASS,PASS,PASS,PASS,PASS,2,"Unchanged text candidates include names, labels and renderer-owned content; semantic completeness not inferred"
/consejos/perfiles-viajero/,LIMITACIÓN DE ARQUITECTURA/PRUEBA,PASS,PASS,PASS,PASS,PASS,PASS,PASS,PASS,PASS,PASS,PASS,PASS,2,"Unchanged text candidates include names, labels and renderer-owned content; semantic completeness not inferred"
/consejos/portugues/,LIMITACIÓN DE ARQUITECTURA/PRUEBA,PASS,PASS,PASS,PASS,PASS,PASS,PASS,PASS,PASS,PASS,PASS,PASS,2,"Unchanged text candidates include names, labels and renderer-owned content; semantic completeness not inferred"
/consejos/que-hacer-cada-dia/,LIMITACIÓN DE ARQUITECTURA/PRUEBA,PASS,PASS,PASS,PASS,PASS,PASS,PASS,PASS,PASS,PASS,PASS,PASS,2,"Unchanged text candidates include names, labels and renderer-owned content; semantic completeness not inferred"
/consejos/recorrido-zona-portuaria/,LIMITACIÓN DE ARQUITECTURA/PRUEBA,PASS,PASS,PASS,PASS,PASS,PASS,PASS,PASS,PASS,PASS,PASS,PASS,9,"Unchanged text candidates include names, labels and renderer-owned content; semantic completeness not inferred"
/consejos/revisar-alojamiento/,LIMITACIÓN DE ARQUITECTURA/PRUEBA,PASS,PASS,PASS,PASS,PASS,PASS,PASS,PASS,PASS,PASS,PASS,PASS,2,"Unchanged text candidates include names, labels and renderer-owned content; semantic completeness not inferred"
/consejos/rio-1-a-7-dias/,LIMITACIÓN DE ARQUITECTURA/PRUEBA,PASS,PASS,PASS,PASS,PASS,PASS,PASS,PASS,PASS,PASS,PASS,PASS,2,"Unchanged text candidates include names, labels and renderer-owned content; semantic completeness not inferred"
/consejos/rodizio/,LIMITACIÓN DE ARQUITECTURA/PRUEBA,PASS,PASS,PASS,PASS,PASS,PASS,PASS,PASS,PASS,PASS,PASS,PASS,2,"Unchanged text candidates include names, labels and renderer-owned content; semantic completeness not inferred"
/consejos/seguro-viaje/,LIMITACIÓN DE ARQUITECTURA/PRUEBA,PASS,PASS,PASS,PASS,PASS,PASS,PASS,PASS,PASS,PASS,PASS,PASS,2,"Unchanged text candidates include names, labels and renderer-owned content; semantic completeness not inferred"
/consejos/sol-calor/,LIMITACIÓN DE ARQUITECTURA/PRUEBA,PASS,PASS,PASS,PASS,PASS,PASS,PASS,PASS,PASS,PASS,PASS,PASS,11,"Unchanged text candidates include names, labels and renderer-owned content; semantic completeness not inferred"
/consejos/souvenirs/,LIMITACIÓN DE ARQUITECTURA/PRUEBA,PASS,PASS,PASS,PASS,PASS,PASS,PASS,PASS,PASS,PASS,PASS,PASS,2,"Unchanged text candidates include names, labels and renderer-owned content; semantic completeness not inferred"
/consejos/supermercados/,LIMITACIÓN DE ARQUITECTURA/PRUEBA,PASS,PASS,PASS,PASS,PASS,PASS,PASS,PASS,PASS,PASS,PASS,PASS,12,"title EN: renderer overrides phrase dictionary; validate its own source; description PT: renderer overrides phrase dictionary; validate its own source; description EN: renderer overrides phrase dictionary; validate its own source; og:title EN: renderer overrides phrase dictionary; validate its own source; og:description PT: renderer overrides phrase dictionary; validate its own source; og:description EN: renderer overrides phrase dictionary; validate its own source; Unchanged text candidates include names, labels and renderer-owned content; semantic completeness not inferred"
/consejos/trampas-turista/,LIMITACIÓN DE ARQUITECTURA/PRUEBA,PASS,PASS,PASS,PASS,PASS,PASS,PASS,PASS,PASS,PASS,PASS,PASS,2,"Unchanged text candidates include names, labels and renderer-owned content; semantic completeness not inferred"
/cultura/,LIMITACIÓN DE ARQUITECTURA/PRUEBA,PASS,PASS,PASS,PASS,PASS,PASS,PASS,PASS,PASS,PASS,PASS,PASS,2,"Unchanged text candidates include names, labels and renderer-owned content; semantic completeness not inferred"
/cultura/academia-brasileira-letras/,LIMITACIÓN DE ARQUITECTURA/PRUEBA,PASS,PASS,PASS,PASS,PASS,PASS,PASS,PASS,PASS,PASS,PASS,PASS,4,"Unchanged text candidates include names, labels and renderer-owned content; semantic completeness not inferred"
/cultura/acao-cidadania/,LIMITACIÓN DE ARQUITECTURA/PRUEBA,PASS,PASS,PASS,PASS,PASS,PASS,PASS,PASS,PASS,PASS,PASS,PASS,4,"Unchanged text candidates include names, labels and renderer-owned content; semantic completeness not inferred"
/cultura/acude/,LIMITACIÓN DE ARQUITECTURA/PRUEBA,PASS,PASS,PASS,PASS,PASS,PASS,PASS,PASS,PASS,PASS,PASS,PASS,4,"Unchanged text candidates include names, labels and renderer-owned content; semantic completeness not inferred"
/cultura/amanha/,LIMITACIÓN DE ARQUITECTURA/PRUEBA,PASS,PASS,PASS,PASS,PASS,PASS,PASS,PASS,PASS,PASS,PASS,PASS,4,"Unchanged text candidates include names, labels and renderer-owned content; semantic completeness not inferred"
/cultura/antiga-se/,LIMITACIÓN DE ARQUITECTURA/PRUEBA,PASS,PASS,PASS,PASS,PASS,PASS,PASS,PASS,PASS,PASS,PASS,PASS,4,"Unchanged text candidates include names, labels and renderer-owned content; semantic completeness not inferred"
/cultura/armando-gonzaga/,LIMITACIÓN DE ARQUITECTURA/PRUEBA,PASS,PASS,PASS,PASS,PASS,PASS,PASS,PASS,PASS,PASS,PASS,PASS,4,"Unchanged text candidates include names, labels and renderer-owned content; semantic completeness not inferred"
/cultura/arqueologia-itaipu/,LIMITACIÓN DE ARQUITECTURA/PRUEBA,PASS,PASS,PASS,PASS,PASS,PASS,PASS,PASS,PASS,PASS,PASS,PASS,4,"Unchanged text candidates include names, labels and renderer-owned content; semantic completeness not inferred"
/cultura/arthur-azevedo/,LIMITACIÓN DE ARQUITECTURA/PRUEBA,PASS,PASS,PASS,PASS,PASS,PASS,PASS,PASS,PASS,PASS,PASS,PASS,4,"Unchanged text candidates include names, labels and renderer-owned content; semantic completeness not inferred"
/cultura/benjamin-constant/,LIMITACIÓN DE ARQUITECTURA/PRUEBA,PASS,PASS,PASS,PASS,PASS,PASS,PASS,PASS,PASS,PASS,PASS,PASS,4,"Unchanged text candidates include names, labels and renderer-owned content; semantic completeness not inferred"
/cultura/bibliomaison/,LIMITACIÓN DE ARQUITECTURA/PRUEBA,PASS,PASS,PASS,PASS,PASS,PASS,PASS,PASS,PASS,PASS,PASS,PASS,3,"Unchanged text candidates include names, labels and renderer-owned content; semantic completeness not inferred"
/cultura/biblioteca-ccbb/,LIMITACIÓN DE ARQUITECTURA/PRUEBA,PASS,PASS,PASS,PASS,PASS,PASS,PASS,PASS,PASS,PASS,PASS,PASS,4,"Unchanged text candidates include names, labels and renderer-owned content; semantic completeness not inferred"
/cultura/biblioteca-ccjf/,LIMITACIÓN DE ARQUITECTURA/PRUEBA,PASS,PASS,PASS,PASS,PASS,PASS,PASS,PASS,PASS,PASS,PASS,PASS,4,"Unchanged text candidates include names, labels and renderer-owned content; semantic completeness not inferred"
/cultura/biblioteca-ims/,LIMITACIÓN DE ARQUITECTURA/PRUEBA,PASS,PASS,PASS,PASS,PASS,PASS,PASS,PASS,PASS,PASS,PASS,PASS,4,"Unchanged text candidates include names, labels and renderer-owned content; semantic completeness not inferred"
/cultura/biblioteca-mam/,LIMITACIÓN DE ARQUITECTURA/PRUEBA,PASS,PASS,PASS,PASS,PASS,PASS,PASS,PASS,PASS,PASS,PASS,PASS,4,"Unchanged text candidates include names, labels and renderer-owned content; semantic completeness not inferred"
/cultura/biblioteca-manguinhos/,LIMITACIÓN DE ARQUITECTURA/PRUEBA,PASS,PASS,PASS,PASS,PASS,PASS,PASS,PASS,PASS,PASS,PASS,PASS,4,"Unchanged text candidates include names, labels and renderer-owned content; semantic completeness not inferred"
/cultura/biblioteca-nacional/,LIMITACIÓN DE ARQUITECTURA/PRUEBA,PASS,PASS,PASS,PASS,PASS,PASS,PASS,PASS,PASS,PASS,PASS,PASS,4,"Unchanged text candidates include names, labels and renderer-owned content; semantic completeness not inferred"
/cultura/biblioteca-parque-estadual/,LIMITACIÓN DE ARQUITECTURA/PRUEBA,PASS,PASS,PASS,PASS,PASS,PASS,PASS,PASS,PASS,PASS,PASS,PASS,4,"Unchanged text candidates include names, labels and renderer-owned content; semantic completeness not inferred"
/cultura/biblioteca-rocinha/,LIMITACIÓN DE ARQUITECTURA/PRUEBA,PASS,PASS,PASS,PASS,PASS,PASS,PASS,PASS,PASS,PASS,PASS,PASS,4,"Unchanged text candidates include names, labels and renderer-owned content; semantic completeness not inferred"
/cultura/bibliotecas/,LIMITACIÓN DE ARQUITECTURA/PRUEBA,PASS,PASS,PASS,PASS,PASS,PASS,PASS,PASS,PASS,PASS,PASS,PASS,19,"Unchanged text candidates include names, labels and renderer-owned content; semantic completeness not inferred"
/cultura/bonsucesso/,LIMITACIÓN DE ARQUITECTURA/PRUEBA,PASS,PASS,PASS,PASS,PASS,PASS,PASS,PASS,PASS,PASS,PASS,PASS,4,"Unchanged text candidates include names, labels and renderer-owned content; semantic completeness not inferred"
/cultura/cacilda-becker/,LIMITACIÓN DE ARQUITECTURA/PRUEBA,PASS,PASS,PASS,PASS,PASS,PASS,PASS,PASS,PASS,PASS,PASS,PASS,4,"Unchanged text candidates include names, labels and renderer-owned content; semantic completeness not inferred"
/cultura/caixa-cultural/,LIMITACIÓN DE ARQUITECTURA/PRUEBA,PASS,PASS,PASS,PASS,PASS,PASS,PASS,PASS,PASS,PASS,PASS,PASS,4,"Unchanged text candidates include names, labels and renderer-owned content; semantic completeness not inferred"
/cultura/candelaria/,LIMITACIÓN DE ARQUITECTURA/PRUEBA,PASS,PASS,PASS,PASS,PASS,PASS,PASS,PASS,PASS,PASS,PASS,PASS,4,"Unchanged text candidates include names, labels and renderer-owned content; semantic completeness not inferred"
/cultura/capela-mayrink/,LIMITACIÓN DE ARQUITECTURA/PRUEBA,PASS,PASS,PASS,PASS,PASS,PASS,PASS,PASS,PASS,PASS,PASS,PASS,4,"Unchanged text candidates include names, labels and renderer-owned content; semantic completeness not inferred"
/cultura/capuchinhos/,LIMITACIÓN DE ARQUITECTURA/PRUEBA,PASS,PASS,PASS,PASS,PASS,PASS,PASS,PASS,PASS,PASS,PASS,PASS,4,"Unchanged text candidates include names, labels and renderer-owned content; semantic completeness not inferred"
/cultura/carlos-gomes/,LIMITACIÓN DE ARQUITECTURA/PRUEBA,PASS,PASS,PASS,PASS,PASS,PASS,PASS,PASS,PASS,PASS,PASS,PASS,4,"Unchanged text candidates include names, labels and renderer-owned content; semantic completeness not inferred"
/cultura/casa-da-leitura/,LIMITACIÓN DE ARQUITECTURA/PRUEBA,PASS,PASS,PASS,PASS,PASS,PASS,PASS,PASS,PASS,PASS,PASS,PASS,4,"Unchanged text candidates include names, labels and renderer-owned content; semantic completeness not inferred"
/cultura/casa-deodoro/,LIMITACIÓN DE ARQUITECTURA/PRUEBA,PASS,PASS,PASS,PASS,PASS,PASS,PASS,PASS,PASS,PASS,PASS,PASS,4,"Unchanged text candidates include names, labels and renderer-owned content; semantic completeness not inferred"
/cultura/casa-franca/,LIMITACIÓN DE ARQUITECTURA/PRUEBA,PASS,PASS,PASS,PASS,PASS,PASS,PASS,PASS,PASS,PASS,PASS,PASS,4,"Unchanged text candidates include names, labels and renderer-owned content; semantic completeness not inferred"
/cultura/casa-rui-barbosa/,LIMITACIÓN DE ARQUITECTURA/PRUEBA,PASS,PASS,PASS,PASS,PASS,PASS,PASS,PASS,PASS,PASS,PASS,PASS,4,"Unchanged text candidates include names, labels and renderer-owned content; semantic completeness not inferred"
/cultura/catedral-metropolitana/,LIMITACIÓN DE ARQUITECTURA/PRUEBA,PASS,PASS,PASS,PASS,PASS,PASS,PASS,PASS,PASS,PASS,PASS,PASS,4,"Unchanged text candidates include names, labels and renderer-owned content; semantic completeness not inferred"
/cultura/ccbb/,LIMITACIÓN DE ARQUITECTURA/PRUEBA,PASS,PASS,PASS,PASS,PASS,PASS,PASS,PASS,PASS,PASS,PASS,PASS,4,"Unchanged text candidates include names, labels and renderer-owned content; semantic completeness not inferred"
/cultura/ccjf/,LIMITACIÓN DE ARQUITECTURA/PRUEBA,PASS,PASS,PASS,PASS,PASS,PASS,PASS,PASS,PASS,PASS,PASS,PASS,4,"Unchanged text candidates include names, labels and renderer-owned content; semantic completeness not inferred"
/cultura/centros-culturales/,LIMITACIÓN DE ARQUITECTURA/PRUEBA,PASS,PASS,PASS,PASS,PASS,PASS,PASS,PASS,PASS,PASS,PASS,PASS,17,"Unchanged text candidates include names, labels and renderer-owned content; semantic completeness not inferred"
/cultura/chacara-ceu/,LIMITACIÓN DE ARQUITECTURA/PRUEBA,PASS,PASS,PASS,PASS,PASS,PASS,PASS,PASS,PASS,PASS,PASS,PASS,4,"Unchanged text candidates include names, labels and renderer-owned content; semantic completeness not inferred"
/cultura/conceicao-boa-morte/,LIMITACIÓN DE ARQUITECTURA/PRUEBA,PASS,PASS,PASS,PASS,PASS,PASS,PASS,PASS,PASS,PASS,PASS,PASS,4,"Unchanged text candidates include names, labels and renderer-owned content; semantic completeness not inferred"
/cultura/copacabana/,LIMITACIÓN DE ARQUITECTURA/PRUEBA,PASS,PASS,PASS,PASS,PASS,PASS,PASS,PASS,PASS,PASS,PASS,PASS,4,"Unchanged text candidates include names, labels and renderer-owned content; semantic completeness not inferred"
/cultura/correios/,LIMITACIÓN DE ARQUITECTURA/PRUEBA,PASS,PASS,PASS,PASS,PASS,PASS,PASS,PASS,PASS,PASS,PASS,PASS,4,"Unchanged text candidates include names, labels and renderer-owned content; semantic completeness not inferred"
/cultura/dulcina/,LIMITACIÓN DE ARQUITECTURA/PRUEBA,PASS,PASS,PASS,PASS,PASS,PASS,PASS,PASS,PASS,PASS,PASS,PASS,4,"Unchanged text candidates include names, labels and renderer-owned content; semantic completeness not inferred"
/cultura/ecovilla/,LIMITACIÓN DE ARQUITECTURA/PRUEBA,PASS,PASS,PASS,PASS,PASS,PASS,PASS,PASS,PASS,PASS,PASS,PASS,4,"Unchanged text candidates include names, labels and renderer-owned content; semantic completeness not inferred"
/cultura/espaco-bndes/,LIMITACIÓN DE ARQUITECTURA/PRUEBA,PASS,PASS,PASS,PASS,PASS,PASS,PASS,PASS,PASS,PASS,PASS,PASS,4,"Unchanged text candidates include names, labels and renderer-owned content; semantic completeness not inferred"
/cultura/espaco-marinha/,LIMITACIÓN DE ARQUITECTURA/PRUEBA,PASS,PASS,PASS,PASS,PASS,PASS,PASS,PASS,PASS,PASS,PASS,PASS,3,"Unchanged text candidates include names, labels and renderer-owned content; semantic completeness not inferred"
/cultura/fatima-recreio/,LIMITACIÓN DE ARQUITECTURA/PRUEBA,PASS,PASS,PASS,PASS,PASS,PASS,PASS,PASS,PASS,PASS,PASS,PASS,4,"Unchanged text candidates include names, labels and renderer-owned content; semantic completeness not inferred"
/cultura/fernanda-montenegro/,LIMITACIÓN DE ARQUITECTURA/PRUEBA,PASS,PASS,PASS,PASS,PASS,PASS,PASS,PASS,PASS,PASS,PASS,PASS,4,"Unchanged text candidates include names, labels and renderer-owned content; semantic completeness not inferred"
/cultura/folclore-edison-carneiro/,LIMITACIÓN DE ARQUITECTURA/PRUEBA,PASS,PASS,PASS,PASS,PASS,PASS,PASS,PASS,PASS,PASS,PASS,PASS,4,"Unchanged text candidates include names, labels and renderer-owned content; semantic completeness not inferred"
/cultura/fortaleza-conceicao/,LIMITACIÓN DE ARQUITECTURA/PRUEBA,PASS,PASS,PASS,PASS,PASS,PASS,PASS,PASS,PASS,PASS,PASS,PASS,4,"Unchanged text candidates include names, labels and renderer-owned content; semantic completeness not inferred"
/cultura/fortaleza-sao-joao/,LIMITACIÓN DE ARQUITECTURA/PRUEBA,PASS,PASS,PASS,PASS,PASS,PASS,PASS,PASS,PASS,PASS,PASS,PASS,4,"Unchanged text candidates include names, labels and renderer-owned content; semantic completeness not inferred"
/cultura/forte-barao-rio-branco/,LIMITACIÓN DE ARQUITECTURA/PRUEBA,PASS,PASS,PASS,PASS,PASS,PASS,PASS,PASS,PASS,PASS,PASS,PASS,5,"Unchanged text candidates include names, labels and renderer-owned content; semantic completeness not inferred"
/cultura/forte-copacabana/,LIMITACIÓN DE ARQUITECTURA/PRUEBA,PASS,PASS,PASS,PASS,PASS,PASS,PASS,PASS,PASS,PASS,PASS,PASS,4,"Unchanged text candidates include names, labels and renderer-owned content; semantic completeness not inferred"
/cultura/forte-duque-caxias/,LIMITACIÓN DE ARQUITECTURA/PRUEBA,PASS,PASS,PASS,PASS,PASS,PASS,PASS,PASS,PASS,PASS,PASS,PASS,4,"Unchanged text candidates include names, labels and renderer-owned content; semantic completeness not inferred"
/cultura/forte-gragoata/,LIMITACIÓN DE ARQUITECTURA/PRUEBA,PASS,PASS,PASS,PASS,PASS,PASS,PASS,PASS,PASS,PASS,PASS,PASS,5,"Unchanged text candidates include names, labels and renderer-owned content; semantic completeness not inferred"
/cultura/forte-imbui/,LIMITACIÓN DE ARQUITECTURA/PRUEBA,PASS,PASS,PASS,PASS,PASS,PASS,PASS,PASS,PASS,PASS,PASS,PASS,5,"Unchanged text candidates include names, labels and renderer-owned content; semantic completeness not inferred"
/cultura/forte-laje/,LIMITACIÓN DE ARQUITECTURA/PRUEBA,PASS,PASS,PASS,PASS,PASS,PASS,PASS,PASS,PASS,PASS,PASS,PASS,3,"Unchanged text candidates include names, labels and renderer-owned content; semantic completeness not inferred"
/cultura/forte-pico/,LIMITACIÓN DE ARQUITECTURA/PRUEBA,PASS,PASS,PASS,PASS,PASS,PASS,PASS,PASS,PASS,PASS,PASS,PASS,4,"Unchanged text candidates include names, labels and renderer-owned content; semantic completeness not inferred"
/cultura/forte-sao-luiz/,LIMITACIÓN DE ARQUITECTURA/PRUEBA,PASS,PASS,PASS,PASS,PASS,PASS,PASS,PASS,PASS,PASS,PASS,PASS,4,"Unchanged text candidates include names, labels and renderer-owned content; semantic completeness not inferred"
/cultura/fuertes/,LIMITACIÓN DE ARQUITECTURA/PRUEBA,PASS,PASS,PASS,PASS,PASS,PASS,PASS,PASS,PASS,PASS,PASS,PASS,13,"Unchanged text candidates include names, labels and renderer-owned content; semantic completeness not inferred"
/cultura/glauce-rocha/,LIMITACIÓN DE ARQUITECTURA/PRUEBA,PASS,PASS,PASS,PASS,PASS,PASS,PASS,PASS,PASS,PASS,PASS,PASS,4,"Unchanged text candidates include names, labels and renderer-owned content; semantic completeness not inferred"
/cultura/gloria-outeiro/,LIMITACIÓN DE ARQUITECTURA/PRUEBA,PASS,PASS,PASS,PASS,PASS,PASS,PASS,PASS,PASS,PASS,PASS,PASS,4,"Unchanged text candidates include names, labels and renderer-owned content; semantic completeness not inferred"
/cultura/helio-oiticica/,LIMITACIÓN DE ARQUITECTURA/PRUEBA,PASS,PASS,PASS,PASS,PASS,PASS,PASS,PASS,PASS,PASS,PASS,PASS,4,"Unchanged text candidates include names, labels and renderer-owned content; semantic completeness not inferred"
/cultura/iglesias/,LIMITACIÓN DE ARQUITECTURA/PRUEBA,PASS,PASS,PASS,PASS,PASS,PASS,PASS,PASS,PASS,PASS,PASS,PASS,32,"Unchanged text candidates include names, labels and renderer-owned content; semantic completeness not inferred"
/cultura/ihgb/,LIMITACIÓN DE ARQUITECTURA/PRUEBA,PASS,PASS,PASS,PASS,PASS,PASS,PASS,PASS,PASS,PASS,PASS,PASS,4,"Unchanged text candidates include names, labels and renderer-owned content; semantic completeness not inferred"
/cultura/imperator/,LIMITACIÓN DE ARQUITECTURA/PRUEBA,PASS,PASS,PASS,PASS,PASS,PASS,PASS,PASS,PASS,PASS,PASS,PASS,4,"Unchanged text candidates include names, labels and renderer-owned content; semantic completeness not inferred"
/cultura/joao-caetano/,LIMITACIÓN DE ARQUITECTURA/PRUEBA,PASS,PASS,PASS,PASS,PASS,PASS,PASS,PASS,PASS,PASS,PASS,PASS,4,"Unchanged text candidates include names, labels and renderer-owned content; semantic completeness not inferred"
/cultura/jose-bonifacio/,LIMITACIÓN DE ARQUITECTURA/PRUEBA,PASS,PASS,PASS,PASS,PASS,PASS,PASS,PASS,PASS,PASS,PASS,PASS,4,"Unchanged text candidates include names, labels and renderer-owned content; semantic completeness not inferred"
/cultura/lampadosa/,LIMITACIÓN DE ARQUITECTURA/PRUEBA,PASS,PASS,PASS,PASS,PASS,PASS,PASS,PASS,PASS,PASS,PASS,PASS,4,"Unchanged text candidates include names, labels and renderer-owned content; semantic completeness not inferred"
/cultura/lapa-mercadores/,LIMITACIÓN DE ARQUITECTURA/PRUEBA,PASS,PASS,PASS,PASS,PASS,PASS,PASS,PASS,PASS,PASS,PASS,PASS,4,"Unchanged text candidates include names, labels and renderer-owned content; semantic completeness not inferred"
/cultura/laura-alvim/,LIMITACIÓN DE ARQUITECTURA/PRUEBA,PASS,PASS,PASS,PASS,PASS,PASS,PASS,PASS,PASS,PASS,PASS,PASS,4,"Unchanged text candidates include names, labels and renderer-owned content; semantic completeness not inferred"
/cultura/leonardo-da-vinci/,LIMITACIÓN DE ARQUITECTURA/PRUEBA,PASS,PASS,PASS,PASS,PASS,PASS,PASS,PASS,PASS,PASS,PASS,PASS,3,"Unchanged text candidates include names, labels and renderer-owned content; semantic completeness not inferred"
/cultura/livraria-argumento/,LIMITACIÓN DE ARQUITECTURA/PRUEBA,PASS,PASS,PASS,PASS,PASS,PASS,PASS,PASS,PASS,PASS,PASS,PASS,4,"Unchanged text candidates include names, labels and renderer-owned content; semantic completeness not inferred"
/cultura/maas/,LIMITACIÓN DE ARQUITECTURA/PRUEBA,PASS,PASS,PASS,PASS,PASS,PASS,PASS,PASS,PASS,PASS,PASS,PASS,3,"Unchanged text candidates include names, labels and renderer-owned content; semantic completeness not inferred"
/cultura/mac-niteroi/,LIMITACIÓN DE ARQUITECTURA/PRUEBA,PASS,PASS,PASS,PASS,PASS,PASS,PASS,PASS,PASS,PASS,PASS,PASS,4,"Unchanged text candidates include names, labels and renderer-owned content; semantic completeness not inferred"
/cultura/maison-france/,LIMITACIÓN DE ARQUITECTURA/PRUEBA,PASS,PASS,PASS,PASS,PASS,PASS,PASS,PASS,PASS,PASS,PASS,PASS,4,"Unchanged text candidates include names, labels and renderer-owned content; semantic completeness not inferred"
/cultura/mam-rio/,LIMITACIÓN DE ARQUITECTURA/PRUEBA,PASS,PASS,PASS,PASS,PASS,PASS,PASS,PASS,PASS,PASS,PASS,PASS,4,"Unchanged text candidates include names, labels and renderer-owned content; semantic completeness not inferred"
/cultura/mar/,LIMITACIÓN DE ARQUITECTURA/PRUEBA,PASS,PASS,PASS,PASS,PASS,PASS,PASS,PASS,PASS,PASS,PASS,PASS,4,"Unchanged text candidates include names, labels and renderer-owned content; semantic completeness not inferred"
/cultura/mast/,LIMITACIÓN DE ARQUITECTURA/PRUEBA,PASS,PASS,PASS,PASS,PASS,PASS,PASS,PASS,PASS,PASS,PASS,PASS,4,"Unchanged text candidates include names, labels and renderer-owned content; semantic completeness not inferred"
/cultura/mhn/,LIMITACIÓN DE ARQUITECTURA/PRUEBA,PASS,PASS,PASS,PASS,PASS,PASS,PASS,PASS,PASS,PASS,PASS,PASS,4,"Unchanged text candidates include names, labels and renderer-owned content; semantic completeness not inferred"
/cultura/midiateca-crab/,LIMITACIÓN DE ARQUITECTURA/PRUEBA,PASS,PASS,PASS,PASS,PASS,PASS,PASS,PASS,PASS,PASS,PASS,PASS,4,"Unchanged text candidates include names, labels and renderer-owned content; semantic completeness not inferred"
/cultura/miguel-falabella/,LIMITACIÓN DE ARQUITECTURA/PRUEBA,PASS,PASS,PASS,PASS,PASS,PASS,PASS,PASS,PASS,PASS,PASS,PASS,4,"Unchanged text candidates include names, labels and renderer-owned content; semantic completeness not inferred"
/cultura/mnba/,LIMITACIÓN DE ARQUITECTURA/PRUEBA,PASS,PASS,PASS,PASS,PASS,PASS,PASS,PASS,PASS,PASS,PASS,PASS,4,"Unchanged text candidates include names, labels and renderer-owned content; semantic completeness not inferred"
/cultura/mosteiro-sao-bento/,LIMITACIÓN DE ARQUITECTURA/PRUEBA,PASS,PASS,PASS,PASS,PASS,PASS,PASS,PASS,PASS,PASS,PASS,PASS,4,"Unchanged text candidates include names, labels and renderer-owned content; semantic completeness not inferred"
/cultura/muhcab/,LIMITACIÓN DE ARQUITECTURA/PRUEBA,PASS,PASS,PASS,PASS,PASS,PASS,PASS,PASS,PASS,PASS,PASS,PASS,4,"Unchanged text candidates include names, labels and renderer-owned content; semantic completeness not inferred"
/cultura/musal/,LIMITACIÓN DE ARQUITECTURA/PRUEBA,PASS,PASS,PASS,PASS,PASS,PASS,PASS,PASS,PASS,PASS,PASS,PASS,4,"Unchanged text candidates include names, labels and renderer-owned content; semantic completeness not inferred"
/cultura/museos/,LIMITACIÓN DE ARQUITECTURA/PRUEBA,PASS,PASS,PASS,PASS,PASS,PASS,PASS,PASS,PASS,PASS,PASS,PASS,30,"Unchanged text candidates include names, labels and renderer-owned content; semantic completeness not inferred"
/cultura/museu-flamengo/,LIMITACIÓN DE ARQUITECTURA/PRUEBA,PASS,PASS,PASS,PASS,PASS,PASS,PASS,PASS,PASS,PASS,PASS,PASS,4,"Unchanged text candidates include names, labels and renderer-owned content; semantic completeness not inferred"
/cultura/museu-historico-cidade/,LIMITACIÓN DE ARQUITECTURA/PRUEBA,PASS,PASS,PASS,PASS,PASS,PASS,PASS,PASS,PASS,PASS,PASS,PASS,4,"Unchanged text candidates include names, labels and renderer-owned content; semantic completeness not inferred"
/cultura/museu-light/,LIMITACIÓN DE ARQUITECTURA/PRUEBA,PASS,PASS,PASS,PASS,PASS,PASS,PASS,PASS,PASS,PASS,PASS,PASS,4,"Unchanged text candidates include names, labels and renderer-owned content; semantic completeness not inferred"
/cultura/museu-nacional-ufrj/,LIMITACIÓN DE ARQUITECTURA/PRUEBA,PASS,PASS,PASS,PASS,PASS,PASS,PASS,PASS,PASS,PASS,PASS,PASS,4,"Unchanged text candidates include names, labels and renderer-owned content; semantic completeness not inferred"
/cultura/museu-pontal/,LIMITACIÓN DE ARQUITECTURA/PRUEBA,PASS,PASS,PASS,PASS,PASS,PASS,PASS,PASS,PASS,PASS,PASS,PASS,4,"Unchanged text candidates include names, labels and renderer-owned content; semantic completeness not inferred"
/cultura/museu-republica/,LIMITACIÓN DE ARQUITECTURA/PRUEBA,PASS,PASS,PASS,PASS,PASS,PASS,PASS,PASS,PASS,PASS,PASS,PASS,4,"Unchanged text candidates include names, labels and renderer-owned content; semantic completeness not inferred"
/cultura/museu-samba/,LIMITACIÓN DE ARQUITECTURA/PRUEBA,PASS,PASS,PASS,PASS,PASS,PASS,PASS,PASS,PASS,PASS,PASS,PASS,4,"Unchanged text candidates include names, labels and renderer-owned content; semantic completeness not inferred"
/cultura/museu-vida-fiocruz/,LIMITACIÓN DE ARQUITECTURA/PRUEBA,PASS,PASS,PASS,PASS,PASS,PASS,PASS,PASS,PASS,PASS,PASS,PASS,4,"Unchanged text candidates include names, labels and renderer-owned content; semantic completeness not inferred"
/cultura/naval/,LIMITACIÓN DE ARQUITECTURA/PRUEBA,PASS,PASS,PASS,PASS,PASS,PASS,PASS,PASS,PASS,PASS,PASS,PASS,4,"Unchanged text candidates include names, labels and renderer-owned content; semantic completeness not inferred"
/cultura/nossa-senhora-brasil/,LIMITACIÓN DE ARQUITECTURA/PRUEBA,PASS,PASS,PASS,PASS,PASS,PASS,PASS,PASS,PASS,PASS,PASS,PASS,3,"Unchanged text candidates include names, labels and renderer-owned content; semantic completeness not inferred"
/cultura/nossa-senhora-paz/,LIMITACIÓN DE ARQUITECTURA/PRUEBA,PASS,PASS,PASS,PASS,PASS,PASS,PASS,PASS,PASS,PASS,PASS,PASS,4,"Unchanged text candidates include names, labels and renderer-owned content; semantic completeness not inferred"
/cultura/nossa-senhora-penna/,LIMITACIÓN DE ARQUITECTURA/PRUEBA,PASS,PASS,PASS,PASS,PASS,PASS,PASS,PASS,PASS,PASS,PASS,PASS,4,"Unchanged text candidates include names, labels and renderer-owned content; semantic completeness not inferred"
/cultura/nossa-senhora-saude/,LIMITACIÓN DE ARQUITECTURA/PRUEBA,PASS,PASS,PASS,PASS,PASS,PASS,PASS,PASS,PASS,PASS,PASS,PASS,4,"Unchanged text candidates include names, labels and renderer-owned content; semantic completeness not inferred"
/cultura/observatorio-valongo/,LIMITACIÓN DE ARQUITECTURA/PRUEBA,PASS,PASS,PASS,PASS,PASS,PASS,PASS,PASS,PASS,PASS,PASS,PASS,4,"Unchanged text candidates include names, labels and renderer-owned content; semantic completeness not inferred"
/cultura/ordem-terceira-carmo/,LIMITACIÓN DE ARQUITECTURA/PRUEBA,PASS,PASS,PASS,PASS,PASS,PASS,PASS,PASS,PASS,PASS,PASS,PASS,4,"Unchanged text candidates include names, labels and renderer-owned content; semantic completeness not inferred"
/cultura/paco-imperial/,LIMITACIÓN DE ARQUITECTURA/PRUEBA,PASS,PASS,PASS,PASS,PASS,PASS,PASS,PASS,PASS,PASS,PASS,PASS,4,"Unchanged text candidates include names, labels and renderer-owned content; semantic completeness not inferred"
/cultura/penha/,LIMITACIÓN DE ARQUITECTURA/PRUEBA,PASS,PASS,PASS,PASS,PASS,PASS,PASS,PASS,PASS,PASS,PASS,PASS,4,"Unchanged text candidates include names, labels and renderer-owned content; semantic completeness not inferred"
/cultura/povos-indigenas/,LIMITACIÓN DE ARQUITECTURA/PRUEBA,PASS,PASS,PASS,PASS,PASS,PASS,PASS,PASS,PASS,PASS,PASS,PASS,4,"Unchanged text candidates include names, labels and renderer-owned content; semantic completeness not inferred"
/cultura/pretos-novos/,LIMITACIÓN DE ARQUITECTURA/PRUEBA,PASS,PASS,PASS,PASS,PASS,PASS,PASS,PASS,PASS,PASS,PASS,PASS,4,"Unchanged text candidates include names, labels and renderer-owned content; semantic completeness not inferred"
/cultura/real-gabinete/,LIMITACIÓN DE ARQUITECTURA/PRUEBA,PASS,PASS,PASS,PASS,PASS,PASS,PASS,PASS,PASS,PASS,PASS,PASS,3,"Unchanged text candidates include names, labels and renderer-owned content; semantic completeness not inferred"
/cultura/riachuelo-rio/,LIMITACIÓN DE ARQUITECTURA/PRUEBA,PASS,PASS,PASS,PASS,PASS,PASS,PASS,PASS,PASS,PASS,PASS,PASS,4,"Unchanged text candidates include names, labels and renderer-owned content; semantic completeness not inferred"
/cultura/rival-petrobras/,LIMITACIÓN DE ARQUITECTURA/PRUEBA,PASS,PASS,PASS,PASS,PASS,PASS,PASS,PASS,PASS,PASS,PASS,PASS,4,"Unchanged text candidates include names, labels and renderer-owned content; semantic completeness not inferred"
/cultura/rosario-pretos/,LIMITACIÓN DE ARQUITECTURA/PRUEBA,PASS,PASS,PASS,PASS,PASS,PASS,PASS,PASS,PASS,PASS,PASS,PASS,4,"Unchanged text candidates include names, labels and renderer-owned content; semantic completeness not inferred"
/cultura/sala-cecilia/,LIMITACIÓN DE ARQUITECTURA/PRUEBA,PASS,PASS,PASS,PASS,PASS,PASS,PASS,PASS,PASS,PASS,PASS,PASS,4,"Unchanged text candidates include names, labels and renderer-owned content; semantic completeness not inferred"
/cultura/santa-cruz-barra/,LIMITACIÓN DE ARQUITECTURA/PRUEBA,PASS,PASS,PASS,PASS,PASS,PASS,PASS,PASS,PASS,PASS,PASS,PASS,5,"Unchanged text candidates include names, labels and renderer-owned content; semantic completeness not inferred"
/cultura/santa-cruz-militares/,LIMITACIÓN DE ARQUITECTURA/PRUEBA,PASS,PASS,PASS,PASS,PASS,PASS,PASS,PASS,PASS,PASS,PASS,PASS,4,"Unchanged text candidates include names, labels and renderer-owned content; semantic completeness not inferred"
/cultura/santa-luzia/,LIMITACIÓN DE ARQUITECTURA/PRUEBA,PASS,PASS,PASS,PASS,PASS,PASS,PASS,PASS,PASS,PASS,PASS,PASS,4,"Unchanged text candidates include names, labels and renderer-owned content; semantic completeness not inferred"
/cultura/santa-margarida/,LIMITACIÓN DE ARQUITECTURA/PRUEBA,PASS,PASS,PASS,PASS,PASS,PASS,PASS,PASS,PASS,PASS,PASS,PASS,4,"Unchanged text candidates include names, labels and renderer-owned content; semantic completeness not inferred"
/cultura/santa-rita/,LIMITACIÓN DE ARQUITECTURA/PRUEBA,PASS,PASS,PASS,PASS,PASS,PASS,PASS,PASS,PASS,PASS,PASS,PASS,4,"Unchanged text candidates include names, labels and renderer-owned content; semantic completeness not inferred"
/cultura/santo-antonio/,LIMITACIÓN DE ARQUITECTURA/PRUEBA,PASS,PASS,PASS,PASS,PASS,PASS,PASS,PASS,PASS,PASS,PASS,PASS,4,"Unchanged text candidates include names, labels and renderer-owned content; semantic completeness not inferred"
/cultura/sao-francisco-paula/,LIMITACIÓN DE ARQUITECTURA/PRUEBA,PASS,PASS,PASS,PASS,PASS,PASS,PASS,PASS,PASS,PASS,PASS,PASS,4,"Unchanged text candidates include names, labels and renderer-owned content; semantic completeness not inferred"
/cultura/sao-francisco-penitencia/,LIMITACIÓN DE ARQUITECTURA/PRUEBA,PASS,PASS,PASS,PASS,PASS,PASS,PASS,PASS,PASS,PASS,PASS,PASS,4,"Unchanged text candidates include names, labels and renderer-owned content; semantic completeness not inferred"
/cultura/sao-francisco-prainha/,LIMITACIÓN DE ARQUITECTURA/PRUEBA,PASS,PASS,PASS,PASS,PASS,PASS,PASS,PASS,PASS,PASS,PASS,PASS,4,"Unchanged text candidates include names, labels and renderer-owned content; semantic completeness not inferred"
/cultura/sao-jose-lagoa/,LIMITACIÓN DE ARQUITECTURA/PRUEBA,PASS,PASS,PASS,PASS,PASS,PASS,PASS,PASS,PASS,PASS,PASS,PASS,4,"Unchanged text candidates include names, labels and renderer-owned content; semantic completeness not inferred"
/cultura/sao-judas/,LIMITACIÓN DE ARQUITECTURA/PRUEBA,PASS,PASS,PASS,PASS,PASS,PASS,PASS,PASS,PASS,PASS,PASS,PASS,4,"Unchanged text candidates include names, labels and renderer-owned content; semantic completeness not inferred"
/cultura/sbba/,LIMITACIÓN DE ARQUITECTURA/PRUEBA,PASS,PASS,PASS,PASS,PASS,PASS,PASS,PASS,PASS,PASS,PASS,PASS,4,"Unchanged text candidates include names, labels and renderer-owned content; semantic completeness not inferred"
/cultura/sesc-ginastico/,LIMITACIÓN DE ARQUITECTURA/PRUEBA,PASS,PASS,PASS,PASS,PASS,PASS,PASS,PASS,PASS,PASS,PASS,PASS,4,"Unchanged text candidates include names, labels and renderer-owned content; semantic completeness not inferred"
/cultura/sesc-tijuca/,LIMITACIÓN DE ARQUITECTURA/PRUEBA,PASS,PASS,PASS,PASS,PASS,PASS,PASS,PASS,PASS,PASS,PASS,PASS,4,"Unchanged text candidates include names, labels and renderer-owned content; semantic completeness not inferred"
/cultura/teatro-dos-quatro/,LIMITACIÓN DE ARQUITECTURA/PRUEBA,PASS,PASS,PASS,PASS,PASS,PASS,PASS,PASS,PASS,PASS,PASS,PASS,4,"Unchanged text candidates include names, labels and renderer-owned content; semantic completeness not inferred"
/cultura/teatro-ipanema/,LIMITACIÓN DE ARQUITECTURA/PRUEBA,PASS,PASS,PASS,PASS,PASS,PASS,PASS,PASS,PASS,PASS,PASS,PASS,4,"Unchanged text candidates include names, labels and renderer-owned content; semantic completeness not inferred"
/cultura/teatro-multiplan/,LIMITACIÓN DE ARQUITECTURA/PRUEBA,PASS,PASS,PASS,PASS,PASS,PASS,PASS,PASS,PASS,PASS,PASS,PASS,4,"Unchanged text candidates include names, labels and renderer-owned content; semantic completeness not inferred"
/cultura/teatros/,LIMITACIÓN DE ARQUITECTURA/PRUEBA,PASS,PASS,PASS,PASS,PASS,PASS,PASS,PASS,PASS,PASS,PASS,PASS,24,"Unchanged text candidates include names, labels and renderer-owned content; semantic completeness not inferred"
/cultura/theatro-municipal/,LIMITACIÓN DE ARQUITECTURA/PRUEBA,PASS,PASS,PASS,PASS,PASS,PASS,PASS,PASS,PASS,PASS,PASS,PASS,4,"Unchanged text candidates include names, labels and renderer-owned content; semantic completeness not inferred"
/cultura/travessa-ipanema/,LIMITACIÓN DE ARQUITECTURA/PRUEBA,PASS,PASS,PASS,PASS,PASS,PASS,PASS,PASS,PASS,PASS,PASS,PASS,4,"Unchanged text candidates include names, labels and renderer-owned content; semantic completeness not inferred"
/cultura/villa-lobos/,LIMITACIÓN DE ARQUITECTURA/PRUEBA,PASS,PASS,PASS,PASS,PASS,PASS,PASS,PASS,PASS,PASS,PASS,PASS,4,"Unchanged text candidates include names, labels and renderer-owned content; semantic completeness not inferred"
/cultura/ziembinski/,LIMITACIÓN DE ARQUITECTURA/PRUEBA,PASS,PASS,PASS,PASS,PASS,PASS,PASS,PASS,PASS,PASS,PASS,PASS,4,"Unchanged text candidates include names, labels and renderer-owned content; semantic completeness not inferred"
/eventos/,LIMITACIÓN DE ARQUITECTURA/PRUEBA,PASS,PASS,PASS,PASS,PASS,PASS,PASS,PASS,PASS,PASS,PASS,PASS,0,Runtime exceptions with external requests intentionally blocked; assess separately
/experiencias/,LIMITACIÓN DE ARQUITECTURA/PRUEBA,PASS,PASS,PASS,PASS,PASS,PASS,PASS,PASS,PASS,PASS,PASS,PASS,2,"Unchanged text candidates include names, labels and renderer-owned content; semantic completeness not inferred"
/experiencias/ala-delta/,LIMITACIÓN DE ARQUITECTURA/PRUEBA,PASS,PASS,PASS,PASS,PASS,PASS,PASS,PASS,PASS,PASS,PASS,PASS,2,"Unchanged text candidates include names, labels and renderer-owned content; semantic completeness not inferred"
/experiencias/angra-ilha-grande/,LIMITACIÓN DE ARQUITECTURA/PRUEBA,PASS,PASS,PASS,PASS,PASS,PASS,PASS,PASS,PASS,PASS,PASS,PASS,2,"Unchanged text candidates include names, labels and renderer-owned content; semantic completeness not inferred"
/experiencias/aquario-boulevard/,LIMITACIÓN DE ARQUITECTURA/PRUEBA,PASS,PASS,PASS,PASS,PASS,PASS,PASS,PASS,PASS,PASS,PASS,PASS,2,"Unchanged text candidates include names, labels and renderer-owned content; semantic completeness not inferred"
/experiencias/arraial-do-cabo/,LIMITACIÓN DE ARQUITECTURA/PRUEBA,PASS,PASS,PASS,PASS,PASS,PASS,PASS,PASS,PASS,PASS,PASS,PASS,2,"Unchanged text candidates include names, labels and renderer-owned content; semantic completeness not inferred"
/experiencias/bioparque/,LIMITACIÓN DE ARQUITECTURA/PRUEBA,PASS,PASS,PASS,PASS,PASS,PASS,PASS,PASS,PASS,PASS,PASS,PASS,2,"Unchanged text candidates include names, labels and renderer-owned content; semantic completeness not inferred"
/experiencias/buzios/,LIMITACIÓN DE ARQUITECTURA/PRUEBA,PASS,PASS,PASS,PASS,PASS,PASS,PASS,PASS,PASS,PASS,PASS,PASS,2,"Unchanged text candidates include names, labels and renderer-owned content; semantic completeness not inferred"
/experiencias/carnaval-experience/,LIMITACIÓN DE ARQUITECTURA/PRUEBA,PASS,PASS,PASS,PASS,PASS,PASS,PASS,PASS,PASS,PASS,PASS,PASS,2,"Unchanged text candidates include names, labels and renderer-owned content; semantic completeness not inferred"
/experiencias/cristo-city-tour/,LIMITACIÓN DE ARQUITECTURA/PRUEBA,PASS,PASS,PASS,PASS,PASS,PASS,PASS,PASS,PASS,PASS,PASS,PASS,2,"Unchanged text candidates include names, labels and renderer-owned content; semantic completeness not inferred"
/experiencias/full-day-rio/,LIMITACIÓN DE ARQUITECTURA/PRUEBA,PASS,PASS,PASS,PASS,PASS,PASS,PASS,PASS,PASS,PASS,PASS,PASS,2,"Unchanged text candidates include names, labels and renderer-owned content; semantic completeness not inferred"
/experiencias/helicoptero/,LIMITACIÓN DE ARQUITECTURA/PRUEBA,PASS,PASS,PASS,PASS,PASS,PASS,PASS,PASS,PASS,PASS,PASS,PASS,2,"Unchanged text candidates include names, labels and renderer-owned content; semantic completeness not inferred"
/experiencias/lancha-privada/,LIMITACIÓN DE ARQUITECTURA/PRUEBA,PASS,PASS,PASS,PASS,PASS,PASS,PASS,PASS,PASS,PASS,PASS,PASS,8,"Unchanged text candidates include names, labels and renderer-owned content; semantic completeness not inferred"
/experiencias/maracana-experience/,LIMITACIÓN DE ARQUITECTURA/PRUEBA,PASS,PASS,PASS,PASS,PASS,PASS,PASS,PASS,PASS,PASS,PASS,PASS,2,"Unchanged text candidates include names, labels and renderer-owned content; semantic completeness not inferred"
/experiencias/morro-dois-irmaos/,LIMITACIÓN DE ARQUITECTURA/PRUEBA,PASS,PASS,PASS,PASS,PASS,PASS,PASS,PASS,PASS,PASS,PASS,PASS,2,"Unchanged text candidates include names, labels and renderer-owned content; semantic completeness not inferred"
/experiencias/paracaidas/,LIMITACIÓN DE ARQUITECTURA/PRUEBA,PASS,PASS,PASS,PASS,PASS,PASS,PASS,PASS,PASS,PASS,PASS,PASS,2,"Unchanged text candidates include names, labels and renderer-owned content; semantic completeness not inferred"
/experiencias/parasail/,LIMITACIÓN DE ARQUITECTURA/PRUEBA,PASS,PASS,PASS,PASS,PASS,PASS,PASS,PASS,PASS,PASS,PASS,PASS,2,"Unchanged text candidates include names, labels and renderer-owned content; semantic completeness not inferred"
/experiencias/partido-maracana/,LIMITACIÓN DE ARQUITECTURA/PRUEBA,PASS,PASS,PASS,PASS,PASS,PASS,PASS,PASS,PASS,PASS,PASS,PASS,2,"Unchanged text candidates include names, labels and renderer-owned content; semantic completeness not inferred"
/experiencias/pedra-bonita/,LIMITACIÓN DE ARQUITECTURA/PRUEBA,PASS,PASS,PASS,PASS,PASS,PASS,PASS,PASS,PASS,PASS,PASS,PASS,2,"Unchanged text candidates include names, labels and renderer-owned content; semantic completeness not inferred"
/experiencias/pedra-telegrafo/,LIMITACIÓN DE ARQUITECTURA/PRUEBA,PASS,PASS,PASS,PASS,PASS,PASS,PASS,PASS,PASS,PASS,PASS,PASS,2,"Unchanged text candidates include names, labels and renderer-owned content; semantic completeness not inferred"
/experiencias/pequena-africa/,LIMITACIÓN DE ARQUITECTURA/PRUEBA,PASS,PASS,PASS,PASS,PASS,PASS,PASS,PASS,PASS,PASS,PASS,PASS,2,"Unchanged text candidates include names, labels and renderer-owned content; semantic completeness not inferred"
/experiencias/rio-samba-bus/,LIMITACIÓN DE ARQUITECTURA/PRUEBA,PASS,PASS,PASS,PASS,PASS,PASS,PASS,PASS,PASS,PASS,PASS,PASS,2,"Unchanged text candidates include names, labels and renderer-owned content; semantic completeness not inferred"
/experiencias/rocinha/,LIMITACIÓN DE ARQUITECTURA/PRUEBA,PASS,PASS,PASS,PASS,PASS,PASS,PASS,PASS,PASS,PASS,PASS,PASS,2,"Unchanged text candidates include names, labels and renderer-owned content; semantic completeness not inferred"
/experiencias/santa-marta/,LIMITACIÓN DE ARQUITECTURA/PRUEBA,PASS,PASS,PASS,PASS,PASS,PASS,PASS,PASS,PASS,PASS,PASS,PASS,2,"Unchanged text candidates include names, labels and renderer-owned content; semantic completeness not inferred"
/experiencias/vidigal/,LIMITACIÓN DE ARQUITECTURA/PRUEBA,PASS,PASS,PASS,PASS,PASS,PASS,PASS,PASS,PASS,PASS,PASS,PASS,2,"Unchanged text candidates include names, labels and renderer-owned content; semantic completeness not inferred"
/experiencias/vuelo-en-parapente/,LIMITACIÓN DE ARQUITECTURA/PRUEBA,PASS,PASS,PASS,PASS,PASS,PASS,PASS,PASS,PASS,PASS,PASS,PASS,2,"Unchanged text candidates include names, labels and renderer-owned content; semantic completeness not inferred"
/familia/,LIMITACIÓN DE ARQUITECTURA/PRUEBA,PASS,PASS,PASS,PASS,PASS,PASS,PASS,PASS,PASS,PASS,PASS,PASS,13,"Unchanged text candidates include names, labels and renderer-owned content; semantic completeness not inferred"
/familia/aquario/,LIMITACIÓN DE ARQUITECTURA/PRUEBA,PASS,PASS,PASS,PASS,PASS,PASS,PASS,PASS,PASS,PASS,PASS,PASS,13,"Unchanged text candidates include names, labels and renderer-owned content; semantic completeness not inferred"
/familia/aterro-do-flamengo/,LIMITACIÓN DE ARQUITECTURA/PRUEBA,PASS,PASS,PASS,PASS,PASS,PASS,PASS,PASS,PASS,PASS,PASS,PASS,13,"Unchanged text candidates include names, labels and renderer-owned content; semantic completeness not inferred"
/familia/barra-bowling-grill/,LIMITACIÓN DE ARQUITECTURA/PRUEBA,PASS,PASS,PASS,PASS,PASS,PASS,PASS,PASS,PASS,PASS,PASS,PASS,13,"Unchanged text candidates include names, labels and renderer-owned content; semantic completeness not inferred"
/familia/bioparque/,LIMITACIÓN DE ARQUITECTURA/PRUEBA,PASS,PASS,PASS,PASS,PASS,PASS,PASS,PASS,PASS,PASS,PASS,PASS,14,"Unchanged text candidates include names, labels and renderer-owned content; semantic completeness not inferred"
/familia/bosque-da-barra/,LIMITACIÓN DE ARQUITECTURA/PRUEBA,PASS,PASS,PASS,PASS,PASS,PASS,PASS,PASS,PASS,PASS,PASS,PASS,14,"Unchanged text candidates include names, labels and renderer-owned content; semantic completeness not inferred"
/familia/carnaval-experience/,LIMITACIÓN DE ARQUITECTURA/PRUEBA,PASS,PASS,PASS,PASS,PASS,PASS,PASS,PASS,PASS,PASS,PASS,PASS,13,"Unchanged text candidates include names, labels and renderer-owned content; semantic completeness not inferred"
/familia/escape-60-copacabana/,LIMITACIÓN DE ARQUITECTURA/PRUEBA,PASS,PASS,PASS,PASS,PASS,PASS,PASS,PASS,PASS,PASS,PASS,PASS,14,"Unchanged text candidates include names, labels and renderer-owned content; semantic completeness not inferred"
/familia/feira-sao-cristovao/,LIMITACIÓN DE ARQUITECTURA/PRUEBA,PASS,PASS,PASS,PASS,PASS,PASS,PASS,PASS,PASS,PASS,PASS,PASS,13,"Unchanged text candidates include names, labels and renderer-owned content; semantic completeness not inferred"
/familia/hotzone-barrashopping/,LIMITACIÓN DE ARQUITECTURA/PRUEBA,PASS,PASS,PASS,PASS,PASS,PASS,PASS,PASS,PASS,PASS,PASS,PASS,14,"Unchanged text candidates include names, labels and renderer-owned content; semantic completeness not inferred"
/familia/ilha-fiscal/,LIMITACIÓN DE ARQUITECTURA/PRUEBA,PASS,PASS,PASS,PASS,PASS,PASS,PASS,PASS,PASS,PASS,PASS,PASS,13,"Unchanged text candidates include names, labels and renderer-owned content; semantic completeness not inferred"
/familia/jardim-botanico/,LIMITACIÓN DE ARQUITECTURA/PRUEBA,PASS,PASS,PASS,PASS,PASS,PASS,PASS,PASS,PASS,PASS,PASS,PASS,14,"Unchanged text candidates include names, labels and renderer-owned content; semantic completeness not inferred"
/familia/jardines-palacio-do-catete/,LIMITACIÓN DE ARQUITECTURA/PRUEBA,PASS,PASS,PASS,PASS,PASS,PASS,PASS,PASS,PASS,PASS,PASS,PASS,13,"Unchanged text candidates include names, labels and renderer-owned content; semantic completeness not inferred"
/familia/lagoa-rodrigo-de-freitas/,LIMITACIÓN DE ARQUITECTURA/PRUEBA,PASS,PASS,PASS,PASS,PASS,PASS,PASS,PASS,PASS,PASS,PASS,PASS,13,"Unchanged text candidates include names, labels and renderer-owned content; semantic completeness not inferred"
/familia/lluvia/,LIMITACIÓN DE ARQUITECTURA/PRUEBA,PASS,PASS,PASS,PASS,PASS,PASS,PASS,PASS,PASS,PASS,PASS,PASS,2,"Unchanged text candidates include names, labels and renderer-owned content; semantic completeness not inferred"
/familia/maracana-tour/,LIMITACIÓN DE ARQUITECTURA/PRUEBA,PASS,PASS,PASS,PASS,PASS,PASS,PASS,PASS,PASS,PASS,PASS,PASS,13,"Unchanged text candidates include names, labels and renderer-owned content; semantic completeness not inferred"
/familia/meta-kart-indoor/,LIMITACIÓN DE ARQUITECTURA/PRUEBA,PASS,PASS,PASS,PASS,PASS,PASS,PASS,PASS,PASS,PASS,PASS,PASS,14,"Unchanged text candidates include names, labels and renderer-owned content; semantic completeness not inferred"
/familia/parque-da-catacumba/,LIMITACIÓN DE ARQUITECTURA/PRUEBA,PASS,PASS,PASS,PASS,PASS,PASS,PASS,PASS,PASS,PASS,PASS,PASS,14,"Unchanged text candidates include names, labels and renderer-owned content; semantic completeness not inferred"
/familia/parque-lage/,LIMITACIÓN DE ARQUITECTURA/PRUEBA,PASS,PASS,PASS,PASS,PASS,PASS,PASS,PASS,PASS,PASS,PASS,PASS,14,"Unchanged text candidates include names, labels and renderer-owned content; semantic completeness not inferred"
/familia/parques/,LIMITACIÓN DE ARQUITECTURA/PRUEBA,PASS,PASS,PASS,PASS,PASS,PASS,PASS,PASS,PASS,PASS,PASS,PASS,2,"Unchanged text candidates include names, labels and renderer-owned content; semantic completeness not inferred"
/familia/pista-claudio-coutinho/,LIMITACIÓN DE ARQUITECTURA/PRUEBA,PASS,PASS,PASS,PASS,PASS,PASS,PASS,PASS,PASS,PASS,PASS,PASS,14,"Unchanged text candidates include names, labels and renderer-owned content; semantic completeness not inferred"
/familia/planetario/,LIMITACIÓN DE ARQUITECTURA/PRUEBA,PASS,PASS,PASS,PASS,PASS,PASS,PASS,PASS,PASS,PASS,PASS,PASS,14,"Unchanged text candidates include names, labels and renderer-owned content; semantic completeness not inferred"
/familia/playas/,LIMITACIÓN DE ARQUITECTURA/PRUEBA,PASS,PASS,PASS,PASS,PASS,PASS,PASS,PASS,PASS,PASS,PASS,PASS,2,"Unchanged text candidates include names, labels and renderer-owned content; semantic completeness not inferred"
/familia/sitio-roberto-burle-marx/,LIMITACIÓN DE ARQUITECTURA/PRUEBA,PASS,PASS,PASS,PASS,PASS,PASS,PASS,PASS,PASS,PASS,PASS,PASS,13,"Unchanged text candidates include names, labels and renderer-owned content; semantic completeness not inferred"
/familia/yup-star/,LIMITACIÓN DE ARQUITECTURA/PRUEBA,PASS,PASS,PASS,PASS,PASS,PASS,PASS,PASS,PASS,PASS,PASS,PASS,14,"Unchanged text candidates include names, labels and renderer-owned content; semantic completeness not inferred"
/fotografia/,LIMITACIÓN DE ARQUITECTURA/PRUEBA,PASS,PASS,PASS,PASS,PASS,PASS,PASS,PASS,PASS,PASS,PASS,PASS,2,"Unchanged text candidates include names, labels and renderer-owned content; semantic completeness not inferred"
/gastronomia/,LIMITACIÓN DE ARQUITECTURA/PRUEBA,PASS,PASS,PASS,PASS,PASS,PASS,PASS,PASS,PASS,PASS,PASS,PASS,212,"Unchanged text candidates include names, labels and renderer-owned content; semantic completeness not inferred"
/gastronomia/aconchego-carioca/,LIMITACIÓN DE ARQUITECTURA/PRUEBA,PASS,PASS,PASS,PASS,PASS,PASS,PASS,PASS,PASS,PASS,PASS,PASS,26,"Unchanged text candidates include names, labels and renderer-owned content; semantic completeness not inferred"
/gastronomia/adega-da-velha/,LIMITACIÓN DE ARQUITECTURA/PRUEBA,PASS,PASS,PASS,PASS,PASS,PASS,PASS,PASS,PASS,PASS,PASS,PASS,14,"title: unchanged without phrase entry; may be proper name or renderer-owned; og:title: unchanged without phrase entry; may be proper name or renderer-owned; Unchanged text candidates include names, labels and renderer-owned content; semantic completeness not inferred"
/gastronomia/adega-perola/,LIMITACIÓN DE ARQUITECTURA/PRUEBA,PASS,PASS,PASS,PASS,PASS,PASS,PASS,PASS,PASS,PASS,PASS,PASS,25,"Unchanged text candidates include names, labels and renderer-owned content; semantic completeness not inferred"
/gastronomia/aipo-aipim-391/,LIMITACIÓN DE ARQUITECTURA/PRUEBA,PASS,PASS,PASS,PASS,PASS,PASS,PASS,PASS,PASS,PASS,PASS,PASS,21,"Unchanged text candidates include names, labels and renderer-owned content; semantic completeness not inferred"
/gastronomia/aipo-aipim-605/,LIMITACIÓN DE ARQUITECTURA/PRUEBA,PASS,PASS,PASS,PASS,PASS,PASS,PASS,PASS,PASS,PASS,PASS,PASS,21,"Unchanged text candidates include names, labels and renderer-owned content; semantic completeness not inferred"
/gastronomia/aipo-aipim-920/,LIMITACIÓN DE ARQUITECTURA/PRUEBA,PASS,PASS,PASS,PASS,PASS,PASS,PASS,PASS,PASS,PASS,PASS,PASS,21,"Unchanged text candidates include names, labels and renderer-owned content; semantic completeness not inferred"
/gastronomia/alfaia/,LIMITACIÓN DE ARQUITECTURA/PRUEBA,PASS,PASS,PASS,PASS,PASS,PASS,PASS,PASS,PASS,PASS,PASS,PASS,25,"Unchanged text candidates include names, labels and renderer-owned content; semantic completeness not inferred"
/gastronomia/alloro/,LIMITACIÓN DE ARQUITECTURA/PRUEBA,PASS,PASS,PASS,PASS,PASS,PASS,PASS,PASS,PASS,PASS,PASS,PASS,26,"Unchanged text candidates include names, labels and renderer-owned content; semantic completeness not inferred"
/gastronomia/amendoeira/,LIMITACIÓN DE ARQUITECTURA/PRUEBA,PASS,PASS,PASS,PASS,PASS,PASS,PASS,PASS,PASS,PASS,PASS,PASS,32,"Unchanged text candidates include names, labels and renderer-owned content; semantic completeness not inferred; Runtime exceptions with external requests intentionally blocked; assess separately"
/gastronomia/amir/,LIMITACIÓN DE ARQUITECTURA/PRUEBA,PASS,PASS,PASS,PASS,PASS,PASS,PASS,PASS,PASS,PASS,PASS,PASS,25,"Unchanged text candidates include names, labels and renderer-owned content; semantic completeness not inferred"
/gastronomia/angu-do-gomes/,LIMITACIÓN DE ARQUITECTURA/PRUEBA,PASS,PASS,PASS,PASS,PASS,PASS,PASS,PASS,PASS,PASS,PASS,PASS,27,"og:title: unchanged without phrase entry; may be proper name or renderer-owned; Unchanged text candidates include names, labels and renderer-owned content; semantic completeness not inferred"
/gastronomia/aprazivel/,LIMITACIÓN DE ARQUITECTURA/PRUEBA,PASS,PASS,PASS,PASS,PASS,PASS,PASS,PASS,PASS,PASS,PASS,PASS,27,"title PT: renderer overrides phrase dictionary; validate its own source; title EN: renderer overrides phrase dictionary; validate its own source; Unchanged text candidates include names, labels and renderer-owned content; semantic completeness not inferred"
/gastronomia/arab-leblon/,LIMITACIÓN DE ARQUITECTURA/PRUEBA,PASS,PASS,PASS,PASS,PASS,PASS,PASS,PASS,PASS,PASS,PASS,PASS,27,"Unchanged text candidates include names, labels and renderer-owned content; semantic completeness not inferred"
/gastronomia/armazem-sao-thiago/,LIMITACIÓN DE ARQUITECTURA/PRUEBA,PASS,PASS,PASS,PASS,PASS,PASS,PASS,PASS,PASS,PASS,PASS,PASS,26,"Unchanged text candidates include names, labels and renderer-owned content; semantic completeness not inferred"
/gastronomia/arp-bar/,LIMITACIÓN DE ARQUITECTURA/PRUEBA,PASS,PASS,PASS,PASS,PASS,PASS,PASS,PASS,PASS,PASS,PASS,PASS,28,"Unchanged text candidates include names, labels and renderer-owned content; semantic completeness not inferred"
/gastronomia/assador/,LIMITACIÓN DE ARQUITECTURA/PRUEBA,PASS,PASS,PASS,PASS,PASS,PASS,PASS,PASS,PASS,PASS,PASS,PASS,26,"Unchanged text candidates include names, labels and renderer-owned content; semantic completeness not inferred"
/gastronomia/babbo-osteria/,LIMITACIÓN DE ARQUITECTURA/PRUEBA,PASS,PASS,PASS,PASS,PASS,PASS,PASS,PASS,PASS,PASS,PASS,PASS,24,"Unchanged text candidates include names, labels and renderer-owned content; semantic completeness not inferred"
/gastronomia/bafo-da-prainha/,LIMITACIÓN DE ARQUITECTURA/PRUEBA,PASS,PASS,PASS,PASS,PASS,PASS,PASS,PASS,PASS,PASS,PASS,PASS,24,"title: unchanged without phrase entry; may be proper name or renderer-owned; og:title: unchanged without phrase entry; may be proper name or renderer-owned; Unchanged text candidates include names, labels and renderer-owned content; semantic completeness not inferred"
/gastronomia/bar-da-frente/,LIMITACIÓN DE ARQUITECTURA/PRUEBA,PASS,PASS,PASS,PASS,PASS,PASS,PASS,PASS,PASS,PASS,PASS,PASS,25,"Unchanged text candidates include names, labels and renderer-owned content; semantic completeness not inferred"
/gastronomia/bar-da-gema/,LIMITACIÓN DE ARQUITECTURA/PRUEBA,PASS,PASS,PASS,PASS,PASS,PASS,PASS,PASS,PASS,PASS,PASS,PASS,24,"Unchanged text candidates include names, labels and renderer-owned content; semantic completeness not inferred"
/gastronomia/bar-da-portuguesa/,LIMITACIÓN DE ARQUITECTURA/PRUEBA,PASS,PASS,PASS,PASS,PASS,PASS,PASS,PASS,PASS,PASS,PASS,PASS,24,"Unchanged text candidates include names, labels and renderer-owned content; semantic completeness not inferred"
/gastronomia/bar-do-mineiro/,LIMITACIÓN DE ARQUITECTURA/PRUEBA,PASS,PASS,PASS,PASS,PASS,PASS,PASS,PASS,PASS,PASS,PASS,PASS,24,"Unchanged text candidates include names, labels and renderer-owned content; semantic completeness not inferred"
/gastronomia/bar-do-momo/,LIMITACIÓN DE ARQUITECTURA/PRUEBA,PASS,PASS,PASS,PASS,PASS,PASS,PASS,PASS,PASS,PASS,PASS,PASS,25,"og:title: unchanged without phrase entry; may be proper name or renderer-owned; Unchanged text candidates include names, labels and renderer-owned content; semantic completeness not inferred"
/gastronomia/bar-do-omar/,LIMITACIÓN DE ARQUITECTURA/PRUEBA,PASS,PASS,PASS,PASS,PASS,PASS,PASS,PASS,PASS,PASS,PASS,PASS,27,"Unchanged text candidates include names, labels and renderer-owned content; semantic completeness not inferred"
/gastronomia/bar-luiz/,LIMITACIÓN DE ARQUITECTURA/PRUEBA,PASS,PASS,PASS,PASS,PASS,PASS,PASS,PASS,PASS,PASS,PASS,PASS,26,"og:title: unchanged without phrase entry; may be proper name or renderer-owned; Unchanged text candidates include names, labels and renderer-owned content; semantic completeness not inferred"
/gastronomia/bar-madrid/,LIMITACIÓN DE ARQUITECTURA/PRUEBA,PASS,PASS,PASS,PASS,PASS,PASS,PASS,PASS,PASS,PASS,PASS,PASS,24,"Unchanged text candidates include names, labels and renderer-owned content; semantic completeness not inferred"
/gastronomia/bar-urca/,LIMITACIÓN DE ARQUITECTURA/PRUEBA,PASS,PASS,PASS,PASS,PASS,PASS,PASS,PASS,PASS,PASS,PASS,PASS,28,"Unchanged text candidates include names, labels and renderer-owned content; semantic completeness not inferred"
/gastronomia/basha/,LIMITACIÓN DE ARQUITECTURA/PRUEBA,PASS,PASS,PASS,PASS,PASS,PASS,PASS,PASS,PASS,PASS,PASS,PASS,19,"title PT: renderer overrides phrase dictionary; validate its own source; title EN: renderer overrides phrase dictionary; validate its own source; Unchanged text candidates include names, labels and renderer-owned content; semantic completeness not inferred"
/gastronomia/bb-lanches/,LIMITACIÓN DE ARQUITECTURA/PRUEBA,PASS,PASS,PASS,PASS,PASS,PASS,PASS,PASS,PASS,PASS,PASS,PASS,14,"title: unchanged without phrase entry; may be proper name or renderer-owned; og:title: unchanged without phrase entry; may be proper name or renderer-owned; Unchanged text candidates include names, labels and renderer-owned content; semantic completeness not inferred"
/gastronomia/belmonte-copa/,LIMITACIÓN DE ARQUITECTURA/PRUEBA,PASS,PASS,PASS,PASS,PASS,PASS,PASS,PASS,PASS,PASS,PASS,PASS,26,"Unchanged text candidates include names, labels and renderer-owned content; semantic completeness not inferred; Runtime exceptions with external requests intentionally blocked; assess separately"
/gastronomia/belmonte-ipanema/,LIMITACIÓN DE ARQUITECTURA/PRUEBA,PASS,PASS,PASS,PASS,PASS,PASS,PASS,PASS,PASS,PASS,PASS,PASS,21,"Unchanged text candidates include names, labels and renderer-owned content; semantic completeness not inferred"
/gastronomia/bira-de-guaratiba/,LIMITACIÓN DE ARQUITECTURA/PRUEBA,PASS,PASS,PASS,PASS,PASS,PASS,PASS,PASS,PASS,PASS,PASS,PASS,27,"Unchanged text candidates include names, labels and renderer-owned content; semantic completeness not inferred"
/gastronomia/boa-praca-ipanema/,LIMITACIÓN DE ARQUITECTURA/PRUEBA,PASS,PASS,PASS,PASS,PASS,PASS,PASS,PASS,PASS,PASS,PASS,PASS,26,"Unchanged text candidates include names, labels and renderer-owned content; semantic completeness not inferred"
/gastronomia/bracarense/,LIMITACIÓN DE ARQUITECTURA/PRUEBA,PASS,PASS,PASS,PASS,PASS,PASS,PASS,PASS,PASS,PASS,PASS,PASS,27,"Unchanged text candidates include names, labels and renderer-owned content; semantic completeness not inferred"
/gastronomia/brota/,LIMITACIÓN DE ARQUITECTURA/PRUEBA,PASS,PASS,PASS,PASS,PASS,PASS,PASS,PASS,PASS,PASS,PASS,PASS,25,"Unchanged text candidates include names, labels and renderer-owned content; semantic completeness not inferred"
/gastronomia/cabanna/,LIMITACIÓN DE ARQUITECTURA/PRUEBA,PASS,PASS,PASS,PASS,PASS,PASS,PASS,PASS,PASS,PASS,PASS,PASS,25,"Unchanged text candidates include names, labels and renderer-owned content; semantic completeness not inferred; Runtime exceptions with external requests intentionally blocked; assess separately"
/gastronomia/cachambeer/,LIMITACIÓN DE ARQUITECTURA/PRUEBA,PASS,PASS,PASS,PASS,PASS,PASS,PASS,PASS,PASS,PASS,PASS,PASS,26,"og:title: unchanged without phrase entry; may be proper name or renderer-owned; Unchanged text candidates include names, labels and renderer-owned content; semantic completeness not inferred"
/gastronomia/cafe-do-alto/,LIMITACIÓN DE ARQUITECTURA/PRUEBA,PASS,PASS,PASS,PASS,PASS,PASS,PASS,PASS,PASS,PASS,PASS,PASS,25,"Unchanged text candidates include names, labels and renderer-owned content; semantic completeness not inferred"
/gastronomia/cafe-lamas/,LIMITACIÓN DE ARQUITECTURA/PRUEBA,PASS,PASS,PASS,PASS,PASS,PASS,PASS,PASS,PASS,PASS,PASS,PASS,23,"title: unchanged without phrase entry; may be proper name or renderer-owned; og:title: unchanged without phrase entry; may be proper name or renderer-owned; Unchanged text candidates include names, labels and renderer-owned content; semantic completeness not inferred"
/gastronomia/cais-do-oriente/,LIMITACIÓN DE ARQUITECTURA/PRUEBA,PASS,PASS,PASS,PASS,PASS,PASS,PASS,PASS,PASS,PASS,PASS,PASS,26,"og:title: unchanged without phrase entry; may be proper name or renderer-owned; Unchanged text candidates include names, labels and renderer-owned content; semantic completeness not inferred"
/gastronomia/cantinho-legal-tia-penha/,LIMITACIÓN DE ARQUITECTURA/PRUEBA,PASS,PASS,PASS,PASS,PASS,PASS,PASS,PASS,PASS,PASS,PASS,PASS,24,"Unchanged text candidates include names, labels and renderer-owned content; semantic completeness not inferred"
/gastronomia/canton/,LIMITACIÓN DE ARQUITECTURA/PRUEBA,PASS,PASS,PASS,PASS,PASS,PASS,PASS,PASS,PASS,PASS,PASS,PASS,28,"title EN: renderer overrides phrase dictionary; validate its own source; Unchanged text candidates include names, labels and renderer-owned content; semantic completeness not inferred"
/gastronomia/carretao-ipanema/,LIMITACIÓN DE ARQUITECTURA/PRUEBA,PASS,PASS,PASS,PASS,PASS,PASS,PASS,PASS,PASS,PASS,PASS,PASS,21,"Unchanged text candidates include names, labels and renderer-owned content; semantic completeness not inferred"
/gastronomia/carretao-lido/,LIMITACIÓN DE ARQUITECTURA/PRUEBA,PASS,PASS,PASS,PASS,PASS,PASS,PASS,PASS,PASS,PASS,PASS,PASS,27,"Unchanged text candidates include names, labels and renderer-owned content; semantic completeness not inferred"
/gastronomia/carretao-siqueira/,LIMITACIÓN DE ARQUITECTURA/PRUEBA,PASS,PASS,PASS,PASS,PASS,PASS,PASS,PASS,PASS,PASS,PASS,PASS,21,"Unchanged text candidates include names, labels and renderer-owned content; semantic completeness not inferred"
/gastronomia/casa-201/,LIMITACIÓN DE ARQUITECTURA/PRUEBA,PASS,PASS,PASS,PASS,PASS,PASS,PASS,PASS,PASS,PASS,PASS,PASS,22,"Unchanged text candidates include names, labels and renderer-owned content; semantic completeness not inferred"
/gastronomia/casa-cave/,LIMITACIÓN DE ARQUITECTURA/PRUEBA,PASS,PASS,PASS,PASS,PASS,PASS,PASS,PASS,PASS,PASS,PASS,PASS,25,"Unchanged text candidates include names, labels and renderer-owned content; semantic completeness not inferred"
/gastronomia/casa-do-sardo/,LIMITACIÓN DE ARQUITECTURA/PRUEBA,PASS,PASS,PASS,PASS,PASS,PASS,PASS,PASS,PASS,PASS,PASS,PASS,24,"Unchanged text candidates include names, labels and renderer-owned content; semantic completeness not inferred"
/gastronomia/casa-feijoada/,LIMITACIÓN DE ARQUITECTURA/PRUEBA,PASS,PASS,PASS,PASS,PASS,PASS,PASS,PASS,PASS,PASS,PASS,PASS,24,"Unchanged text candidates include names, labels and renderer-owned content; semantic completeness not inferred"
/gastronomia/casa-mohamed/,LIMITACIÓN DE ARQUITECTURA/PRUEBA,PASS,PASS,PASS,PASS,PASS,PASS,PASS,PASS,PASS,PASS,PASS,PASS,13,"title: unchanged without phrase entry; may be proper name or renderer-owned; og:title: unchanged without phrase entry; may be proper name or renderer-owned; Unchanged text candidates include names, labels and renderer-owned content; semantic completeness not inferred"
/gastronomia/casa-porto/,LIMITACIÓN DE ARQUITECTURA/PRUEBA,PASS,PASS,PASS,PASS,PASS,PASS,PASS,PASS,PASS,PASS,PASS,PASS,26,"og:title: unchanged without phrase entry; may be proper name or renderer-owned; Unchanged text candidates include names, labels and renderer-owned content; semantic completeness not inferred"
/gastronomia/cavalo-marinho/,LIMITACIÓN DE ARQUITECTURA/PRUEBA,PASS,PASS,PASS,PASS,PASS,PASS,PASS,PASS,PASS,PASS,PASS,PASS,25,"Unchanged text candidates include names, labels and renderer-owned content; semantic completeness not inferred"
/gastronomia/cervantes-copacabana/,LIMITACIÓN DE ARQUITECTURA/PRUEBA,PASS,PASS,PASS,PASS,PASS,PASS,PASS,PASS,PASS,PASS,PASS,PASS,24,"Unchanged text candidates include names, labels and renderer-owned content; semantic completeness not inferred"
/gastronomia/chez-claude/,LIMITACIÓN DE ARQUITECTURA/PRUEBA,PASS,PASS,PASS,PASS,PASS,PASS,PASS,PASS,PASS,PASS,PASS,PASS,27,"Unchanged text candidates include names, labels and renderer-owned content; semantic completeness not inferred"
/gastronomia/churrascaria-palace/,LIMITACIÓN DE ARQUITECTURA/PRUEBA,PASS,PASS,PASS,PASS,PASS,PASS,PASS,PASS,PASS,PASS,PASS,PASS,24,"Unchanged text candidates include names, labels and renderer-owned content; semantic completeness not inferred"
/gastronomia/churrasqueira-rio/,LIMITACIÓN DE ARQUITECTURA/PRUEBA,PASS,PASS,PASS,PASS,PASS,PASS,PASS,PASS,PASS,PASS,PASS,PASS,26,"Unchanged text candidates include names, labels and renderer-owned content; semantic completeness not inferred"
/gastronomia/cipriani/,LIMITACIÓN DE ARQUITECTURA/PRUEBA,PASS,PASS,PASS,PASS,PASS,PASS,PASS,PASS,PASS,PASS,PASS,PASS,30,"Unchanged text candidates include names, labels and renderer-owned content; semantic completeness not inferred"
/gastronomia/classico-beach-club-barra/,LIMITACIÓN DE ARQUITECTURA/PRUEBA,PASS,PASS,PASS,PASS,PASS,PASS,PASS,PASS,PASS,PASS,PASS,PASS,23,"Unchanged text candidates include names, labels and renderer-owned content; semantic completeness not inferred"
/gastronomia/classico-beach-club-urca/,LIMITACIÓN DE ARQUITECTURA/PRUEBA,PASS,PASS,PASS,PASS,PASS,PASS,PASS,PASS,PASS,PASS,PASS,PASS,24,"Unchanged text candidates include names, labels and renderer-owned content; semantic completeness not inferred"
/gastronomia/classico-leme/,LIMITACIÓN DE ARQUITECTURA/PRUEBA,PASS,PASS,PASS,PASS,PASS,PASS,PASS,PASS,PASS,PASS,PASS,PASS,26,"Unchanged text candidates include names, labels and renderer-owned content; semantic completeness not inferred; Runtime exceptions with external requests intentionally blocked; assess separately"
/gastronomia/coisa-de-carioca/,LIMITACIÓN DE ARQUITECTURA/PRUEBA,PASS,PASS,PASS,PASS,PASS,PASS,PASS,PASS,PASS,PASS,PASS,PASS,18,"title: unchanged without phrase entry; may be proper name or renderer-owned; og:title: unchanged without phrase entry; may be proper name or renderer-owned; Unchanged text candidates include names, labels and renderer-owned content; semantic completeness not inferred"
/gastronomia/coisas-de-bamba/,LIMITACIÓN DE ARQUITECTURA/PRUEBA,PASS,PASS,PASS,PASS,PASS,PASS,PASS,PASS,PASS,PASS,PASS,PASS,19,"Unchanged text candidates include names, labels and renderer-owned content; semantic completeness not inferred"
/gastronomia/colombo-do-forte/,LIMITACIÓN DE ARQUITECTURA/PRUEBA,PASS,PASS,PASS,PASS,PASS,PASS,PASS,PASS,PASS,PASS,PASS,PASS,24,"Unchanged text candidates include names, labels and renderer-owned content; semantic completeness not inferred"
/gastronomia/confeitaria-colombo/,LIMITACIÓN DE ARQUITECTURA/PRUEBA,PASS,PASS,PASS,PASS,PASS,PASS,PASS,PASS,PASS,PASS,PASS,PASS,25,"Unchanged text candidates include names, labels and renderer-owned content; semantic completeness not inferred"
/gastronomia/confeitaria-manon/,LIMITACIÓN DE ARQUITECTURA/PRUEBA,PASS,PASS,PASS,PASS,PASS,PASS,PASS,PASS,PASS,PASS,PASS,PASS,25,"Unchanged text candidates include names, labels and renderer-owned content; semantic completeness not inferred"
/gastronomia/corrientes-348/,LIMITACIÓN DE ARQUITECTURA/PRUEBA,PASS,PASS,PASS,PASS,PASS,PASS,PASS,PASS,PASS,PASS,PASS,PASS,25,"Unchanged text candidates include names, labels and renderer-owned content; semantic completeness not inferred"
/gastronomia/cosmopolita/,LIMITACIÓN DE ARQUITECTURA/PRUEBA,PASS,PASS,PASS,PASS,PASS,PASS,PASS,PASS,PASS,PASS,PASS,PASS,22,"Unchanged text candidates include names, labels and renderer-owned content; semantic completeness not inferred"
/gastronomia/ct-boucherie/,LIMITACIÓN DE ARQUITECTURA/PRUEBA,PASS,PASS,PASS,PASS,PASS,PASS,PASS,PASS,PASS,PASS,PASS,PASS,26,"Unchanged text candidates include names, labels and renderer-owned content; semantic completeness not inferred"
/gastronomia/curto-cafe/,LIMITACIÓN DE ARQUITECTURA/PRUEBA,PASS,PASS,PASS,PASS,PASS,PASS,PASS,PASS,PASS,PASS,PASS,PASS,22,"Unchanged text candidates include names, labels and renderer-owned content; semantic completeness not inferred"
/gastronomia/deck-buffet/,LIMITACIÓN DE ARQUITECTURA/PRUEBA,PASS,PASS,PASS,PASS,PASS,PASS,PASS,PASS,PASS,PASS,PASS,PASS,21,"Unchanged text candidates include names, labels and renderer-owned content; semantic completeness not inferred"
/gastronomia/delirio-centro/,LIMITACIÓN DE ARQUITECTURA/PRUEBA,PASS,PASS,PASS,PASS,PASS,PASS,PASS,PASS,PASS,PASS,PASS,PASS,16,"Unchanged text candidates include names, labels and renderer-owned content; semantic completeness not inferred"
/gastronomia/delirio-tropical-rio-sul/,LIMITACIÓN DE ARQUITECTURA/PRUEBA,PASS,PASS,PASS,PASS,PASS,PASS,PASS,PASS,PASS,PASS,PASS,PASS,25,"Unchanged text candidates include names, labels and renderer-owned content; semantic completeness not inferred"
/gastronomia/delirio/,LIMITACIÓN DE ARQUITECTURA/PRUEBA,PASS,PASS,PASS,PASS,PASS,PASS,PASS,PASS,PASS,PASS,PASS,PASS,33,"Unchanged text candidates include names, labels and renderer-owned content; semantic completeness not inferred"
/gastronomia/don-camillo/,LIMITACIÓN DE ARQUITECTURA/PRUEBA,PASS,PASS,PASS,PASS,PASS,PASS,PASS,PASS,PASS,PASS,PASS,PASS,25,"Unchanged text candidates include names, labels and renderer-owned content; semantic completeness not inferred"
/gastronomia/don-pascual/,LIMITACIÓN DE ARQUITECTURA/PRUEBA,PASS,PASS,PASS,PASS,PASS,PASS,PASS,PASS,PASS,PASS,PASS,PASS,27,"Unchanged text candidates include names, labels and renderer-owned content; semantic completeness not inferred"
/gastronomia/dumare-copa/,LIMITACIÓN DE ARQUITECTURA/PRUEBA,PASS,PASS,PASS,PASS,PASS,PASS,PASS,PASS,PASS,PASS,PASS,PASS,13,"title: unchanged without phrase entry; may be proper name or renderer-owned; og:title: unchanged without phrase entry; may be proper name or renderer-owned; Unchanged text candidates include names, labels and renderer-owned content; semantic completeness not inferred"
/gastronomia/dumare/,LIMITACIÓN DE ARQUITECTURA/PRUEBA,PASS,PASS,PASS,PASS,PASS,PASS,PASS,PASS,PASS,PASS,PASS,PASS,26,"Unchanged text candidates include names, labels and renderer-owned content; semantic completeness not inferred"
/gastronomia/eclipse/,LIMITACIÓN DE ARQUITECTURA/PRUEBA,PASS,PASS,PASS,PASS,PASS,PASS,PASS,PASS,PASS,PASS,PASS,PASS,24,"Unchanged text candidates include names, labels and renderer-owned content; semantic completeness not inferred"
/gastronomia/elena/,LIMITACIÓN DE ARQUITECTURA/PRUEBA,PASS,PASS,PASS,PASS,PASS,PASS,PASS,PASS,PASS,PASS,PASS,PASS,16,"og:title: unchanged without phrase entry; may be proper name or renderer-owned; Unchanged text candidates include names, labels and renderer-owned content; semantic completeness not inferred"
/gastronomia/escama/,LIMITACIÓN DE ARQUITECTURA/PRUEBA,PASS,PASS,PASS,PASS,PASS,PASS,PASS,PASS,PASS,PASS,PASS,PASS,28,"Unchanged text candidates include names, labels and renderer-owned content; semantic completeness not inferred"
/gastronomia/espaco-7zero6/,LIMITACIÓN DE ARQUITECTURA/PRUEBA,PASS,PASS,PASS,PASS,PASS,PASS,PASS,PASS,PASS,PASS,PASS,PASS,14,"title: unchanged without phrase entry; may be proper name or renderer-owned; og:title: unchanged without phrase entry; may be proper name or renderer-owned; og:description: unchanged without phrase entry; may be proper name or renderer-owned; Unchanged text candidates include names, labels and renderer-owned content; semantic completeness not inferred"
/gastronomia/espeto-carioca-leme/,LIMITACIÓN DE ARQUITECTURA/PRUEBA,PASS,PASS,PASS,PASS,PASS,PASS,PASS,PASS,PASS,PASS,PASS,PASS,24,"Unchanged text candidates include names, labels and renderer-owned content; semantic completeness not inferred"
/gastronomia/espetto-quiosque/,LIMITACIÓN DE ARQUITECTURA/PRUEBA,PASS,PASS,PASS,PASS,PASS,PASS,PASS,PASS,PASS,PASS,PASS,PASS,16,"Unchanged text candidates include names, labels and renderer-owned content; semantic completeness not inferred"
/gastronomia/esquimo/,LIMITACIÓN DE ARQUITECTURA/PRUEBA,PASS,PASS,PASS,PASS,PASS,PASS,PASS,PASS,PASS,PASS,PASS,PASS,25,"Unchanged text candidates include names, labels and renderer-owned content; semantic completeness not inferred"
/gastronomia/explorer/,LIMITACIÓN DE ARQUITECTURA/PRUEBA,PASS,PASS,PASS,PASS,PASS,PASS,PASS,PASS,PASS,PASS,PASS,PASS,29,"Unchanged text candidates include names, labels and renderer-owned content; semantic completeness not inferred"
/gastronomia/faenza-copacabana/,LIMITACIÓN DE ARQUITECTURA/PRUEBA,PASS,PASS,PASS,PASS,PASS,PASS,PASS,PASS,PASS,PASS,PASS,PASS,24,"Unchanged text candidates include names, labels and renderer-owned content; semantic completeness not inferred"
/gastronomia/feira-sao-cristovao/,LIMITACIÓN DE ARQUITECTURA/PRUEBA,PASS,PASS,PASS,PASS,PASS,PASS,PASS,PASS,PASS,PASS,PASS,PASS,29,"Unchanged text candidates include names, labels and renderer-owned content; semantic completeness not inferred"
/gastronomia/ferro-e-farinha/,LIMITACIÓN DE ARQUITECTURA/PRUEBA,PASS,PASS,PASS,PASS,PASS,PASS,PASS,PASS,PASS,PASS,PASS,PASS,28,"Unchanged text candidates include names, labels and renderer-owned content; semantic completeness not inferred"
/gastronomia/fiorino/,LIMITACIÓN DE ARQUITECTURA/PRUEBA,PASS,PASS,PASS,PASS,PASS,PASS,PASS,PASS,PASS,PASS,PASS,PASS,26,"Unchanged text candidates include names, labels and renderer-owned content; semantic completeness not inferred"
/gastronomia/flor-do-ceu/,LIMITACIÓN DE ARQUITECTURA/PRUEBA,PASS,PASS,PASS,PASS,PASS,PASS,PASS,PASS,PASS,PASS,PASS,PASS,24,"Unchanged text candidates include names, labels and renderer-owned content; semantic completeness not inferred"
/gastronomia/fogo-de-chao-botafogo/,LIMITACIÓN DE ARQUITECTURA/PRUEBA,PASS,PASS,PASS,PASS,PASS,PASS,PASS,PASS,PASS,PASS,PASS,PASS,27,"Unchanged text candidates include names, labels and renderer-owned content; semantic completeness not inferred"
/gastronomia/frontera-ipanema/,LIMITACIÓN DE ARQUITECTURA/PRUEBA,PASS,PASS,PASS,PASS,PASS,PASS,PASS,PASS,PASS,PASS,PASS,PASS,22,"Unchanged text candidates include names, labels and renderer-owned content; semantic completeness not inferred"
/gastronomia/galeto-liceu/,LIMITACIÓN DE ARQUITECTURA/PRUEBA,PASS,PASS,PASS,PASS,PASS,PASS,PASS,PASS,PASS,PASS,PASS,PASS,27,"Unchanged text candidates include names, labels and renderer-owned content; semantic completeness not inferred"
/gastronomia/galeto-sats/,LIMITACIÓN DE ARQUITECTURA/PRUEBA,PASS,PASS,PASS,PASS,PASS,PASS,PASS,PASS,PASS,PASS,PASS,PASS,23,"Unchanged text candidates include names, labels and renderer-owned content; semantic completeness not inferred"
/gastronomia/garota-de-ipanema/,LIMITACIÓN DE ARQUITECTURA/PRUEBA,PASS,PASS,PASS,PASS,PASS,PASS,PASS,PASS,PASS,PASS,PASS,PASS,25,"Unchanged text candidates include names, labels and renderer-owned content; semantic completeness not inferred"
/gastronomia/ginga/,LIMITACIÓN DE ARQUITECTURA/PRUEBA,PASS,PASS,PASS,PASS,PASS,PASS,PASS,PASS,PASS,PASS,PASS,PASS,26,"Unchanged text candidates include names, labels and renderer-owned content; semantic completeness not inferred"
/gastronomia/giuseppe-mar/,LIMITACIÓN DE ARQUITECTURA/PRUEBA,PASS,PASS,PASS,PASS,PASS,PASS,PASS,PASS,PASS,PASS,PASS,PASS,29,"Unchanged text candidates include names, labels and renderer-owned content; semantic completeness not inferred"
/gastronomia/gruta-do-fado/,LIMITACIÓN DE ARQUITECTURA/PRUEBA,PASS,PASS,PASS,PASS,PASS,PASS,PASS,PASS,PASS,PASS,PASS,PASS,30,"Unchanged text candidates include names, labels and renderer-owned content; semantic completeness not inferred"
/gastronomia/guacamole-copa/,LIMITACIÓN DE ARQUITECTURA/PRUEBA,PASS,PASS,PASS,PASS,PASS,PASS,PASS,PASS,PASS,PASS,PASS,PASS,25,"Redirect alias; destination has a separate row; og:title: unchanged without phrase entry; may be proper name or renderer-owned; og:description: unchanged without phrase entry; may be proper name or renderer-owned; Unchanged text candidates include names, labels and renderer-owned content; semantic completeness not inferred"
/gastronomia/guacamole-copacabana/,LIMITACIÓN DE ARQUITECTURA/PRUEBA,PASS,PASS,PASS,PASS,PASS,PASS,PASS,PASS,PASS,PASS,PASS,PASS,25,"og:title: unchanged without phrase entry; may be proper name or renderer-owned; og:description: unchanged without phrase entry; may be proper name or renderer-owned; Unchanged text candidates include names, labels and renderer-owned content; semantic completeness not inferred"
/gastronomia/gurume/,LIMITACIÓN DE ARQUITECTURA/PRUEBA,PASS,PASS,PASS,PASS,PASS,PASS,PASS,PASS,PASS,PASS,PASS,PASS,28,"Unchanged text candidates include names, labels and renderer-owned content; semantic completeness not inferred"
/gastronomia/haru/,LIMITACIÓN DE ARQUITECTURA/PRUEBA,PASS,PASS,PASS,PASS,PASS,PASS,PASS,PASS,PASS,PASS,PASS,PASS,27,"title PT: renderer overrides phrase dictionary; validate its own source; Unchanged text candidates include names, labels and renderer-owned content; semantic completeness not inferred"
/gastronomia/hollandaise/,LIMITACIÓN DE ARQUITECTURA/PRUEBA,PASS,PASS,PASS,PASS,PASS,PASS,PASS,PASS,PASS,PASS,PASS,PASS,27,"og:title: unchanged without phrase entry; may be proper name or renderer-owned; Unchanged text candidates include names, labels and renderer-owned content; semantic completeness not inferred"
/gastronomia/iraja-redux/,LIMITACIÓN DE ARQUITECTURA/PRUEBA,PASS,PASS,PASS,PASS,PASS,PASS,PASS,PASS,PASS,PASS,PASS,PASS,28,"Unchanged text candidates include names, labels and renderer-owned content; semantic completeness not inferred"
/gastronomia/joaquina/,LIMITACIÓN DE ARQUITECTURA/PRUEBA,PASS,PASS,PASS,PASS,PASS,PASS,PASS,PASS,PASS,PASS,PASS,PASS,26,"Unchanged text candidates include names, labels and renderer-owned content; semantic completeness not inferred"
/gastronomia/jobi/,LIMITACIÓN DE ARQUITECTURA/PRUEBA,PASS,PASS,PASS,PASS,PASS,PASS,PASS,PASS,PASS,PASS,PASS,PASS,26,"Unchanged text candidates include names, labels and renderer-owned content; semantic completeness not inferred"
/gastronomia/jojo/,LIMITACIÓN DE ARQUITECTURA/PRUEBA,PASS,PASS,PASS,PASS,PASS,PASS,PASS,PASS,PASS,PASS,PASS,PASS,27,"Unchanged text candidates include names, labels and renderer-owned content; semantic completeness not inferred"
/gastronomia/k08/,LIMITACIÓN DE ARQUITECTURA/PRUEBA,PASS,PASS,PASS,PASS,PASS,PASS,PASS,PASS,PASS,PASS,PASS,PASS,28,"Unchanged text candidates include names, labels and renderer-owned content; semantic completeness not inferred"
/gastronomia/kilograma-centro/,LIMITACIÓN DE ARQUITECTURA/PRUEBA,PASS,PASS,PASS,PASS,PASS,PASS,PASS,PASS,PASS,PASS,PASS,PASS,21,"Unchanged text candidates include names, labels and renderer-owned content; semantic completeness not inferred"
/gastronomia/koral/,LIMITACIÓN DE ARQUITECTURA/PRUEBA,PASS,PASS,PASS,PASS,PASS,PASS,PASS,PASS,PASS,PASS,PASS,PASS,31,"Unchanged text candidates include names, labels and renderer-owned content; semantic completeness not inferred"
/gastronomia/kurt-leblon/,LIMITACIÓN DE ARQUITECTURA/PRUEBA,PASS,PASS,PASS,PASS,PASS,PASS,PASS,PASS,PASS,PASS,PASS,PASS,17,"og:title: unchanged without phrase entry; may be proper name or renderer-owned; Unchanged text candidates include names, labels and renderer-owned content; semantic completeness not inferred"
/gastronomia/la-bicyclette/,LIMITACIÓN DE ARQUITECTURA/PRUEBA,PASS,PASS,PASS,PASS,PASS,PASS,PASS,PASS,PASS,PASS,PASS,PASS,26,"title PT: renderer overrides phrase dictionary; validate its own source; title EN: renderer overrides phrase dictionary; validate its own source; Unchanged text candidates include names, labels and renderer-owned content; semantic completeness not inferred"
/gastronomia/la-fiorentina-ipanema/,LIMITACIÓN DE ARQUITECTURA/PRUEBA,PASS,PASS,PASS,PASS,PASS,PASS,PASS,PASS,PASS,PASS,PASS,PASS,19,"Unchanged text candidates include names, labels and renderer-owned content; semantic completeness not inferred"
/gastronomia/labuta-bar/,LIMITACIÓN DE ARQUITECTURA/PRUEBA,PASS,PASS,PASS,PASS,PASS,PASS,PASS,PASS,PASS,PASS,PASS,PASS,24,"og:title: unchanged without phrase entry; may be proper name or renderer-owned; Unchanged text candidates include names, labels and renderer-owned content; semantic completeness not inferred"
/gastronomia/lasai/,LIMITACIÓN DE ARQUITECTURA/PRUEBA,PASS,PASS,PASS,PASS,PASS,PASS,PASS,PASS,PASS,PASS,PASS,PASS,26,"Unchanged text candidates include names, labels and renderer-owned content; semantic completeness not inferred"
/gastronomia/lilia/,LIMITACIÓN DE ARQUITECTURA/PRUEBA,PASS,PASS,PASS,PASS,PASS,PASS,PASS,PASS,PASS,PASS,PASS,PASS,28,"og:title: unchanged without phrase entry; may be proper name or renderer-owned; Unchanged text candidates include names, labels and renderer-owned content; semantic completeness not inferred"
/gastronomia/majorica/,LIMITACIÓN DE ARQUITECTURA/PRUEBA,PASS,PASS,PASS,PASS,PASS,PASS,PASS,PASS,PASS,PASS,PASS,PASS,25,"title: unchanged without phrase entry; may be proper name or renderer-owned; og:title: unchanged without phrase entry; may be proper name or renderer-owned; Unchanged text candidates include names, labels and renderer-owned content; semantic completeness not inferred"
/gastronomia/margutta-ipanema/,LIMITACIÓN DE ARQUITECTURA/PRUEBA,PASS,PASS,PASS,PASS,PASS,PASS,PASS,PASS,PASS,PASS,PASS,PASS,30,"Unchanged text candidates include names, labels and renderer-owned content; semantic completeness not inferred"
/gastronomia/marius-degustare/,LIMITACIÓN DE ARQUITECTURA/PRUEBA,PASS,PASS,PASS,PASS,PASS,PASS,PASS,PASS,PASS,PASS,PASS,PASS,26,"Unchanged text candidates include names, labels and renderer-owned content; semantic completeness not inferred"
/gastronomia/maska/,LIMITACIÓN DE ARQUITECTURA/PRUEBA,PASS,PASS,PASS,PASS,PASS,PASS,PASS,PASS,PASS,PASS,PASS,PASS,32,"Unchanged text candidates include names, labels and renderer-owned content; semantic completeness not inferred"
/gastronomia/mee/,LIMITACIÓN DE ARQUITECTURA/PRUEBA,PASS,PASS,PASS,PASS,PASS,PASS,PASS,PASS,PASS,PASS,PASS,PASS,29,"Unchanged text candidates include names, labels and renderer-owned content; semantic completeness not inferred"
/gastronomia/mocellin-steak/,LIMITACIÓN DE ARQUITECTURA/PRUEBA,PASS,PASS,PASS,PASS,PASS,PASS,PASS,PASS,PASS,PASS,PASS,PASS,24,"og:title: unchanged without phrase entry; may be proper name or renderer-owned; Unchanged text candidates include names, labels and renderer-owned content; semantic completeness not inferred"
/gastronomia/mosteiro/,LIMITACIÓN DE ARQUITECTURA/PRUEBA,PASS,PASS,PASS,PASS,PASS,PASS,PASS,PASS,PASS,PASS,PASS,PASS,26,"Unchanged text candidates include names, labels and renderer-owned content; semantic completeness not inferred"
/gastronomia/naga/,LIMITACIÓN DE ARQUITECTURA/PRUEBA,PASS,PASS,PASS,PASS,PASS,PASS,PASS,PASS,PASS,PASS,PASS,PASS,26,"Unchanged text candidates include names, labels and renderer-owned content; semantic completeness not inferred"
/gastronomia/nido-ristorante/,LIMITACIÓN DE ARQUITECTURA/PRUEBA,PASS,PASS,PASS,PASS,PASS,PASS,PASS,PASS,PASS,PASS,PASS,PASS,26,"title: unchanged without phrase entry; may be proper name or renderer-owned; og:title: unchanged without phrase entry; may be proper name or renderer-owned; Unchanged text candidates include names, labels and renderer-owned content; semantic completeness not inferred"
/gastronomia/nino-cucina-ipanema/,LIMITACIÓN DE ARQUITECTURA/PRUEBA,PASS,PASS,PASS,PASS,PASS,PASS,PASS,PASS,PASS,PASS,PASS,PASS,32,"Unchanged text candidates include names, labels and renderer-owned content; semantic completeness not inferred"
/gastronomia/noa-ipanema/,LIMITACIÓN DE ARQUITECTURA/PRUEBA,PASS,PASS,PASS,PASS,PASS,PASS,PASS,PASS,PASS,PASS,PASS,PASS,33,"Unchanged text candidates include names, labels and renderer-owned content; semantic completeness not inferred"
/gastronomia/nova-capela/,LIMITACIÓN DE ARQUITECTURA/PRUEBA,PASS,PASS,PASS,PASS,PASS,PASS,PASS,PASS,PASS,PASS,PASS,PASS,28,"Unchanged text candidates include names, labels and renderer-owned content; semantic completeness not inferred"
/gastronomia/ocya-ilha/,LIMITACIÓN DE ARQUITECTURA/PRUEBA,PASS,PASS,PASS,PASS,PASS,PASS,PASS,PASS,PASS,PASS,PASS,PASS,29,"Unchanged text candidates include names, labels and renderer-owned content; semantic completeness not inferred"
/gastronomia/ocya-leblon/,LIMITACIÓN DE ARQUITECTURA/PRUEBA,PASS,PASS,PASS,PASS,PASS,PASS,PASS,PASS,PASS,PASS,PASS,PASS,36,"Unchanged text candidates include names, labels and renderer-owned content; semantic completeness not inferred"
/gastronomia/oficina-do-peixe/,LIMITACIÓN DE ARQUITECTURA/PRUEBA,PASS,PASS,PASS,PASS,PASS,PASS,PASS,PASS,PASS,PASS,PASS,PASS,31,"Unchanged text candidates include names, labels and renderer-owned content; semantic completeness not inferred"
/gastronomia/oro/,LIMITACIÓN DE ARQUITECTURA/PRUEBA,PASS,PASS,PASS,PASS,PASS,PASS,PASS,PASS,PASS,PASS,PASS,PASS,34,"Unchanged text candidates include names, labels and renderer-owned content; semantic completeness not inferred"
/gastronomia/oteque/,LIMITACIÓN DE ARQUITECTURA/PRUEBA,PASS,PASS,PASS,PASS,PASS,PASS,PASS,PASS,PASS,PASS,PASS,PASS,32,"Unchanged text candidates include names, labels and renderer-owned content; semantic completeness not inferred"
/gastronomia/otto/,LIMITACIÓN DE ARQUITECTURA/PRUEBA,PASS,PASS,PASS,PASS,PASS,PASS,PASS,PASS,PASS,PASS,PASS,PASS,31,"Unchanged text candidates include names, labels and renderer-owned content; semantic completeness not inferred"
/gastronomia/pavao-azul/,LIMITACIÓN DE ARQUITECTURA/PRUEBA,PASS,PASS,PASS,PASS,PASS,PASS,PASS,PASS,PASS,PASS,PASS,PASS,23,"Unchanged text candidates include names, labels and renderer-owned content; semantic completeness not inferred; Runtime exceptions with external requests intentionally blocked; assess separately"
/gastronomia/pergula/,LIMITACIÓN DE ARQUITECTURA/PRUEBA,PASS,PASS,PASS,PASS,PASS,PASS,PASS,PASS,PASS,PASS,PASS,PASS,30,"Unchanged text candidates include names, labels and renderer-owned content; semantic completeness not inferred"
/gastronomia/pescados-na-brasa/,LIMITACIÓN DE ARQUITECTURA/PRUEBA,PASS,PASS,PASS,PASS,PASS,PASS,PASS,PASS,PASS,PASS,PASS,PASS,26,"Unchanged text candidates include names, labels and renderer-owned content; semantic completeness not inferred"
/gastronomia/pesqueiro/,LIMITACIÓN DE ARQUITECTURA/PRUEBA,PASS,PASS,PASS,PASS,PASS,PASS,PASS,PASS,PASS,PASS,PASS,PASS,27,"Unchanged text candidates include names, labels and renderer-owned content; semantic completeness not inferred"
/gastronomia/pilograma-centro/,LIMITACIÓN DE ARQUITECTURA/PRUEBA,PASS,PASS,PASS,PASS,PASS,PASS,PASS,PASS,PASS,PASS,PASS,PASS,23,"Redirect alias; destination has a separate row; Unchanged text candidates include names, labels and renderer-owned content; semantic completeness not inferred"
/gastronomia/pilograma-prime-grill/,LIMITACIÓN DE ARQUITECTURA/PRUEBA,PASS,PASS,PASS,PASS,PASS,PASS,PASS,PASS,PASS,PASS,PASS,PASS,23,"Unchanged text candidates include names, labels and renderer-owned content; semantic completeness not inferred"
/gastronomia/pobre-juan/,LIMITACIÓN DE ARQUITECTURA/PRUEBA,PASS,PASS,PASS,PASS,PASS,PASS,PASS,PASS,PASS,PASS,PASS,PASS,26,"og:title: unchanged without phrase entry; may be proper name or renderer-owned; Unchanged text candidates include names, labels and renderer-owned content; semantic completeness not inferred"
/gastronomia/point-de-grumari/,LIMITACIÓN DE ARQUITECTURA/PRUEBA,PASS,PASS,PASS,PASS,PASS,PASS,PASS,PASS,PASS,PASS,PASS,PASS,27,"Unchanged text candidates include names, labels and renderer-owned content; semantic completeness not inferred"
/gastronomia/polis-sucos/,LIMITACIÓN DE ARQUITECTURA/PRUEBA,PASS,PASS,PASS,PASS,PASS,PASS,PASS,PASS,PASS,PASS,PASS,PASS,28,"Unchanged text candidates include names, labels and renderer-owned content; semantic completeness not inferred"
/gastronomia/polvo-marisqueria/,LIMITACIÓN DE ARQUITECTURA/PRUEBA,PASS,PASS,PASS,PASS,PASS,PASS,PASS,PASS,PASS,PASS,PASS,PASS,27,"Unchanged text candidates include names, labels and renderer-owned content; semantic completeness not inferred"
/gastronomia/praia-skol-copa/,LIMITACIÓN DE ARQUITECTURA/PRUEBA,PASS,PASS,PASS,PASS,PASS,PASS,PASS,PASS,PASS,PASS,PASS,PASS,20,"Unchanged text candidates include names, labels and renderer-owned content; semantic completeness not inferred"
/gastronomia/prana/,LIMITACIÓN DE ARQUITECTURA/PRUEBA,PASS,PASS,PASS,PASS,PASS,PASS,PASS,PASS,PASS,PASS,PASS,PASS,26,"Unchanged text candidates include names, labels and renderer-owned content; semantic completeness not inferred"
/gastronomia/proa/,LIMITACIÓN DE ARQUITECTURA/PRUEBA,PASS,PASS,PASS,PASS,PASS,PASS,PASS,PASS,PASS,PASS,PASS,PASS,27,"Unchanged text candidates include names, labels and renderer-owned content; semantic completeness not inferred"
/gastronomia/quartinho/,LIMITACIÓN DE ARQUITECTURA/PRUEBA,PASS,PASS,PASS,PASS,PASS,PASS,PASS,PASS,PASS,PASS,PASS,PASS,24,"Unchanged text candidates include names, labels and renderer-owned content; semantic completeness not inferred"
/gastronomia/quiteria/,LIMITACIÓN DE ARQUITECTURA/PRUEBA,PASS,PASS,PASS,PASS,PASS,PASS,PASS,PASS,PASS,PASS,PASS,PASS,27,"Unchanged text candidates include names, labels and renderer-owned content; semantic completeness not inferred"
/gastronomia/rampinha/,LIMITACIÓN DE ARQUITECTURA/PRUEBA,PASS,PASS,PASS,PASS,PASS,PASS,PASS,PASS,PASS,PASS,PASS,PASS,27,"Unchanged text candidates include names, labels and renderer-owned content; semantic completeness not inferred"
/gastronomia/reino-vegetal/,LIMITACIÓN DE ARQUITECTURA/PRUEBA,PASS,PASS,PASS,PASS,PASS,PASS,PASS,PASS,PASS,PASS,PASS,PASS,20,"Unchanged text candidates include names, labels and renderer-owned content; semantic completeness not inferred"
/gastronomia/rio-scenarium/,LIMITACIÓN DE ARQUITECTURA/PRUEBA,PASS,PASS,PASS,PASS,PASS,PASS,PASS,PASS,PASS,PASS,PASS,PASS,30,"og:title: unchanged without phrase entry; may be proper name or renderer-owned; Unchanged text candidates include names, labels and renderer-owned content; semantic completeness not inferred"
/gastronomia/rotisseria-sirio-libanesa/,LIMITACIÓN DE ARQUITECTURA/PRUEBA,PASS,PASS,PASS,PASS,PASS,PASS,PASS,PASS,PASS,PASS,PASS,PASS,18,"og:title: unchanged without phrase entry; may be proper name or renderer-owned; Unchanged text candidates include names, labels and renderer-owned content; semantic completeness not inferred"
/gastronomia/rufino-parrilla/,LIMITACIÓN DE ARQUITECTURA/PRUEBA,PASS,PASS,PASS,PASS,PASS,PASS,PASS,PASS,PASS,PASS,PASS,PASS,28,"Unchanged text candidates include names, labels and renderer-owned content; semantic completeness not inferred"
/gastronomia/ryu/,LIMITACIÓN DE ARQUITECTURA/PRUEBA,PASS,PASS,PASS,PASS,PASS,PASS,PASS,PASS,PASS,PASS,PASS,PASS,27,"Unchanged text candidates include names, labels and renderer-owned content; semantic completeness not inferred"
/gastronomia/sabor-das-aguas/,LIMITACIÓN DE ARQUITECTURA/PRUEBA,PASS,PASS,PASS,PASS,PASS,PASS,PASS,PASS,PASS,PASS,PASS,PASS,28,"Unchanged text candidates include names, labels and renderer-owned content; semantic completeness not inferred"
/gastronomia/samba-social/,LIMITACIÓN DE ARQUITECTURA/PRUEBA,PASS,PASS,PASS,PASS,PASS,PASS,PASS,PASS,PASS,PASS,PASS,PASS,28,"Unchanged text candidates include names, labels and renderer-owned content; semantic completeness not inferred; Runtime exceptions with external requests intentionally blocked; assess separately"
/gastronomia/satyricon/,LIMITACIÓN DE ARQUITECTURA/PRUEBA,PASS,PASS,PASS,PASS,PASS,PASS,PASS,PASS,PASS,PASS,PASS,PASS,29,"Unchanged text candidates include names, labels and renderer-owned content; semantic completeness not inferred"
/gastronomia/sel-ipanema/,LIMITACIÓN DE ARQUITECTURA/PRUEBA,PASS,PASS,PASS,PASS,PASS,PASS,PASS,PASS,PASS,PASS,PASS,PASS,22,"Unchanged text candidates include names, labels and renderer-owned content; semantic completeness not inferred"
/gastronomia/shiso/,LIMITACIÓN DE ARQUITECTURA/PRUEBA,PASS,PASS,PASS,PASS,PASS,PASS,PASS,PASS,PASS,PASS,PASS,PASS,27,"Unchanged text candidates include names, labels and renderer-owned content; semantic completeness not inferred"
/gastronomia/spesso/,LIMITACIÓN DE ARQUITECTURA/PRUEBA,PASS,PASS,PASS,PASS,PASS,PASS,PASS,PASS,PASS,PASS,PASS,PASS,25,"Unchanged text candidates include names, labels and renderer-owned content; semantic completeness not inferred"
/gastronomia/spicy-fish/,LIMITACIÓN DE ARQUITECTURA/PRUEBA,PASS,PASS,PASS,PASS,PASS,PASS,PASS,PASS,PASS,PASS,PASS,PASS,27,"Unchanged text candidates include names, labels and renderer-owned content; semantic completeness not inferred"
/gastronomia/stalos/,LIMITACIÓN DE ARQUITECTURA/PRUEBA,PASS,PASS,PASS,PASS,PASS,PASS,PASS,PASS,PASS,PASS,PASS,PASS,26,"Unchanged text candidates include names, labels and renderer-owned content; semantic completeness not inferred"
/gastronomia/stambul-copa/,LIMITACIÓN DE ARQUITECTURA/PRUEBA,PASS,PASS,PASS,PASS,PASS,PASS,PASS,PASS,PASS,PASS,PASS,PASS,20,"Unchanged text candidates include names, labels and renderer-owned content; semantic completeness not inferred"
/gastronomia/sud-passaro-verde/,LIMITACIÓN DE ARQUITECTURA/PRUEBA,PASS,PASS,PASS,PASS,PASS,PASS,PASS,PASS,PASS,PASS,PASS,PASS,22,"Unchanged text candidates include names, labels and renderer-owned content; semantic completeness not inferred"
/gastronomia/sushi-leblon/,LIMITACIÓN DE ARQUITECTURA/PRUEBA,PASS,PASS,PASS,PASS,PASS,PASS,PASS,PASS,PASS,PASS,PASS,PASS,29,"Unchanged text candidates include names, labels and renderer-owned content; semantic completeness not inferred"
/gastronomia/tacaca-do-norte/,LIMITACIÓN DE ARQUITECTURA/PRUEBA,PASS,PASS,PASS,PASS,PASS,PASS,PASS,PASS,PASS,PASS,PASS,PASS,18,"og:title: unchanged without phrase entry; may be proper name or renderer-owned; Unchanged text candidates include names, labels and renderer-owned content; semantic completeness not inferred"
/gastronomia/talho-capixaba-ipanema/,LIMITACIÓN DE ARQUITECTURA/PRUEBA,PASS,PASS,PASS,PASS,PASS,PASS,PASS,PASS,PASS,PASS,PASS,PASS,18,"og:title: unchanged without phrase entry; may be proper name or renderer-owned; Unchanged text candidates include names, labels and renderer-owned content; semantic completeness not inferred"
/gastronomia/temperarte-bolivar/,LIMITACIÓN DE ARQUITECTURA/PRUEBA,PASS,PASS,PASS,PASS,PASS,PASS,PASS,PASS,PASS,PASS,PASS,PASS,23,"Unchanged text candidates include names, labels and renderer-owned content; semantic completeness not inferred"
/gastronomia/temperarte-posto6/,LIMITACIÓN DE ARQUITECTURA/PRUEBA,PASS,PASS,PASS,PASS,PASS,PASS,PASS,PASS,PASS,PASS,PASS,PASS,23,"Unchanged text candidates include names, labels and renderer-owned content; semantic completeness not inferred"
/gastronomia/terra-brasilis/,LIMITACIÓN DE ARQUITECTURA/PRUEBA,PASS,PASS,PASS,PASS,PASS,PASS,PASS,PASS,PASS,PASS,PASS,PASS,6,"Unchanged text candidates include names, labels and renderer-owned content; semantic completeness not inferred"
/gastronomia/teva/,LIMITACIÓN DE ARQUITECTURA/PRUEBA,PASS,PASS,PASS,PASS,PASS,PASS,PASS,PASS,PASS,PASS,PASS,PASS,29,"Unchanged text candidates include names, labels and renderer-owned content; semantic completeness not inferred"
/gastronomia/tia-palmira/,LIMITACIÓN DE ARQUITECTURA/PRUEBA,PASS,PASS,PASS,PASS,PASS,PASS,PASS,PASS,PASS,PASS,PASS,PASS,26,"Unchanged text candidates include names, labels and renderer-owned content; semantic completeness not inferred"
/gastronomia/toca-da-traira/,LIMITACIÓN DE ARQUITECTURA/PRUEBA,PASS,PASS,PASS,PASS,PASS,PASS,PASS,PASS,PASS,PASS,PASS,PASS,27,"og:title: unchanged without phrase entry; may be proper name or renderer-owned; Unchanged text candidates include names, labels and renderer-owned content; semantic completeness not inferred"
/gastronomia/umai/,LIMITACIÓN DE ARQUITECTURA/PRUEBA,PASS,PASS,PASS,PASS,PASS,PASS,PASS,PASS,PASS,PASS,PASS,PASS,21,"Unchanged text candidates include names, labels and renderer-owned content; semantic completeness not inferred"
/gastronomia/venga-ipanema/,LIMITACIÓN DE ARQUITECTURA/PRUEBA,PASS,PASS,PASS,PASS,PASS,PASS,PASS,PASS,PASS,PASS,PASS,PASS,29,"Unchanged text candidates include names, labels and renderer-owned content; semantic completeness not inferred"
/gastronomia/xian/,LIMITACIÓN DE ARQUITECTURA/PRUEBA,PASS,PASS,PASS,PASS,PASS,PASS,PASS,PASS,PASS,PASS,PASS,PASS,29,"Unchanged text candidates include names, labels and renderer-owned content; semantic completeness not inferred"
/gastronomia/xodozin-copa/,LIMITACIÓN DE ARQUITECTURA/PRUEBA,PASS,PASS,PASS,PASS,PASS,PASS,PASS,PASS,PASS,PASS,PASS,PASS,20,"Unchanged text candidates include names, labels and renderer-owned content; semantic completeness not inferred"
/gastronomia/yusha/,LIMITACIÓN DE ARQUITECTURA/PRUEBA,PASS,PASS,PASS,PASS,PASS,PASS,PASS,PASS,PASS,PASS,PASS,PASS,30,"Unchanged text candidates include names, labels and renderer-owned content; semantic completeness not inferred"
/gastronomia/zaza-bistro-tropical/,LIMITACIÓN DE ARQUITECTURA/PRUEBA,PASS,PASS,PASS,PASS,PASS,PASS,PASS,PASS,PASS,PASS,PASS,PASS,26,"Unchanged text candidates include names, labels and renderer-owned content; semantic completeness not inferred"
/guia/,LIMITACIÓN DE ARQUITECTURA/PRUEBA,PASS,PASS,PASS,PASS,PASS,PASS,PASS,PASS,PASS,PASS,PASS,PASS,2,"Unchanged text candidates include names, labels and renderer-owned content; semantic completeness not inferred"
/guia/accesibilidad/,LIMITACIÓN DE ARQUITECTURA/PRUEBA,PASS,PASS,PASS,PASS,PASS,PASS,PASS,PASS,PASS,PASS,PASS,PASS,2,"Unchanged text candidates include names, labels and renderer-owned content; semantic completeness not inferred"
/guia/aeropuertos/,LIMITACIÓN DE ARQUITECTURA/PRUEBA,PASS,PASS,PASS,PASS,PASS,PASS,PASS,PASS,PASS,PASS,PASS,PASS,2,"Unchanged text candidates include names, labels and renderer-owned content; semantic completeness not inferred"
/guia/alquiler-auto/,LIMITACIÓN DE ARQUITECTURA/PRUEBA,PASS,PASS,PASS,PASS,PASS,PASS,PASS,PASS,PASS,PASS,PASS,PASS,3,"Unchanged text candidates include names, labels and renderer-owned content; semantic completeness not inferred"
/guia/apps/,LIMITACIÓN DE ARQUITECTURA/PRUEBA,PASS,PASS,PASS,PASS,PASS,PASS,PASS,PASS,PASS,PASS,PASS,PASS,2,"Unchanged text candidates include names, labels and renderer-owned content; semantic completeness not inferred"
/guia/consulados/,LIMITACIÓN DE ARQUITECTURA/PRUEBA,PASS,PASS,PASS,PASS,PASS,PASS,PASS,PASS,PASS,PASS,PASS,PASS,2,"Unchanged text candidates include names, labels and renderer-owned content; semantic completeness not inferred"
/guia/cpf/,LIMITACIÓN DE ARQUITECTURA/PRUEBA,PASS,PASS,PASS,PASS,PASS,PASS,PASS,PASS,PASS,PASS,PASS,PASS,4,"Unchanged text candidates include names, labels and renderer-owned content; semantic completeness not inferred"
/guia/dinero/,LIMITACIÓN DE ARQUITECTURA/PRUEBA,PASS,PASS,PASS,PASS,PASS,PASS,PASS,PASS,PASS,PASS,PASS,PASS,2,"Unchanged text candidates include names, labels and renderer-owned content; semantic completeness not inferred"
/guia/documentos/,LIMITACIÓN DE ARQUITECTURA/PRUEBA,PASS,PASS,PASS,PASS,PASS,PASS,PASS,PASS,PASS,PASS,PASS,PASS,4,"Unchanged text candidates include names, labels and renderer-owned content; semantic completeness not inferred"
/guia/donde-alojarse/,LIMITACIÓN DE ARQUITECTURA/PRUEBA,PASS,PASS,PASS,PASS,PASS,PASS,PASS,PASS,PASS,PASS,PASS,PASS,5,"Unchanged text candidates include names, labels and renderer-owned content; semantic completeness not inferred"
/guia/emergencias/,LIMITACIÓN DE ARQUITECTURA/PRUEBA,PASS,PASS,PASS,PASS,PASS,PASS,PASS,PASS,PASS,PASS,PASS,PASS,2,"Unchanged text candidates include names, labels and renderer-owned content; semantic completeness not inferred"
/guia/internet/,LIMITACIÓN DE ARQUITECTURA/PRUEBA,PASS,PASS,PASS,PASS,PASS,PASS,PASS,PASS,PASS,PASS,PASS,PASS,2,"Unchanged text candidates include names, labels and renderer-owned content; semantic completeness not inferred"
/guia/menores/,LIMITACIÓN DE ARQUITECTURA/PRUEBA,PASS,PASS,PASS,PASS,PASS,PASS,PASS,PASS,PASS,PASS,PASS,PASS,2,"Unchanged text candidates include names, labels and renderer-owned content; semantic completeness not inferred"
/guia/mes-a-mes/,LIMITACIÓN DE ARQUITECTURA/PRUEBA,PASS,PASS,PASS,PASS,PASS,PASS,PASS,PASS,PASS,PASS,PASS,PASS,2,"Unchanged text candidates include names, labels and renderer-owned content; semantic completeness not inferred"
/guia/moverse/,LIMITACIÓN DE ARQUITECTURA/PRUEBA,PASS,PASS,PASS,PASS,PASS,PASS,PASS,PASS,PASS,PASS,PASS,PASS,5,"Redirect alias; destination has a separate row; Unchanged text candidates include names, labels and renderer-owned content; semantic completeness not inferred"
/guia/permanencia/,LIMITACIÓN DE ARQUITECTURA/PRUEBA,PASS,PASS,PASS,PASS,PASS,PASS,PASS,PASS,PASS,PASS,PASS,PASS,2,"Unchanged text candidates include names, labels and renderer-owned content; semantic completeness not inferred"
/guia/pix/,LIMITACIÓN DE ARQUITECTURA/PRUEBA,PASS,PASS,PASS,PASS,PASS,PASS,PASS,PASS,PASS,PASS,PASS,PASS,2,"Unchanged text candidates include names, labels and renderer-owned content; semantic completeness not inferred"
/guia/seguro/,LIMITACIÓN DE ARQUITECTURA/PRUEBA,PASS,PASS,PASS,PASS,PASS,PASS,PASS,PASS,PASS,PASS,PASS,PASS,2,"Unchanged text candidates include names, labels and renderer-owned content; semantic completeness not inferred"
/guia/terminales/,LIMITACIÓN DE ARQUITECTURA/PRUEBA,PASS,PASS,PASS,PASS,PASS,PASS,PASS,PASS,PASS,PASS,PASS,PASS,2,"Unchanged text candidates include names, labels and renderer-owned content; semantic completeness not inferred"
/guia/vacunas/,LIMITACIÓN DE ARQUITECTURA/PRUEBA,PASS,PASS,PASS,PASS,PASS,PASS,PASS,PASS,PASS,PASS,PASS,PASS,2,"Unchanged text candidates include names, labels and renderer-owned content; semantic completeness not inferred"
/guia/viajar-solo/,LIMITACIÓN DE ARQUITECTURA/PRUEBA,PASS,PASS,PASS,PASS,PASS,PASS,PASS,PASS,PASS,PASS,PASS,PASS,2,"Unchanged text candidates include names, labels and renderer-owned content; semantic completeness not inferred"
/historia/,LIMITACIÓN DE ARQUITECTURA/PRUEBA,PASS,PASS,PASS,PASS,PASS,PASS,PASS,PASS,PASS,PASS,PASS,PASS,9,"Unchanged text candidates include names, labels and renderer-owned content; semantic completeness not inferred"
/hospedaje/,LIMITACIÓN DE ARQUITECTURA/PRUEBA,PASS,PASS,PASS,PASS,PASS,PASS,PASS,PASS,PASS,PASS,PASS,PASS,7,"Unchanged text candidates include names, labels and renderer-owned content; semantic completeness not inferred"
/hospedaje/1008/,LIMITACIÓN DE ARQUITECTURA/PRUEBA,PASS,PASS,PASS,PASS,PASS,PASS,PASS,PASS,PASS,PASS,PASS,PASS,14,"Unchanged text candidates include names, labels and renderer-owned content; semantic completeness not inferred"
/hospedaje/1221/,LIMITACIÓN DE ARQUITECTURA/PRUEBA,PASS,PASS,PASS,PASS,PASS,PASS,PASS,PASS,PASS,PASS,PASS,PASS,17,"Unchanged text candidates include names, labels and renderer-owned content; semantic completeness not inferred"
/hospedaje/217/,LIMITACIÓN DE ARQUITECTURA/PRUEBA,PASS,PASS,PASS,PASS,PASS,PASS,PASS,PASS,PASS,PASS,PASS,PASS,15,"Unchanged text candidates include names, labels and renderer-owned content; semantic completeness not inferred"
/hospedaje/54/,LIMITACIÓN DE ARQUITECTURA/PRUEBA,PASS,PASS,PASS,PASS,PASS,PASS,PASS,PASS,PASS,PASS,PASS,PASS,17,"Unchanged text candidates include names, labels and renderer-owned content; semantic completeness not inferred"
/hospedaje/605/,LIMITACIÓN DE ARQUITECTURA/PRUEBA,PASS,PASS,PASS,PASS,PASS,PASS,PASS,PASS,PASS,PASS,PASS,PASS,18,"Unchanged text candidates include names, labels and renderer-owned content; semantic completeness not inferred"
/hospedaje/621/,LIMITACIÓN DE ARQUITECTURA/PRUEBA,PASS,PASS,PASS,PASS,PASS,PASS,PASS,PASS,PASS,PASS,PASS,PASS,17,"Unchanged text candidates include names, labels and renderer-owned content; semantic completeness not inferred"
/hospedaje/702/,LIMITACIÓN DE ARQUITECTURA/PRUEBA,PASS,PASS,PASS,PASS,PASS,PASS,PASS,PASS,PASS,PASS,PASS,PASS,15,"Unchanged text candidates include names, labels and renderer-owned content; semantic completeness not inferred"
/hospedaje/805/,LIMITACIÓN DE ARQUITECTURA/PRUEBA,PASS,PASS,PASS,PASS,PASS,PASS,PASS,PASS,PASS,PASS,PASS,PASS,4,"title EN: renderer overrides phrase dictionary; validate its own source; og:title EN: renderer overrides phrase dictionary; validate its own source; og:description PT: renderer overrides phrase dictionary; validate its own source; og:description EN: renderer overrides phrase dictionary; validate its own source; Unchanged text candidates include names, labels and renderer-owned content; semantic completeness not inferred"
/hospedaje/estudio-1-1/,LIMITACIÓN DE ARQUITECTURA/PRUEBA,PASS,PASS,PASS,PASS,PASS,PASS,PASS,PASS,PASS,PASS,PASS,PASS,2,"Unchanged text candidates include names, labels and renderer-owned content; semantic completeness not inferred"
/hospedaje/goia/,LIMITACIÓN DE ARQUITECTURA/PRUEBA,PASS,PASS,PASS,PASS,PASS,PASS,PASS,PASS,PASS,PASS,PASS,PASS,24,"Unchanged text candidates include names, labels and renderer-owned content; semantic completeness not inferred"
/hospedaje/nata/,LIMITACIÓN DE ARQUITECTURA/PRUEBA,PASS,PASS,PASS,PASS,PASS,PASS,PASS,PASS,PASS,PASS,PASS,PASS,23,"Unchanged text candidates include names, labels and renderer-owned content; semantic completeness not inferred"
/hospedaje/venti/,LIMITACIÓN DE ARQUITECTURA/PRUEBA,PASS,PASS,PASS,PASS,PASS,PASS,PASS,PASS,PASS,PASS,PASS,PASS,25,"Unchanged text candidates include names, labels and renderer-owned content; semantic completeness not inferred"
/hoy/,LIMITACIÓN DE ARQUITECTURA/PRUEBA,PASS,PASS,PASS,PASS,PASS,PASS,PASS,PASS,PASS,PASS,PASS,PASS,9,"Unchanged text candidates include names, labels and renderer-owned content; semantic completeness not inferred"
/naturaleza/,LIMITACIÓN DE ARQUITECTURA/PRUEBA,PASS,PASS,PASS,PASS,PASS,PASS,PASS,PASS,PASS,PASS,PASS,PASS,22,"Unchanged text candidates include names, labels and renderer-owned content; semantic completeness not inferred"
/naturaleza/bico-papagaio/,LIMITACIÓN DE ARQUITECTURA/PRUEBA,PASS,PASS,PASS,PASS,PASS,PASS,PASS,PASS,PASS,PASS,PASS,PASS,4,"Unchanged text candidates include names, labels and renderer-owned content; semantic completeness not inferred"
/naturaleza/catacumba/,LIMITACIÓN DE ARQUITECTURA/PRUEBA,PASS,PASS,PASS,PASS,PASS,PASS,PASS,PASS,PASS,PASS,PASS,PASS,4,"Unchanged text candidates include names, labels and renderer-owned content; semantic completeness not inferred"
/naturaleza/circuito-grutas/,LIMITACIÓN DE ARQUITECTURA/PRUEBA,PASS,PASS,PASS,PASS,PASS,PASS,PASS,PASS,PASS,PASS,PASS,PASS,4,"Unchanged text candidates include names, labels and renderer-owned content; semantic completeness not inferred"
/naturaleza/dois-irmaos-trek/,LIMITACIÓN DE ARQUITECTURA/PRUEBA,PASS,PASS,PASS,PASS,PASS,PASS,PASS,PASS,PASS,PASS,PASS,PASS,4,"Unchanged text candidates include names, labels and renderer-owned content; semantic completeness not inferred"
/naturaleza/parque-flamengo/,LIMITACIÓN DE ARQUITECTURA/PRUEBA,PASS,PASS,PASS,PASS,PASS,PASS,PASS,PASS,PASS,PASS,PASS,PASS,3,"Unchanged text candidates include names, labels and renderer-owned content; semantic completeness not inferred"
/naturaleza/pedra-bonita-trek/,LIMITACIÓN DE ARQUITECTURA/PRUEBA,PASS,PASS,PASS,PASS,PASS,PASS,PASS,PASS,PASS,PASS,PASS,PASS,4,"Unchanged text candidates include names, labels and renderer-owned content; semantic completeness not inferred"
/naturaleza/pedra-gavea-trek/,LIMITACIÓN DE ARQUITECTURA/PRUEBA,PASS,PASS,PASS,PASS,PASS,PASS,PASS,PASS,PASS,PASS,PASS,PASS,4,"Unchanged text candidates include names, labels and renderer-owned content; semantic completeness not inferred"
/naturaleza/pico-tijuca/,LIMITACIÓN DE ARQUITECTURA/PRUEBA,PASS,PASS,PASS,PASS,PASS,PASS,PASS,PASS,PASS,PASS,PASS,PASS,4,"Unchanged text candidates include names, labels and renderer-owned content; semantic completeness not inferred"
/naturaleza/pontal/,LIMITACIÓN DE ARQUITECTURA/PRUEBA,PASS,PASS,PASS,PASS,PASS,PASS,PASS,PASS,PASS,PASS,PASS,PASS,4,"Unchanged text candidates include names, labels and renderer-owned content; semantic completeness not inferred"
/naturaleza/primatas/,LIMITACIÓN DE ARQUITECTURA/PRUEBA,PASS,PASS,PASS,PASS,PASS,PASS,PASS,PASS,PASS,PASS,PASS,PASS,4,"Unchanged text candidates include names, labels and renderer-owned content; semantic completeness not inferred"
/naturaleza/sitio-burle-marx/,LIMITACIÓN DE ARQUITECTURA/PRUEBA,PASS,PASS,PASS,PASS,PASS,PASS,PASS,PASS,PASS,PASS,PASS,PASS,3,"Unchanged text candidates include names, labels and renderer-owned content; semantic completeness not inferred"
/naturaleza/telegrafo-trek/,LIMITACIÓN DE ARQUITECTURA/PRUEBA,PASS,PASS,PASS,PASS,PASS,PASS,PASS,PASS,PASS,PASS,PASS,PASS,4,"Unchanged text candidates include names, labels and renderer-owned content; semantic completeness not inferred"
/playas/,LIMITACIÓN DE ARQUITECTURA/PRUEBA,PASS,PASS,PASS,PASS,PASS,PASS,PASS,PASS,PASS,PASS,PASS,PASS,3,"Unchanged text candidates include names, labels and renderer-owned content; semantic completeness not inferred"
/playas/abrico/,LIMITACIÓN DE ARQUITECTURA/PRUEBA,PASS,PASS,PASS,PASS,PASS,PASS,PASS,PASS,PASS,PASS,PASS,PASS,2,"Unchanged text candidates include names, labels and renderer-owned content; semantic completeness not inferred"
/playas/arpoador/,LIMITACIÓN DE ARQUITECTURA/PRUEBA,PASS,PASS,PASS,PASS,PASS,PASS,PASS,PASS,PASS,PASS,PASS,PASS,2,"Unchanged text candidates include names, labels and renderer-owned content; semantic completeness not inferred"
/playas/botafogo/,LIMITACIÓN DE ARQUITECTURA/PRUEBA,PASS,PASS,PASS,PASS,PASS,PASS,PASS,PASS,PASS,PASS,PASS,PASS,2,"Unchanged text candidates include names, labels and renderer-owned content; semantic completeness not inferred"
/playas/copacabana/,LIMITACIÓN DE ARQUITECTURA/PRUEBA,PASS,PASS,PASS,PASS,PASS,PASS,PASS,PASS,PASS,PASS,PASS,PASS,2,"Unchanged text candidates include names, labels and renderer-owned content; semantic completeness not inferred"
/playas/ipanema/,LIMITACIÓN DE ARQUITECTURA/PRUEBA,PASS,PASS,PASS,PASS,PASS,PASS,PASS,PASS,PASS,PASS,PASS,PASS,2,"Unchanged text candidates include names, labels and renderer-owned content; semantic completeness not inferred"
/playas/joatinga/,LIMITACIÓN DE ARQUITECTURA/PRUEBA,PASS,PASS,PASS,PASS,PASS,PASS,PASS,PASS,PASS,PASS,PASS,PASS,2,"Unchanged text candidates include names, labels and renderer-owned content; semantic completeness not inferred"
/playas/leblon/,LIMITACIÓN DE ARQUITECTURA/PRUEBA,PASS,PASS,PASS,PASS,PASS,PASS,PASS,PASS,PASS,PASS,PASS,PASS,2,"Unchanged text candidates include names, labels and renderer-owned content; semantic completeness not inferred"
/playas/leme/,LIMITACIÓN DE ARQUITECTURA/PRUEBA,PASS,PASS,PASS,PASS,PASS,PASS,PASS,PASS,PASS,PASS,PASS,PASS,2,"Unchanged text candidates include names, labels and renderer-owned content; semantic completeness not inferred"
/playas/praia-da-reserva/,LIMITACIÓN DE ARQUITECTURA/PRUEBA,PASS,PASS,PASS,PASS,PASS,PASS,PASS,PASS,PASS,PASS,PASS,PASS,2,"Unchanged text candidates include names, labels and renderer-owned content; semantic completeness not inferred"
/playas/praia-do-diabo/,LIMITACIÓN DE ARQUITECTURA/PRUEBA,PASS,PASS,PASS,PASS,PASS,PASS,PASS,PASS,PASS,PASS,PASS,PASS,2,"Unchanged text candidates include names, labels and renderer-owned content; semantic completeness not inferred"
/playas/praia-dos-amores/,LIMITACIÓN DE ARQUITECTURA/PRUEBA,PASS,PASS,PASS,PASS,PASS,PASS,PASS,PASS,PASS,PASS,PASS,PASS,2,"Unchanged text candidates include names, labels and renderer-owned content; semantic completeness not inferred"
/playas/praia-vermelha/,LIMITACIÓN DE ARQUITECTURA/PRUEBA,PASS,PASS,PASS,PASS,PASS,PASS,PASS,PASS,PASS,PASS,PASS,PASS,2,"Unchanged text candidates include names, labels and renderer-owned content; semantic completeness not inferred"
/playas/prainha-vidigal/,LIMITACIÓN DE ARQUITECTURA/PRUEBA,PASS,PASS,PASS,PASS,PASS,PASS,PASS,PASS,PASS,PASS,PASS,PASS,2,"Unchanged text candidates include names, labels and renderer-owned content; semantic completeness not inferred"
/playas/recreio/,LIMITACIÓN DE ARQUITECTURA/PRUEBA,PASS,PASS,PASS,PASS,PASS,PASS,PASS,PASS,PASS,PASS,PASS,PASS,2,"Unchanged text candidates include names, labels and renderer-owned content; semantic completeness not inferred"
/playas/sao-conrado/,LIMITACIÓN DE ARQUITECTURA/PRUEBA,PASS,PASS,PASS,PASS,PASS,PASS,PASS,PASS,PASS,PASS,PASS,PASS,2,"Unchanged text candidates include names, labels and renderer-owned content; semantic completeness not inferred"
/privacidad-precios-condiciones/,LIMITACIÓN DE ARQUITECTURA/PRUEBA,PASS,PASS,PASS,PASS,PASS,PASS,PASS,PASS,PASS,PASS,PASS,PASS,5,"description PT: renderer overrides phrase dictionary; validate its own source; description EN: renderer overrides phrase dictionary; validate its own source; og:description PT: renderer overrides phrase dictionary; validate its own source; og:description EN: renderer overrides phrase dictionary; validate its own source; Unchanged text candidates include names, labels and renderer-owned content; semantic completeness not inferred"
/quiero/,LIMITACIÓN DE ARQUITECTURA/PRUEBA,PASS,PASS,PASS,PASS,PASS,PASS,PASS,PASS,PASS,PASS,PASS,PASS,13,"title EN: renderer overrides phrase dictionary; validate its own source; description PT: renderer overrides phrase dictionary; validate its own source; description EN: renderer overrides phrase dictionary; validate its own source; og:title EN: renderer overrides phrase dictionary; validate its own source; og:description PT: renderer overrides phrase dictionary; validate its own source; og:description EN: renderer overrides phrase dictionary; validate its own source; Unchanged text candidates include names, labels and renderer-owned content; semantic completeness not inferred"
/rio-en-vivo/,LIMITACIÓN DE ARQUITECTURA/PRUEBA,PASS,PASS,PASS,PASS,PASS,PASS,PASS,PASS,PASS,PASS,PASS,PASS,3,"Unchanged text candidates include names, labels and renderer-owned content; semantic completeness not inferred"
/television/,LIMITACIÓN DE ARQUITECTURA/PRUEBA,PASS,PASS,PASS,PASS,PASS,PASS,PASS,PASS,PASS,PASS,PASS,PASS,17,"Unchanged text candidates include names, labels and renderer-owned content; semantic completeness not inferred"
/transportes/,LIMITACIÓN DE ARQUITECTURA/PRUEBA,PASS,PASS,PASS,PASS,PASS,PASS,PASS,PASS,PASS,PASS,PASS,PASS,2,"Unchanged text candidates include names, labels and renderer-owned content; semantic completeness not inferred"
/transportes/alquiler-vehiculo/,LIMITACIÓN DE ARQUITECTURA/PRUEBA,PASS,PASS,PASS,PASS,PASS,PASS,PASS,PASS,PASS,PASS,PASS,PASS,2,"Unchanged text candidates include names, labels and renderer-owned content; semantic completeness not inferred"
/transportes/barcas/,LIMITACIÓN DE ARQUITECTURA/PRUEBA,PASS,PASS,PASS,PASS,PASS,PASS,PASS,PASS,PASS,PASS,PASS,PASS,7,"Unchanged text candidates include names, labels and renderer-owned content; semantic completeness not inferred"
/transportes/bicicletas/,LIMITACIÓN DE ARQUITECTURA/PRUEBA,PASS,PASS,PASS,PASS,PASS,PASS,PASS,PASS,PASS,PASS,PASS,PASS,6,"Unchanged text candidates include names, labels and renderer-owned content; semantic completeness not inferred"
/transportes/bonde-santa-teresa/,LIMITACIÓN DE ARQUITECTURA/PRUEBA,PASS,PASS,PASS,PASS,PASS,PASS,PASS,PASS,PASS,PASS,PASS,PASS,2,"Unchanged text candidates include names, labels and renderer-owned content; semantic completeness not inferred"
/transportes/brt/,LIMITACIÓN DE ARQUITECTURA/PRUEBA,PASS,PASS,PASS,PASS,PASS,PASS,PASS,PASS,PASS,PASS,PASS,PASS,3,"Unchanged text candidates include names, labels and renderer-owned content; semantic completeness not inferred"
/transportes/metro/,LIMITACIÓN DE ARQUITECTURA/PRUEBA,PASS,PASS,PASS,PASS,PASS,PASS,PASS,PASS,PASS,PASS,PASS,PASS,2,"Unchanged text candidates include names, labels and renderer-owned content; semantic completeness not inferred"
/transportes/onibus/,LIMITACIÓN DE ARQUITECTURA/PRUEBA,PASS,PASS,PASS,PASS,PASS,PASS,PASS,PASS,PASS,PASS,PASS,PASS,2,"Unchanged text candidates include names, labels and renderer-owned content; semantic completeness not inferred"
/transportes/terminal-gentileza/,LIMITACIÓN DE ARQUITECTURA/PRUEBA,PASS,PASS,PASS,PASS,PASS,PASS,PASS,PASS,PASS,PASS,PASS,PASS,2,"Unchanged text candidates include names, labels and renderer-owned content; semantic completeness not inferred"
/transportes/transporte-privado/,LIMITACIÓN DE ARQUITECTURA/PRUEBA,PASS,PASS,PASS,PASS,PASS,PASS,PASS,PASS,PASS,PASS,PASS,PASS,2,"Unchanged text candidates include names, labels and renderer-owned content; semantic completeness not inferred"
/transportes/trenes/,LIMITACIÓN DE ARQUITECTURA/PRUEBA,PASS,PASS,PASS,PASS,PASS,PASS,PASS,PASS,PASS,PASS,PASS,PASS,4,"Unchanged text candidates include names, labels and renderer-owned content; semantic completeness not inferred"
/transportes/uber/,LIMITACIÓN DE ARQUITECTURA/PRUEBA,PASS,PASS,PASS,PASS,PASS,PASS,PASS,PASS,PASS,PASS,PASS,PASS,2,"Unchanged text candidates include names, labels and renderer-owned content; semantic completeness not inferred"
/transportes/vlt/,LIMITACIÓN DE ARQUITECTURA/PRUEBA,PASS,PASS,PASS,PASS,PASS,PASS,PASS,PASS,PASS,PASS,PASS,PASS,2,"Unchanged text candidates include names, labels and renderer-owned content; semantic completeness not inferred"
/vida-nocturna/,LIMITACIÓN DE ARQUITECTURA/PRUEBA,PASS,PASS,PASS,PASS,PASS,PASS,PASS,PASS,PASS,PASS,PASS,PASS,49,"Unchanged text candidates include names, labels and renderer-owned content; semantic completeness not inferred"
/vida-nocturna/all-in/,LIMITACIÓN DE ARQUITECTURA/PRUEBA,PASS,PASS,PASS,PASS,PASS,PASS,PASS,PASS,PASS,PASS,PASS,PASS,8,"Unchanged text candidates include names, labels and renderer-owned content; semantic completeness not inferred"
/vida-nocturna/armazem-do-senado/,LIMITACIÓN DE ARQUITECTURA/PRUEBA,PASS,PASS,PASS,PASS,PASS,PASS,PASS,PASS,PASS,PASS,PASS,PASS,4,"Unchanged text candidates include names, labels and renderer-owned content; semantic completeness not inferred"
/vida-nocturna/bafo-da-prainha/,LIMITACIÓN DE ARQUITECTURA/PRUEBA,PASS,PASS,PASS,PASS,PASS,PASS,PASS,PASS,PASS,PASS,PASS,PASS,5,"Unchanged text candidates include names, labels and renderer-owned content; semantic completeness not inferred"
/vida-nocturna/bar-bukowski/,LIMITACIÓN DE ARQUITECTURA/PRUEBA,PASS,PASS,PASS,PASS,PASS,PASS,PASS,PASS,PASS,PASS,PASS,PASS,5,"Unchanged text candidates include names, labels and renderer-owned content; semantic completeness not inferred"
/vida-nocturna/bar-da-cachaca/,LIMITACIÓN DE ARQUITECTURA/PRUEBA,PASS,PASS,PASS,PASS,PASS,PASS,PASS,PASS,PASS,PASS,PASS,PASS,5,"Unchanged text candidates include names, labels and renderer-owned content; semantic completeness not inferred"
/vida-nocturna/bar-do-omar/,LIMITACIÓN DE ARQUITECTURA/PRUEBA,PASS,PASS,PASS,PASS,PASS,PASS,PASS,PASS,PASS,PASS,PASS,PASS,5,"Unchanged text candidates include names, labels and renderer-owned content; semantic completeness not inferred"
/vida-nocturna/beco-das-garrafas/,LIMITACIÓN DE ARQUITECTURA/PRUEBA,PASS,PASS,PASS,PASS,PASS,PASS,PASS,PASS,PASS,PASS,PASS,PASS,6,"Unchanged text candidates include names, labels and renderer-owned content; semantic completeness not inferred"
/vida-nocturna/beco-do-rato/,LIMITACIÓN DE ARQUITECTURA/PRUEBA,PASS,PASS,PASS,PASS,PASS,PASS,PASS,PASS,PASS,PASS,PASS,PASS,6,"Unchanged text candidates include names, labels and renderer-owned content; semantic completeness not inferred"
/vida-nocturna/bip-bip/,LIMITACIÓN DE ARQUITECTURA/PRUEBA,PASS,PASS,PASS,PASS,PASS,PASS,PASS,PASS,PASS,PASS,PASS,PASS,6,"Unchanged text candidates include names, labels and renderer-owned content; semantic completeness not inferred"
/vida-nocturna/blue-note-rio/,LIMITACIÓN DE ARQUITECTURA/PRUEBA,PASS,PASS,PASS,PASS,PASS,PASS,PASS,PASS,PASS,PASS,PASS,PASS,5,"Unchanged text candidates include names, labels and renderer-owned content; semantic completeness not inferred"
/vida-nocturna/boa-praca-ipanema/,LIMITACIÓN DE ARQUITECTURA/PRUEBA,PASS,PASS,PASS,PASS,PASS,PASS,PASS,PASS,PASS,PASS,PASS,PASS,7,"Unchanged text candidates include names, labels and renderer-owned content; semantic completeness not inferred"
/vida-nocturna/bosque-bar/,LIMITACIÓN DE ARQUITECTURA/PRUEBA,PASS,PASS,PASS,PASS,PASS,PASS,PASS,PASS,PASS,PASS,PASS,PASS,5,"Unchanged text candidates include names, labels and renderer-owned content; semantic completeness not inferred"
/vida-nocturna/brewteco-botafogo/,LIMITACIÓN DE ARQUITECTURA/PRUEBA,PASS,PASS,PASS,PASS,PASS,PASS,PASS,PASS,PASS,PASS,PASS,PASS,5,"Unchanged text candidates include names, labels and renderer-owned content; semantic completeness not inferred"
/vida-nocturna/cacique-de-ramos/,LIMITACIÓN DE ARQUITECTURA/PRUEBA,PASS,PASS,PASS,PASS,PASS,PASS,PASS,PASS,PASS,PASS,PASS,PASS,5,"Unchanged text candidates include names, labels and renderer-owned content; semantic completeness not inferred"
/vida-nocturna/canastra-bar/,LIMITACIÓN DE ARQUITECTURA/PRUEBA,PASS,PASS,PASS,PASS,PASS,PASS,PASS,PASS,PASS,PASS,PASS,PASS,2,"Unchanged text candidates include names, labels and renderer-owned content; semantic completeness not inferred"
/vida-nocturna/carioca-da-gema/,LIMITACIÓN DE ARQUITECTURA/PRUEBA,PASS,PASS,PASS,PASS,PASS,PASS,PASS,PASS,PASS,PASS,PASS,PASS,5,"Unchanged text candidates include names, labels and renderer-owned content; semantic completeness not inferred"
/vida-nocturna/chopperia-botafogo/,LIMITACIÓN DE ARQUITECTURA/PRUEBA,PASS,PASS,PASS,PASS,PASS,PASS,PASS,PASS,PASS,PASS,PASS,PASS,7,"Unchanged text candidates include names, labels and renderer-owned content; semantic completeness not inferred"
/vida-nocturna/circo-voador/,LIMITACIÓN DE ARQUITECTURA/PRUEBA,PASS,PASS,PASS,PASS,PASS,PASS,PASS,PASS,PASS,PASS,PASS,PASS,5,"Unchanged text candidates include names, labels and renderer-owned content; semantic completeness not inferred"
/vida-nocturna/coisas-de-bamba/,LIMITACIÓN DE ARQUITECTURA/PRUEBA,PASS,PASS,PASS,PASS,PASS,PASS,PASS,PASS,PASS,PASS,PASS,PASS,6,"Unchanged text candidates include names, labels and renderer-owned content; semantic completeness not inferred"
/vida-nocturna/comuna/,LIMITACIÓN DE ARQUITECTURA/PRUEBA,PASS,PASS,PASS,PASS,PASS,PASS,PASS,PASS,PASS,PASS,PASS,PASS,2,"Unchanged text candidates include names, labels and renderer-owned content; semantic completeness not inferred"
/vida-nocturna/coordenadas-bar/,LIMITACIÓN DE ARQUITECTURA/PRUEBA,PASS,PASS,PASS,PASS,PASS,PASS,PASS,PASS,PASS,PASS,PASS,PASS,8,"Unchanged text candidates include names, labels and renderer-owned content; semantic completeness not inferred"
/vida-nocturna/feira-sao-cristovao-noite/,LIMITACIÓN DE ARQUITECTURA/PRUEBA,PASS,PASS,PASS,PASS,PASS,PASS,PASS,PASS,PASS,PASS,PASS,PASS,3,"Unchanged text candidates include names, labels and renderer-owned content; semantic completeness not inferred"
/vida-nocturna/fogo-de-chao-botafogo/,LIMITACIÓN DE ARQUITECTURA/PRUEBA,PASS,PASS,PASS,PASS,PASS,PASS,PASS,PASS,PASS,PASS,PASS,PASS,5,"Unchanged text candidates include names, labels and renderer-owned content; semantic completeness not inferred"
/vida-nocturna/fundicao-progresso/,LIMITACIÓN DE ARQUITECTURA/PRUEBA,PASS,PASS,PASS,PASS,PASS,PASS,PASS,PASS,PASS,PASS,PASS,PASS,4,"Unchanged text candidates include names, labels and renderer-owned content; semantic completeness not inferred"
/vida-nocturna/galeria-cafe/,LIMITACIÓN DE ARQUITECTURA/PRUEBA,PASS,PASS,PASS,PASS,PASS,PASS,PASS,PASS,PASS,PASS,PASS,PASS,2,"Unchanged text candidates include names, labels and renderer-owned content; semantic completeness not inferred"
/vida-nocturna/isabel-lounge/,LIMITACIÓN DE ARQUITECTURA/PRUEBA,PASS,PASS,PASS,PASS,PASS,PASS,PASS,PASS,PASS,PASS,PASS,PASS,5,"Unchanged text candidates include names, labels and renderer-owned content; semantic completeness not inferred"
/vida-nocturna/lapa-40-graus/,LIMITACIÓN DE ARQUITECTURA/PRUEBA,PASS,PASS,PASS,PASS,PASS,PASS,PASS,PASS,PASS,PASS,PASS,PASS,5,"Unchanged text candidates include names, labels and renderer-owned content; semantic completeness not inferred"
/vida-nocturna/leviano-bar/,LIMITACIÓN DE ARQUITECTURA/PRUEBA,PASS,PASS,PASS,PASS,PASS,PASS,PASS,PASS,PASS,PASS,PASS,PASS,4,"Unchanged text candidates include names, labels and renderer-owned content; semantic completeness not inferred"
/vida-nocturna/macuna/,LIMITACIÓN DE ARQUITECTURA/PRUEBA,PASS,PASS,PASS,PASS,PASS,PASS,PASS,PASS,PASS,PASS,PASS,PASS,5,"Unchanged text candidates include names, labels and renderer-owned content; semantic completeness not inferred"
/vida-nocturna/moonlounge/,LIMITACIÓN DE ARQUITECTURA/PRUEBA,PASS,PASS,PASS,PASS,PASS,PASS,PASS,PASS,PASS,PASS,PASS,PASS,6,"Unchanged text candidates include names, labels and renderer-owned content; semantic completeness not inferred"
/vida-nocturna/nosso/,LIMITACIÓN DE ARQUITECTURA/PRUEBA,PASS,PASS,PASS,PASS,PASS,PASS,PASS,PASS,PASS,PASS,PASS,PASS,6,"Unchanged text candidates include names, labels and renderer-owned content; semantic completeness not inferred"
/vida-nocturna/ocya-ilha-primeira/,LIMITACIÓN DE ARQUITECTURA/PRUEBA,PASS,PASS,PASS,PASS,PASS,PASS,PASS,PASS,PASS,PASS,PASS,PASS,5,"Unchanged text candidates include names, labels and renderer-owned content; semantic completeness not inferred"
/vida-nocturna/pedra-do-sal/,LIMITACIÓN DE ARQUITECTURA/PRUEBA,PASS,PASS,PASS,PASS,PASS,PASS,PASS,PASS,PASS,PASS,PASS,PASS,5,"Unchanged text candidates include names, labels and renderer-owned content; semantic completeness not inferred"
/vida-nocturna/pink-flamingo/,LIMITACIÓN DE ARQUITECTURA/PRUEBA,PASS,PASS,PASS,PASS,PASS,PASS,PASS,PASS,PASS,PASS,PASS,PASS,8,"Unchanged text candidates include names, labels and renderer-owned content; semantic completeness not inferred"
/vida-nocturna/pizzaria-canastra/,LIMITACIÓN DE ARQUITECTURA/PRUEBA,PASS,PASS,PASS,PASS,PASS,PASS,PASS,PASS,PASS,PASS,PASS,PASS,6,"Unchanged text candidates include names, labels and renderer-owned content; semantic completeness not inferred"
/vida-nocturna/portela/,LIMITACIÓN DE ARQUITECTURA/PRUEBA,PASS,PASS,PASS,PASS,PASS,PASS,PASS,PASS,PASS,PASS,PASS,PASS,5,"Unchanged text candidates include names, labels and renderer-owned content; semantic completeness not inferred"
/vida-nocturna/quadra-mangueira/,LIMITACIÓN DE ARQUITECTURA/PRUEBA,PASS,PASS,PASS,PASS,PASS,PASS,PASS,PASS,PASS,PASS,PASS,PASS,5,"Unchanged text candidates include names, labels and renderer-owned content; semantic completeness not inferred"
/vida-nocturna/quadra-salgueiro/,LIMITACIÓN DE ARQUITECTURA/PRUEBA,PASS,PASS,PASS,PASS,PASS,PASS,PASS,PASS,PASS,PASS,PASS,PASS,5,"Unchanged text candidates include names, labels and renderer-owned content; semantic completeness not inferred"
/vida-nocturna/quartinho/,LIMITACIÓN DE ARQUITECTURA/PRUEBA,PASS,PASS,PASS,PASS,PASS,PASS,PASS,PASS,PASS,PASS,PASS,PASS,5,"Unchanged text candidates include names, labels and renderer-owned content; semantic completeness not inferred"
/vida-nocturna/renascenca-clube/,LIMITACIÓN DE ARQUITECTURA/PRUEBA,PASS,PASS,PASS,PASS,PASS,PASS,PASS,PASS,PASS,PASS,PASS,PASS,5,"Unchanged text candidates include names, labels and renderer-owned content; semantic completeness not inferred"
/vida-nocturna/rio-scenarium/,LIMITACIÓN DE ARQUITECTURA/PRUEBA,PASS,PASS,PASS,PASS,PASS,PASS,PASS,PASS,PASS,PASS,PASS,PASS,5,"Unchanged text candidates include names, labels and renderer-owned content; semantic completeness not inferred"
/vida-nocturna/sacadura-154/,LIMITACIÓN DE ARQUITECTURA/PRUEBA,PASS,PASS,PASS,PASS,PASS,PASS,PASS,PASS,PASS,PASS,PASS,PASS,5,"Unchanged text candidates include names, labels and renderer-owned content; semantic completeness not inferred"
/vida-nocturna/trapiche-gamboa/,LIMITACIÓN DE ARQUITECTURA/PRUEBA,PASS,PASS,PASS,PASS,PASS,PASS,PASS,PASS,PASS,PASS,PASS,PASS,5,"Unchanged text candidates include names, labels and renderer-owned content; semantic completeness not inferred"
/vida-nocturna/vaca-atolada/,LIMITACIÓN DE ARQUITECTURA/PRUEBA,PASS,PASS,PASS,PASS,PASS,PASS,PASS,PASS,PASS,PASS,PASS,PASS,5,"Unchanged text candidates include names, labels and renderer-owned content; semantic completeness not inferred"
/vida-nocturna/vitrinni/,LIMITACIÓN DE ARQUITECTURA/PRUEBA,PASS,PASS,PASS,PASS,PASS,PASS,PASS,PASS,PASS,PASS,PASS,PASS,5,"Unchanged text candidates include names, labels and renderer-owned content; semantic completeness not inferred"
/vida-nocturna/xepa/,LIMITACIÓN DE ARQUITECTURA/PRUEBA,PASS,PASS,PASS,PASS,PASS,PASS,PASS,PASS,PASS,PASS,PASS,PASS,5,"Unchanged text candidates include names, labels and renderer-owned content; semantic completeness not inferred"
/vida-nocturna/yoo2/,LIMITACIÓN DE ARQUITECTURA/PRUEBA,PASS,PASS,PASS,PASS,PASS,PASS,PASS,PASS,PASS,PASS,PASS,PASS,5,"Unchanged text candidates include names, labels and renderer-owned content; semantic completeness not inferred"
/vida-nocturna/zeca-vogue/,LIMITACIÓN DE ARQUITECTURA/PRUEBA,PASS,PASS,PASS,PASS,PASS,PASS,PASS,PASS,PASS,PASS,PASS,PASS,5,"Unchanged text candidates include names, labels and renderer-owned content; semantic completeness not inferred"
