ruta_hostinger,referencias_validas,rutas_de_pagina,estado
ernestinho pagina home.png,1,/,referencia de página válida
GUIA DE RIO/RIO MES A MES/riodejaneiro-calor para rio mes a mes.jpg,1,/guia/mes-a-mes,referencia de página válida
GUIA DE RIO/MINIATURA GUIA RIO PIX.png,2,/guia; /guia/pix,referencia de página válida
GUIA DE RIO/VIAJAR CON MENORES/VIAJAR CON MENORES DENTRO  (1).jpg,1,/guia/menores,referencia de página válida
GUIA DE RIO/VIAJAR CON MENORES/VIAJAR CON MENORES DEBAJO DE PORTADA.jpg,1,/guia/menores,referencia de página válida
GUIA DE RIO/MALETA Y CLIMA/MALETA Y CLIMA ARREGLANDO LAS MALETAS.png,1,/consejos/maletas-rio,referencia de página válida
GUIA DE RIO/MALETA Y CLIMA/para clima en rio 2 con termometro.jpg,2,/consejos/maletas-rio; /guia/mes-a-mes,referencia de página válida
GUIA DE RIO/MALETA Y CLIMA/para clima en rio.jpg,2,/consejos/maletas-rio; /guia/mes-a-mes,referencia de página válida
GUIA DE RIO/MALETA Y CLIMA/maleta y clima calor-riodejaneiro.jpg,1,/consejos/maletas-rio,referencia de página válida
GUIA DE RIO/MINIATURA GUIA RIO  ENCHUFES Y VOLTAJE.png,2,/consejos/electricidad-adaptadores; /guia,referencia de página válida
GUIA DE RIO/MINIATURA GUIA RIO ALQUILER DE AUTOS.png,2,/guia; /guia/alquiler-auto,referencia de página válida
GUIA DE RIO/DONDE ALOJARSE EN RIO/DONDE ALOJARSE BOTAFOGO ATERR.jpg,1,/guia/donde-alojarse,referencia de página válida
GUIA DE RIO/DONDE ALOJARSE EN RIO/DONDE ALOJARSE DEBAJO DE TITULO.jpg,1,/guia/donde-alojarse,referencia de página válida
GUIA DE RIO/DONDE ALOJARSE EN RIO/IPANEMAS12.jpg,1,/guia/donde-alojarse,referencia de página válida
GUIA DE RIO/DONDE ALOJARSE EN RIO/DONDE ALOJARSE COPACABANA.jpg,1,/guia/donde-alojarse,referencia de página válida
GUIA DE RIO/DONDE ALOJARSE EN RIO/DONDE ALOJARSE BARRA DE TIJUCA.jpg,1,/guia/donde-alojarse,referencia de página válida
GUIA DE RIO/DONDE ALOJARSE EN RIO/DONDE ALOJARSE CENTRO.jpg,1,/guia/donde-alojarse,referencia de página válida
GUIA DE RIO/SEGURO Y SALUD/ABAJO PORTADA SEGURO Y SALUD.jpg,1,/guia/seguro,referencia de página válida
GUIA DE RIO/SEGURO Y SALUD/BANNER ASSIST CARD.png,1,/guia/seguro,referencia de página válida
GUIA DE RIO/MINIATURA VIAJANDO SOLO.png,1,/guia/viajar-solo,referencia de página válida
GUIA DE RIO/MINIATURA GUIA RIO COMO MOVERSE.png,2,/guia; /transportes,referencia de página válida
GUIA DE RIO/MINIATURA GUIA RIO  INTERNET Y E SIM.png,2,/guia; /guia/internet,referencia de página válida
GUIA DE RIO/MINIATURA GUIA RIO GUARDA EQUIPAJE.png,1,/guia/guarda-equipaje,referencia de página válida
GUIA DE RIO/APP UTILIES/para apps.png,1,/guia/apps,referencia de página válida
GUIA DE RIO/APP UTILIES/apps pix.png,2,/guia/apps; /guia/pix,referencia de página válida
GUIA DE RIO/INTERNET Y E SIM/chip-virtual-viagem-eSIM-Airalo-capa-2019.jpg,1,/guia/internet,referencia de página válida
GUIA DE RIO/INTERNET Y E SIM/celular para abajo de titulo.jpg,1,/guia/internet,referencia de página válida
GUIA DE RIO/INTERNET Y E SIM/chip tim.jpg,1,/guia/internet,referencia de página válida
GUIA DE RIO/MINIATURA GUIA RIO  RIO MES A MES.png,2,/guia; /guia/mes-a-mes,referencia de página válida
GUIA DE RIO/MINIATURA GUIA RIO DINERO Y PRESUPUESTOS.png,2,/guia; /guia/dinero,referencia de página válida
GUIA DE RIO/MINIATURA GUIA RIO  TERMINALES.png,2,/guia; /guia/terminales,referencia de página válida
GUIA DE RIO/MINIATURA GUIA RIO  CONSULADOS.png,1,/guia/consulados,referencia de página válida
GUIA DE RIO/DOCUMENTOS Y ENTRADA/ERNESTINHO DOCUMENTOS Y ENTRADA.png,1,/guia/documentos,referencia de página válida
GUIA DE RIO/MINIATURA GUIA RIO  SEGURIDAD Y EMERGENCIAS.png,2,/guia; /guia/emergencias,referencia de página válida
GUIA DE RIO/MINIATURA GUIA RIO  MALETA Y CLIMA.png,2,/guia; /guia/mes-a-mes,referencia de página válida
GUIA DE RIO/GUARDA EQUIPAJE/GUARDA EQUIPAJE ESPAÑOL (1).png,1,/guia/guarda-equipaje,referencia de página válida
GUIA DE RIO/GUARDA EQUIPAJE/GUARDA EQUIPAJE PT (1).png,1,/guia/guarda-equipaje,referencia de página válida
GUIA DE RIO/GUARDA EQUIPAJE/GUARDA EQUIPAJE ENG (2).png,1,/guia/guarda-equipaje,referencia de página válida
GUIA DE RIO/GUARDA EQUIPAJE/bounce 03.jpg,1,/guia/guarda-equipaje,referencia de página válida
GUIA DE RIO/GUARDA EQUIPAJE/GUARDA EQUIPAJE ENG (3).png,1,/guia/guarda-equipaje,referencia de página válida
GUIA DE RIO/GUARDA EQUIPAJE/GUARDA EQUIPAJE ESPAÑOL (4).png,1,/guia/guarda-equipaje,referencia de página válida
GUIA DE RIO/GUARDA EQUIPAJE/GUARDA EQUIPAJE ESPAÑOL (3).png,1,/guia/guarda-equipaje,referencia de página válida
GUIA DE RIO/GUARDA EQUIPAJE/GUARDA EQUIPAJE PT (3).png,1,/guia/guarda-equipaje,referencia de página válida
GUIA DE RIO/GUARDA EQUIPAJE/GUARDA EQUIPAJE ESPAÑOL (2).png,1,/guia/guarda-equipaje,referencia de página válida
GUIA DE RIO/GUARDA EQUIPAJE/bounce 02.jpg,1,/guia/guarda-equipaje,referencia de página válida
GUIA DE RIO/GUARDA EQUIPAJE/GUARDA EQUIPAJE PT (2).png,1,/guia/guarda-equipaje,referencia de página válida
GUIA DE RIO/GUARDA EQUIPAJE/GUARDA EQUIPAJE ENG (1).png,1,/guia/guarda-equipaje,referencia de página válida
GUIA DE RIO/GUARDA EQUIPAJE/bounce 1.png,1,/guia/guarda-equipaje,referencia de página válida
GUIA DE RIO/CONSULADOS/CENTORD.jpg,1,/guia/consulados,referencia de página válida
GUIA DE RIO/CONSULADOS/consulados del mundo.jpg,1,/guia/consulados,referencia de página válida
GUIA DE RIO/TERMINALES/rodoviaria_novo_rio_miniatura_1200x454.jpg,1,/guia/terminales,referencia de página válida
GUIA DE RIO/TERMINALES/pier maua con crucero.jpg,1,/guia/terminales,referencia de página válida
GUIA DE RIO/VACUNAS/GUIA DE RIO VACUNAS.jpeg,1,/guia/vacunas,referencia de página válida
GUIA DE RIO/CPF PARA EXTRANJEORS/DEBAJO DE TITULO.png,1,/guia/cpf,referencia de página válida
GUIA DE RIO/CPF PARA EXTRANJEORS/cpf brasil.jpg,1,/guia/cpf,referencia de página válida
GUIA DE RIO/VIAJAR SOLO O SOLA/sola en mirador.jpg,1,/guia/viajar-solo,referencia de página válida
GUIA DE RIO/VIAJAR SOLO O SOLA/sola en la playa.jpg,2,/guia; /guia/viajar-solo,referencia de página válida
GUIA DE RIO/AEROPUERTOS/AEROPUERTOS aeroporto galeao.jpg,1,/guia/aeropuertos,referencia de página válida
GUIA DE RIO/AEROPUERTOS/AEROPUERTOS santod doumont.jpg,1,/guia/aeropuertos,referencia de página válida
GUIA DE RIO/ACCESIBILIDAD/pcd cristo.jpg,1,/guia/accesibilidad,referencia de página válida
GUIA DE RIO/ACCESIBILIDAD/pcd pan.jpg,1,/guia/accesibilidad,referencia de página válida
GUIA DE RIO/MINIATURA GUIA RIO DONDE ALOJARSE.png,2,/guia; /guia/donde-alojarse,referencia de página válida
GUIA DE RIO/MINIATURA CONSULADOS.png,2,/guia; /guia/consulados,referencia de página válida
GUIA DE RIO/MINIATUA APPS.png,2,/guia; /guia/apps,referencia de página válida
GUIA DE RIO/MINIATURA GUIA RIO VIAJANDO CON MENORES.png,2,/guia; /guia/menores,referencia de página válida
GUIA DE RIO/MINIATURA GUIA RIO VACUNAS.png,2,/guia; /guia/vacunas,referencia de página válida
GUIA DE RIO/PERMANENCIA Y EXTENSION/santos doumont migracao va para permanencia.jpg,1,/guia/permanencia,referencia de página válida
GUIA DE RIO/ALQUILER DE AUTO/banner rent cars.png,1,/guia/alquiler-auto,referencia de página válida
GUIA DE RIO/ALQUILER DE AUTO/alquiler auto.jpg,1,/guia/alquiler-auto,referencia de página válida
GUIA DE RIO/MINIATURAS GUIA RIO  PERMANENCIA Y EXTENCION.png,2,/guia; /guia/permanencia,referencia de página válida
GUIA DE RIO/CLIMA HOME.jpg,1,/guia/mes-a-mes,referencia de página válida
GUIA DE RIO/MINIATURA GUIA RIO AEROPUERTOS.png,2,/guia; /guia/aeropuertos,referencia de página válida
GUIA DE RIO/DINERO Y TARJETAS/DINERO Y TARJETAS billetes brasil (1).png,1,/guia/dinero,referencia de página válida
GUIA DE RIO/DINERO Y TARJETAS/DINERO Y TARJETAS MONEDAS brasil (2).png,1,/guia/dinero,referencia de página válida
GUIA DE RIO/DINERO Y TARJETAS/ABAJO DE TITULO.jpg,1,/guia/dinero,referencia de página válida
GUIA DE RIO/MINIATURA GUIA RIO ACCESIBILIDAD.png,2,/guia; /guia/accesibilidad,referencia de página válida
GUIA DE RIO/MINIATURA DOCUMENTOS Y ENTRADA.png,2,/guia; /guia/documentos,referencia de página válida
GUIA DE RIO/SEGURIDAD Y EMERGENCIAS/salud y emergrencias.jpeg,1,/guia/emergencias,referencia de página válida
GUIA DE RIO/GUIA COMPLETA DE PIX/pagando con pix.jpg,1,/guia/pix,referencia de página válida
GUIA DE RIO/GUIA COMPLETA DE PIX/pix brasil.jpg,1,/guia/pix,referencia de página válida
GUIA DE RIO/MINIATURA CPF PARA EXTRANGEROS.png,2,/guia; /guia/cpf,referencia de página válida
BUZIOS/minitatura para donde comer buzios.jpg,1,/destinos/buzios,referencia de página válida
BUZIOS/miniaturas chilenos en buzios.jpg,1,/destinos/buzios,referencia de página válida
BUZIOS/miniatura buzios con bebes niños y adolecentes.jpg,1,/destinos/buzios,referencia de página válida
BUZIOS/miniatura viaje sin sopresas.jpg,1,/destinos/buzios,referencia de página válida
BUZIOS/miniatura buzios mes a mes.jpeg,1,/destinos/buzios,referencia de página válida
BUZIOS/miniatura una zona para cada ritmo.jpg,1,/destinos/buzios,referencia de página válida
BUZIOS/minitatura necesito resolver algo en buzios.jpg,1,/destinos/buzios,referencia de página válida
BUZIOS/minitatura internet sim buzios.jpg,1,/destinos/buzios,referencia de página válida
BUZIOS/minitatura para como moverse buzios.jpg,1,/destinos/buzios,referencia de página válida
BUZIOS/minitatura para donde alojarse buzios.jpg,1,/destinos/buzios,referencia de página válida
BUZIOS/miniatura cruceros en buzios MSC-Armonia-Buzios.jpg,1,/destinos/buzios,referencia de página válida
BUZIOS/miniatura compras en buzios.jpg,1,/destinos/buzios,referencia de página válida
BUZIOS/minitatura para donde comeue hacer buzios.jpg,1,/destinos/buzios,referencia de página válida
BUZIOS/minitatura para playas buzios.jpg,1,/destinos/buzios,referencia de página válida
BUZIOS/miniatura que noche quieres vivir en buzios.jpg,1,/destinos/buzios,referencia de página válida
BUZIOS/minitatura para experiencias buzios.jpg,1,/destinos/buzios,referencia de página válida
BUZIOS/miniaturas eventos en buzios.jpg,1,/destinos/buzios,referencia de página válida
BUZIOS/miniatura supermercados en buzios.webp,1,/destinos/buzios,referencia de página válida
BUZIOS/miniatura buzios con mascotas.jpg,1,/destinos/buzios,referencia de página válida
BUZIOS/miniaturas argentinos en buzios.jpg,1,/destinos/buzios,referencia de página válida
BUZIOS/miniatura buzios segun tu forma de viajar.jpg,1,/destinos/buzios,referencia de página válida
BUZIOS/minitatura seguridad buzios.jpg,1,/destinos/buzios,referencia de página válida
BUZIOS/miniatura playas con personalidades distintas.jpg,1,/destinos/buzios,referencia de página válida
BUZIOS/miniaturas actividades con salida local.jpg,1,/destinos/buzios,referencia de página válida
BUZIOS/BUCEO BATISMO/BUCEO BATISMO (3).jpg,0,,pendiente: sin referencia exacta
BUZIOS/BUCEO BATISMO/BUCEO BATISMO (11).jpg,0,,pendiente: sin referencia exacta
BUZIOS/BUCEO BATISMO/BUCEO BATISMO (5).jpg,0,,pendiente: sin referencia exacta
BUZIOS/BUCEO BATISMO/BUCEO BATISMO (1).jpg,0,,pendiente: sin referencia exacta
BUZIOS/BUCEO BATISMO/BUCEO BATISMO (6).jpg,0,,pendiente: sin referencia exacta
BUZIOS/BUCEO BATISMO/BUCEO BATISMO (10).jpg,0,,pendiente: sin referencia exacta
BUZIOS/BUCEO BATISMO/BUCEO BATISMO (7).jpg,0,,pendiente: sin referencia exacta
BUZIOS/BUCEO BATISMO/BUCEO BATISMO (9).jpg,0,,pendiente: sin referencia exacta
BUZIOS/BUCEO BATISMO/BUCEO BATISMO (4).jpg,0,,pendiente: sin referencia exacta
BUZIOS/BUCEO BATISMO/BUCEO BATISMO (8).jpg,0,,pendiente: sin referencia exacta
BUZIOS/BUCEO BATISMO/BUCEO BATISMO (2).jpg,0,,pendiente: sin referencia exacta
BUZIOS/minitatura salud buzios.jpg,1,/destinos/buzios,referencia de página válida
BUZIOS/miniatura elige tu perfil buzios.png,1,/destinos/buzios,referencia de página válida
BUZIOS/minitatura movilidad reduzida.jpg,1,/destinos/buzios,referencia de página válida
BUZIOS/miniatura dinero tarjeta pix buzios.jpg,1,/destinos/buzios,referencia de página válida
BUZIOS/miniatura comer pasear y volver.jpg,1,/destinos/buzios,referencia de página válida
BUZIOS/minitatura llegada complet.jpg,1,/destinos/buzios,referencia de página válida
restaurantes/confeitaria-colombo copa.jpg,1,/gastronomia/confeitaria-colombo,referencia de página válida
restaurantes/Alloro al Miramar/mesa-variada-de-doces Alloro al Miramar.jpg,1,/gastronomia/alloro,referencia de página válida
restaurantes/Alloro al Miramar/Alloro al Miramar 1.jpg,1,/gastronomia/alloro,referencia de página válida
restaurantes/Alloro al Miramar/mesa-de-acompanhamentos Alloro al Miramar.jpg,1,/gastronomia/alloro,referencia de página válida
restaurantes/Alloro al Miramar/a-chef-juliana-magioli Alloro al Miramar.jpg,1,/gastronomia/alloro,referencia de página válida
restaurantes/Alloro al Miramar/alloro-al-miramar 2.jpg,1,/gastronomia/alloro,referencia de página válida
restaurantes/Alloro al Miramar/vista-que-o-maravilhoso Alloro al Miramar.jpg,1,/gastronomia/alloro,referencia de página válida
restaurantes/Alloro al Miramar/alloro-al-miramar 3.jpg,1,/gastronomia/alloro,referencia de página válida
restaurantes/Explorer Bar/explorer bar4.jpg,1,/gastronomia/explorer,referencia de página válida
restaurantes/Explorer Bar/explorer bar5.jpg,1,/gastronomia/explorer,referencia de página válida
restaurantes/Explorer Bar/explorer bar2.jpg,1,/gastronomia/explorer,referencia de página válida
restaurantes/Explorer Bar/explorer bar6.jpg,1,/gastronomia/explorer,referencia de página válida
restaurantes/Explorer Bar/o-patio-do-explorer-bar.jpg,2,/gastronomia; /gastronomia/explorer,referencia de página válida
restaurantes/Explorer Bar/explorer bar3.jpg,1,/gastronomia/explorer,referencia de página válida
restaurantes/Boteco Belmonte Ipanema/Boteco Belmonte Ipanema8.jpg,1,/gastronomia/belmonte-ipanema,referencia de página válida
restaurantes/Boteco Belmonte Ipanema/Boteco Belmonte Ipanema5.jpg,1,/gastronomia/belmonte-ipanema,referencia de página válida
restaurantes/Boteco Belmonte Ipanema/Boteco Belmonte Ipanema3.jpg,1,/gastronomia/belmonte-ipanema,referencia de página válida
restaurantes/Boteco Belmonte Ipanema/Boteco Belmonte Ipanema4.jpg,1,/gastronomia/belmonte-ipanema,referencia de página válida
restaurantes/Boteco Belmonte Ipanema/Boteco Belmonte Ipanema2.jpg,1,/gastronomia/belmonte-ipanema,referencia de página válida
restaurantes/Boteco Belmonte Ipanema/Boteco Belmonte Ipanema1.jpg,1,/gastronomia/belmonte-ipanema,referencia de página válida
restaurantes/Boteco Belmonte Ipanema/Boteco Belmonte Ipanema7.jpg,1,/gastronomia/belmonte-ipanema,referencia de página válida
restaurantes/Casa Cavé/Casa Cavé22.jpg,1,/gastronomia/casa-cave,referencia de página válida
restaurantes/Casa Cavé/casa cave fuera.jpg,1,/gastronomia/casa-cave,referencia de página válida
restaurantes/Casa Cavé/Casa Cavé2.jpg,1,/gastronomia/casa-cave,referencia de página válida
restaurantes/Casa Cavé/Casa Cavé1.jpg,1,/gastronomia/casa-cave,referencia de página válida
restaurantes/Casa Cavé/interior-del-cafecasa cave.jpg,1,/gastronomia/casa-cave,referencia de página válida
restaurantes/Casa Cavé/casa cave4.jpg,1,/gastronomia/casa-cave,referencia de página válida
restaurantes/Galeto Sat’s/Galeto Sat’s 4.jpg,1,/gastronomia/galeto-sats,referencia de página válida
restaurantes/Galeto Sat’s/vc-tem-que-provar-isso Galeto Sat’s.jpg,1,/gastronomia/galeto-sats,referencia de página válida
restaurantes/Galeto Sat’s/picanha-suina-maravilha Galeto Sat’s.jpg,1,/gastronomia/galeto-sats,referencia de página válida
restaurantes/Galeto Sat’s/contra-file Galeto Sat’s.jpg,1,/gastronomia/galeto-sats,referencia de página válida
restaurantes/Galeto Sat’s/Galeto Sat’s 1.jpg,1,/gastronomia/galeto-sats,referencia de página válida
restaurantes/Galeto Sat’s/Galeto Sat’s 6.jpg,1,/gastronomia/galeto-sats,referencia de página válida
restaurantes/Galeto Sat’s/galeto-sat-s grill.jpg,1,/gastronomia/galeto-sats,referencia de página válida
restaurantes/Jojô Bistrô/Jojô Bistrô5.jpg,1,/gastronomia/jojo,referencia de página válida
restaurantes/Jojô Bistrô/Jojô Bistrô2.jpg,1,/gastronomia/jojo,referencia de página válida
restaurantes/Jojô Bistrô/Jojô Bistrô4.jpg,1,/gastronomia/jojo,referencia de página válida
restaurantes/Jojô Bistrô/jojo-cafe-bistro3.jpg,2,/gastronomia; /gastronomia/jojo,referencia de página válida
restaurantes/Jojô Bistrô/Jojô Bistrô1.jpg,1,/gastronomia/jojo,referencia de página válida
restaurantes/k08/k08.jpg,1,/gastronomia/k08,referencia de página válida
restaurantes/k08/almoco-no-k08.jpg,1,/gastronomia/k08,referencia de página válida
restaurantes/k08/k08d.jpg,1,/gastronomia/k08,referencia de página válida
restaurantes/k08/nosso-visual k08.jpg,1,/gastronomia/k08,referencia de página válida
restaurantes/k08/k08c.jpg,1,/gastronomia/k08,referencia de página válida
restaurantes/Bar Urca/bar-e-restaurante-urca comida.jpg,1,/gastronomia/bar-urca,referencia de página válida
restaurantes/Bar Urca/restaurante-ou-pintura  bar da urca.jpg,1,/gastronomia/bar-urca,referencia de página válida
restaurantes/Bar Urca/top-10-camarao-a-milanesa  bar da urca.jpg,1,/gastronomia/bar-urca,referencia de página válida
restaurantes/Bar Urca/camarao-na-moranga-imperdivel Bar Urca.jpg,1,/gastronomia/bar-urca,referencia de página válida
restaurantes/Bar Urca/bar da urca vista.jpg,1,/gastronomia/bar-urca,referencia de página válida
restaurantes/Bar Urca/top-5-moqueca-de-camarao bar da urca.jpg,1,/gastronomia/bar-urca,referencia de página válida
restaurantes/Bar Urca/drink-e-petiscos-no-bar  bar da urca.jpg,1,/gastronomia/bar-urca,referencia de página válida
restaurantes/Bar Urca/show  bar da urca.jpg,1,/gastronomia/bar-urca,referencia de página válida
restaurantes/Bar Urca/top-5-polvo-grelhado  bar da urca.jpg,1,/gastronomia/bar-urca,referencia de página válida
restaurantes/Bar Urca/sobremesas  bar da urca.jpg,1,/gastronomia/bar-urca,referencia de página válida
restaurantes/Sushi Leblon/sushi-lebloninetd.jpg,1,/gastronomia/sushi-leblon,referencia de página válida
restaurantes/Sushi Leblon/Sushi Leblon1qw.jpg,1,/gastronomia/sushi-leblon,referencia de página válida
restaurantes/Sushi Leblon/sushi-leblon 4.jpg,1,/gastronomia/sushi-leblon,referencia de página válida
restaurantes/Sushi Leblon/Sushi Leblon1.jpg,1,/gastronomia/sushi-leblon,referencia de página válida
restaurantes/Sushi Leblon/um-pouquinho-da-nossa Sushi Leblon.jpg,1,/gastronomia/sushi-leblon,referencia de página válida
restaurantes/Sushi Leblon/sushi-leblon salon.jpg,1,/gastronomia/sushi-leblon,referencia de página válida
restaurantes/Sushi Leblon/atum-fresco-ovas-negras Sushi Leblon.jpg,1,/gastronomia/sushi-leblon,referencia de página válida
restaurantes/Casa Porto/Casa Porto5.jpg,1,/gastronomia/casa-porto,referencia de página válida
restaurantes/Casa Porto/Casa Porto7.jpg,1,/gastronomia/casa-porto,referencia de página válida
restaurantes/Casa Porto/Casa Porto2.jpg,1,/gastronomia/casa-porto,referencia de página válida
restaurantes/Casa Porto/Casa Porto1.jpg,1,/gastronomia/casa-porto,referencia de página válida
restaurantes/Casa Porto/Casa Porto4.jpg,1,/gastronomia/casa-porto,referencia de página válida
restaurantes/Casa Porto/Casa Porto3.jpg,1,/gastronomia/casa-porto,referencia de página válida
restaurantes/Casa Porto/Casa Porto6.jpg,1,/gastronomia/casa-porto,referencia de página válida
restaurantes/Quitéria/Quitéria 1.jpg,1,/gastronomia/quiteria,referencia de página válida
restaurantes/Quitéria/cafe-da-manha Quitéria.jpg,1,/gastronomia/quiteria,referencia de página válida
restaurantes/Quitéria/more-shots-of-the-restaurant Quitéria.jpg,1,/gastronomia/quiteria,referencia de página válida
restaurantes/Quitéria/file-mignon Quitéria.jpg,1,/gastronomia/quiteria,referencia de página válida
restaurantes/Quitéria/quiteria-cozinha-brasileira Quitéria.jpg,1,/gastronomia/quiteria,referencia de página válida
restaurantes/Quitéria/quiteria-restaurante Quitéria 3.jpg,1,/gastronomia/quiteria,referencia de página válida
restaurantes/Quitéria/Quitéria 5.jpg,1,/gastronomia/quiteria,referencia de página válida
restaurantes/Quitéria/fachada-incrivel Quitéria.jpg,1,/gastronomia/quiteria,referencia de página válida
restaurantes/Clássico Beach Club Leme/Clássico Beach Club Leme 4.jpg,1,/gastronomia/classico-leme,referencia de página válida
restaurantes/Clássico Beach Club Leme/Clássico Beach Club Leme 3.jpg,1,/gastronomia/classico-leme,referencia de página válida
restaurantes/Clássico Beach Club Leme/Clássico Beach Club Leme 2.jpg,1,/gastronomia/classico-leme,referencia de página válida
restaurantes/Clássico Beach Club Leme/Clássico Beach Club Leme 4 6.jpg,1,/gastronomia/classico-leme,referencia de página válida
restaurantes/Clássico Beach Club Leme/Clássico Beach Club Leme 5.jpg,1,/gastronomia/classico-leme,referencia de página válida
restaurantes/Clássico Beach Club Leme/area-principal Clássico Beach Club Leme.jpg,1,/gastronomia/classico-leme,referencia de página válida
restaurantes/Clássico Beach Club Leme/Clássico Beach Club Leme 4 7.jpg,1,/gastronomia/classico-leme,referencia de página válida
restaurantes/Aipo & Aipim Copacabana 1/Aipo & Aipim Copacabana 1 5.jpg,1,/gastronomia/aipo-aipim-391,referencia de página válida
restaurantes/Aipo & Aipim Copacabana 1/aipo-aipim-copacabana PORT.jpg,1,/gastronomia/aipo-aipim-391,referencia de página válida
restaurantes/Aipo & Aipim Copacabana 1/Aipo & Aipim Copacabana 1 2.jpg,1,/gastronomia/aipo-aipim-391,referencia de página válida
restaurantes/Aipo & Aipim Copacabana 1/Aipo & Aipim Copacabana 1 3.jpg,1,/gastronomia/aipo-aipim-391,referencia de página válida
restaurantes/Aipo & Aipim Copacabana 1/Aipo & Aipim Copacabana 1 4.jpg,1,/gastronomia/aipo-aipim-391,referencia de página válida
restaurantes/Alfaia/Alfaia 6.jpg,1,/gastronomia/alfaia,referencia de página válida
restaurantes/Alfaia/alfaia 4.jpg,1,/gastronomia/alfaia,referencia de página válida
restaurantes/Alfaia/Alfaia 7.jpg,1,/gastronomia/alfaia,referencia de página válida
restaurantes/Alfaia/alfaia 2.jpg,1,/gastronomia/alfaia,referencia de página válida
restaurantes/Alfaia/alfaia 1.jpg,1,/gastronomia/alfaia,referencia de página válida
restaurantes/Alfaia/alfaia 3.jpg,1,/gastronomia/alfaia,referencia de página válida
restaurantes/Alfaia/alfaia 5.jpg,1,/gastronomia/alfaia,referencia de página válida
restaurantes/Giuseppe Mar/Giuseppe Mar1.jpg,1,/gastronomia/giuseppe-mar,referencia de página válida
restaurantes/Giuseppe Mar/Giuseppe Mar12.jpg,1,/gastronomia/giuseppe-mar,referencia de página válida
restaurantes/Giuseppe Mar/Giuseppe Mar2.jpg,1,/gastronomia/giuseppe-mar,referencia de página válida
restaurantes/Giuseppe Mar/made-in-japanGiuseppe Marr.jpg,1,/gastronomia/giuseppe-mar,referencia de página válida
restaurantes/Giuseppe Mar/made-in-japan Giuseppe Mar.jpg,1,/gastronomia/giuseppe-mar,referencia de página válida
restaurantes/Giuseppe Mar/Giuseppe Mar23.jpg,1,/gastronomia/giuseppe-mar,referencia de página válida
restaurantes/Giuseppe Mar/plateau-de-frutos-do Giuseppe Mar.jpg,1,/gastronomia/giuseppe-mar,referencia de página válida
restaurantes/Adega da Velha/Adega da Velha4.jpg,1,/gastronomia/adega-da-velha,referencia de página válida
restaurantes/Adega da Velha/Adega da Velha3.jpg,1,/gastronomia/adega-da-velha,referencia de página válida
restaurantes/Adega da Velha/Adega da Velha6.jpg,1,/gastronomia/adega-da-velha,referencia de página válida
restaurantes/Adega da Velha/Adega da Velha5.jpg,1,/gastronomia/adega-da-velha,referencia de página válida
restaurantes/Adega da Velha/Adega da Velha2.jpg,1,/gastronomia/adega-da-velha,referencia de página válida
restaurantes/Adega da Velha/Adega da Velha PORT.jpg,1,/gastronomia/adega-da-velha,referencia de página válida
restaurantes/Adega da Velha/Adega da Velha1.jpg,1,/gastronomia/adega-da-velha,referencia de página válida
restaurantes/Bar do Momo/bolinho-de-arroz-e-pasteis Bar do Momo.jpg,1,/gastronomia/bar-do-momo,referencia de página válida
restaurantes/Bar do Momo/bar-do-momo 4.jpg,1,/gastronomia/bar-do-momo,referencia de página válida
restaurantes/Bar do Momo/Bar do Momo 1.jpg,1,/gastronomia/bar-do-momo,referencia de página válida
restaurantes/Bar do Momo/Bar do Momo hamb.jpg,1,/gastronomia/bar-do-momo,referencia de página válida
restaurantes/Bar do Momo/Bar do Momo cfroqr.jpg,1,/gastronomia/bar-do-momo,referencia de página válida
restaurantes/Bar do Momo/Bar do Momo.jpg,1,/gastronomia/bar-do-momo,referencia de página válida
restaurantes/Bar do Mineiro/frango-com-quiabo-e-angu Bar do Mineiro.jpg,1,/gastronomia/bar-do-mineiro,referencia de página válida
restaurantes/Bar do Mineiro/feijoada-do-bar-do-mineiro Bar do Mineiro.jpg,1,/gastronomia/bar-do-mineiro,referencia de página válida
restaurantes/Bar do Mineiro/Bar do Mineiro5.jpg,1,/gastronomia/bar-do-mineiro,referencia de página válida
restaurantes/Bar do Mineiro/Bar do Mineiro1.jpg,1,/gastronomia/bar-do-mineiro,referencia de página válida
restaurantes/Bar do Mineiro/petisco-concorrente-do Bar do Mineiro.jpg,1,/gastronomia/bar-do-mineiro,referencia de página válida
restaurantes/fdba8d85-8575-4a49-85c8-f5f589dbe284.jpg,0,,pendiente: sin referencia exacta
restaurantes/Delírio Tropical RIO SUL/Delírio Tropical RIO SUL3.jpg,1,/gastronomia/delirio-tropical-rio-sul,referencia de página válida
restaurantes/Delírio Tropical RIO SUL/Delírio Tropical RIO SUL 2.jpg,1,/gastronomia/delirio-tropical-rio-sul,referencia de página válida
restaurantes/Delírio Tropical RIO SUL/Delírio Tropical RIO SUL5.jpg,1,/gastronomia/delirio-tropical-rio-sul,referencia de página válida
restaurantes/Delírio Tropical RIO SUL/fachada-02 Delírio Tropical RIO SUL.jpg,1,/gastronomia/delirio-tropical-rio-sul,referencia de página válida
restaurantes/Delírio Tropical RIO SUL/Delírio Tropical RIO SUL4.jpg,1,/gastronomia/delirio-tropical-rio-sul,referencia de página válida
restaurantes/BB Lanches/BB Lanches2.jpg,1,/gastronomia/bb-lanches,referencia de página válida
restaurantes/BB Lanches/bb-lanches3.jpg,1,/gastronomia/bb-lanches,referencia de página válida
restaurantes/BB Lanches/BB Lanches1.jpg,1,/gastronomia/bb-lanches,referencia de página válida
restaurantes/BB Lanches/bb-lanches5.jpg,2,/gastronomia; /gastronomia/bb-lanches,referencia de página válida
restaurantes/BB Lanches/bb-lanches4.jpg,1,/gastronomia/bb-lanches,referencia de página válida
restaurantes/restaurante oro/restaurante orosalon.jpg,1,/gastronomia/oro,referencia de página válida
restaurantes/restaurante oro/restaurante oro3.jpg,1,/gastronomia/oro,referencia de página válida
restaurantes/restaurante oro/entrada restaurante oro.jpg,1,/gastronomia/oro,referencia de página válida
restaurantes/restaurante oro/oro-restaurante.jpg,1,/gastronomia/oro,referencia de página válida
restaurantes/restaurante oro/entrada restaurante oro1.jpg,1,/gastronomia/oro,referencia de página válida
restaurantes/restaurante oro/restaurante oro 1.jpg,1,/gastronomia/oro,referencia de página válida
restaurantes/restaurante oro/cavaquinha-lagosta-alho restaurante oro.jpg,1,/gastronomia/oro,referencia de página válida
restaurantes/restaurante oro/second-floor restaurante oro.jpg,1,/gastronomia/oro,referencia de página válida
restaurantes/Temperarte Bolivar/salao-principal Temperarte Bolivar.jpg,1,/gastronomia/temperarte-bolivar,referencia de página válida
restaurantes/Temperarte Bolivar/molhos Temperarte Bolivar.jpg,1,/gastronomia/temperarte-bolivar,referencia de página válida
restaurantes/Temperarte Bolivar/temperarte Temperarte Bolivar1.jpg,1,/gastronomia/temperarte-bolivar,referencia de página válida
restaurantes/Temperarte Bolivar/temperarte Temperarte Bolivar.jpg,1,/gastronomia/temperarte-bolivar,referencia de página válida
restaurantes/Temperarte Bolivar/frutas Temperarte Bolivar.jpg,1,/gastronomia/temperarte-bolivar,referencia de página válida
restaurantes/Temperarte Bolivar/saladas-variadas Temperarte Bolivar.jpg,1,/gastronomia/temperarte-bolivar,referencia de página válida
restaurantes/Casa 201/Casa 2013.jpg,1,/gastronomia/casa-201,referencia de página válida
restaurantes/Casa 201/Casa 2015.jpg,1,/gastronomia/casa-201,referencia de página válida
restaurantes/Casa 201/nhoque-de-beterraba-molho Casa 201.jpg,1,/gastronomia/casa-201,referencia de página válida
restaurantes/Casa 201/Casa 2016.jpg,1,/gastronomia/casa-201,referencia de página válida
restaurantes/Casa 201/Casa 2012.jpg,1,/gastronomia/casa-201,referencia de página válida
restaurantes/Boteco Belmonte Copacabana/Boteco Belmonte Copacabana 3.jpg,1,/gastronomia/belmonte-copa,referencia de página válida
restaurantes/Boteco Belmonte Copacabana/Boteco Belmonte Copacabana 2.jpg,1,/gastronomia/belmonte-copa,referencia de página válida
restaurantes/Boteco Belmonte Copacabana/Boteco Belmonte Copacabana 5.jpg,1,/gastronomia/belmonte-copa,referencia de página válida
restaurantes/Boteco Belmonte Copacabana/boteco-belmonte Boteco Belmonte Copacabana.jpg,1,/gastronomia/belmonte-copa,referencia de página válida
restaurantes/Boteco Belmonte Copacabana/boteco-belmonte Boteco Belmonte Copacabana 4.jpg,1,/gastronomia/belmonte-copa,referencia de página válida
restaurantes/Boteco Belmonte Copacabana/Boteco Belmonte Copacabana 7.jpg,1,/gastronomia/belmonte-copa,referencia de página válida
restaurantes/Boteco Belmonte Copacabana/feijoada-individual-e Boteco Belmonte Copacabana.jpg,1,/gastronomia/belmonte-copa,referencia de página válida
restaurantes/Ryu Restaurante/Ryu Restaurante5.jpg,1,/gastronomia/ryu,referencia de página válida
restaurantes/Ryu Restaurante/Ryu Restaurante 1.jpg,1,/gastronomia/ryu,referencia de página válida
restaurantes/Ryu Restaurante/ao-fundo-bulgogui-carne Ryu Restaurante.jpg,1,/gastronomia/ryu,referencia de página válida
restaurantes/Ryu Restaurante/capti_r Ryu Restaurante.jpg,1,/gastronomia/ryu,referencia de página válida
restaurantes/Ryu Restaurante/photo0jpg Ryu Restaurante.jpg,1,/gastronomia/ryu,referencia de página válida
restaurantes/Carretão Lido/picanha-fatiada Carretão Lido.jpg,1,/gastronomia/carretao-lido,referencia de página válida
restaurantes/Carretão Lido/picanha Carretão Lido.jpg,1,/gastronomia/carretao-lido,referencia de página válida
restaurantes/Carretão Lido/french-rack Carretão Lido.jpg,1,/gastronomia/carretao-lido,referencia de página válida
restaurantes/Carretão Lido/salao-principal Carretão Lido.jpg,1,/gastronomia/carretao-lido,referencia de página válida
restaurantes/Carretão Lido/Carretão Lido 2.jpg,1,/gastronomia/carretao-lido,referencia de página válida
restaurantes/Carretão Lido/Carretão Lido exterior.jpg,1,/gastronomia/carretao-lido,referencia de página válida
restaurantes/Carretão Lido/comida-japonesa Carretão Lido.jpg,1,/gastronomia/carretao-lido,referencia de página válida
restaurantes/Carretão Lido/drinkes-variados Carretão Lido.jpg,1,/gastronomia/carretao-lido,referencia de página válida
restaurantes/Stalos/stalos 2.jpg,1,/gastronomia/stalos,referencia de página válida
restaurantes/Stalos/Stalos pizzas.jpg,1,/gastronomia/stalos,referencia de página válida
restaurantes/Stalos/de la calle.jpg,1,/gastronomia/stalos,referencia de página válida
restaurantes/Stalos/and-deserts Stalos.jpg,1,/gastronomia/stalos,referencia de página válida
restaurantes/Stalos/stalos camarao.jpg,1,/gastronomia/stalos,referencia de página válida
restaurantes/Stalos/Stalos dentro.jpg,1,/gastronomia/stalos,referencia de página válida
restaurantes/Stalos/Stalos pizzs.jpg,1,/gastronomia/stalos,referencia de página válida
restaurantes/Bar Madrid/bar-madrid3.jpg,2,/gastronomia; /gastronomia/bar-madrid,referencia de página válida
restaurantes/Bar Madrid/Bar Madrid4.jpg,1,/gastronomia/bar-madrid,referencia de página válida
restaurantes/Bar Madrid/Bar Madrid5.jpg,1,/gastronomia/bar-madrid,referencia de página válida
restaurantes/Bar Madrid/bar-madrid1.jpg,1,/gastronomia/bar-madrid,referencia de página válida
restaurantes/Bar Madrid/Bar Madrid2.jpg,1,/gastronomia/bar-madrid,referencia de página válida
restaurantes/colombo forte copa/cafe de manha.jpg,1,/gastronomia/colombo-do-forte,referencia de página válida
restaurantes/colombo forte copa/colombo cafe-forte-1.jpg,1,/gastronomia/colombo-do-forte,referencia de página válida
restaurantes/colombo forte copa/colombo cafe-forte 2.jpg,1,/gastronomia/colombo-do-forte,referencia de página válida
restaurantes/colombo forte copa/brunch cafe do forte.jpg,1,/gastronomia/colombo-do-forte,referencia de página válida
restaurantes/colombo forte copa/cafe da manha cafe do forte.jpg,1,/gastronomia/colombo-do-forte,referencia de página válida
restaurantes/colombo forte copa/colombo portada.jpg,1,/gastronomia/colombo-do-forte,referencia de página válida
restaurantes/spesso/spesso 7.jpg,1,/gastronomia/spesso,referencia de página válida
restaurantes/spesso/te-levamos-a-atmosfera spesso.jpg,1,/gastronomia/spesso,referencia de página válida
restaurantes/spesso/spesso 4.jpg,1,/gastronomia/spesso,referencia de página válida
restaurantes/spesso/spesso 3.jpg,1,/gastronomia/spesso,referencia de página válida
restaurantes/spesso/spesso 5.jpg,1,/gastronomia/spesso,referencia de página válida
restaurantes/spesso/spesso 2.jpg,1,/gastronomia/spesso,referencia de página válida
restaurantes/spesso/spesso 43.jpg,1,/gastronomia/spesso,referencia de página válida
restaurantes/Espetto Carioca Quiosque Leme/Espetto Carioca Quiosque Leme2.jpg,1,/gastronomia/espetto-quiosque,referencia de página válida
restaurantes/Espetto Carioca Quiosque Leme/Espetto Carioca Quiosque Leme.jpg,2,/gastronomia/espetto-quiosque; /gastronomia,referencia de página válida
restaurantes/Espetto Carioca Quiosque Leme/Espetto Carioca Quiosque Leme5.jpg,1,/gastronomia/espetto-quiosque,referencia de página válida
restaurantes/Espetto Carioca Quiosque Leme/Espetto Carioca Quiosque Leme1.jpg,1,/gastronomia/espetto-quiosque,referencia de página válida
restaurantes/Espetto Carioca Quiosque Leme/Espetto Carioca Quiosque Leme4.jpg,1,/gastronomia/espetto-quiosque,referencia de página válida
restaurantes/cervantes copa.jpg,1,/gastronomia/cervantes-copacabana,referencia de página válida
restaurantes/Koral/area-interna Koral rest.jpg,1,/gastronomia/koral,referencia de página válida
restaurantes/Koral/Koral rest3.jpg,1,/gastronomia/koral,referencia de página válida
restaurantes/Koral/Koral rest4.jpg,1,/gastronomia/koral,referencia de página válida
restaurantes/Koral/Koral rest1.jpg,1,/gastronomia/koral,referencia de página válida
restaurantes/Koral/Koral rest2.jpg,1,/gastronomia/koral,referencia de página válida
restaurantes/Koral/Koral rest46.jpg,1,/gastronomia/koral,referencia de página válida
restaurantes/Koral/Koral rest int.jpg,1,/gastronomia/koral,referencia de página válida
restaurantes/aipo-aipim-copacabana3/aipo-aipim-copacabana3 2.jpg,1,/gastronomia/aipo-aipim-920,referencia de página válida
restaurantes/aipo-aipim-copacabana3/aipo-aipim-copacabana3 4.jpg,1,/gastronomia/aipo-aipim-920,referencia de página válida
restaurantes/aipo-aipim-copacabana3/aipo-aipim-copacabana3 3.jpg,1,/gastronomia/aipo-aipim-920,referencia de página válida
restaurantes/aipo-aipim-copacabana3/aipo-aipim-copacabana3 PORT.jpg,1,/gastronomia/aipo-aipim-920,referencia de página válida
restaurantes/aipo-aipim-copacabana3/aipo-aipim-copacabana3 45.jpg,1,/gastronomia/aipo-aipim-920,referencia de página válida
restaurantes/aconchego-carioca/aconchego-carioca 3.jpg,1,/gastronomia/aconchego-carioca,referencia de página válida
restaurantes/aconchego-carioca/costelinha-suina-no-barbecue aconchego-carioca.jpg,1,/gastronomia/aconchego-carioca,referencia de página válida
restaurantes/aconchego-carioca/bolinho-de-feijoada aconchego-carioca.jpg,1,/gastronomia/aconchego-carioca,referencia de página válida
restaurantes/aconchego-carioca/aconchego-carioca salon.jpg,1,/gastronomia/aconchego-carioca,referencia de página válida
restaurantes/aconchego-carioca/aconchego-carioca 6.jpg,1,/gastronomia/aconchego-carioca,referencia de página válida
restaurantes/aconchego-carioca/Aconchego Carioca PORT.jpg,1,/gastronomia/aconchego-carioca,referencia de página válida
restaurantes/aconchego-carioca/aconchego-carioca 2.jpg,1,/gastronomia/aconchego-carioca,referencia de página válida
restaurantes/Naga/restaurante-de-culinariaNaga.jpg,1,/gastronomia/naga,referencia de página válida
restaurantes/Naga/img-20200923-195933-largejpgNaga.jpg,1,/gastronomia/naga,referencia de página válida
restaurantes/Naga/Naga12.jpg,1,/gastronomia/naga,referencia de página válida
restaurantes/Naga/captionNaga.jpg,1,/gastronomia/naga,referencia de página válida
restaurantes/Naga/naga-restaurante-1024x654.jpg,1,/gastronomia/naga,referencia de página válida
restaurantes/Naga/img-20200923-192345-largejpgNaga.jpg,1,/gastronomia/naga,referencia de página válida
restaurantes/rio scenarium/Rio Scenarium externo.jpg,1,/gastronomia/rio-scenarium,referencia de página válida
restaurantes/rio scenarium/Rio Scenarium deco.jpg,1,/gastronomia/rio-scenarium,referencia de página válida
restaurantes/rio scenarium/feijoada rio escenarium 2.jpg,1,/gastronomia/rio-scenarium,referencia de página válida
restaurantes/rio scenarium/feijoada rio escenarium4.jpg,1,/gastronomia/rio-scenarium,referencia de página válida
restaurantes/rio scenarium/Rio Scenarium drinks.jpg,1,/gastronomia/rio-scenarium,referencia de página válida
restaurantes/rio scenarium/feijoada rio escenarium.jpg,1,/gastronomia/rio-scenarium,referencia de página válida
restaurantes/rio scenarium/Rio Scenarium salon.jpg,1,/gastronomia/rio-scenarium,referencia de página válida
restaurantes/rio scenarium/rio scenarium.jpg,1,/gastronomia/rio-scenarium,referencia de página válida
restaurantes/rio scenarium/Rio Scenarium inteior.jpg,1,/gastronomia/rio-scenarium,referencia de página válida
restaurantes/rio scenarium/rio-scenarium salon.jpg,1,/gastronomia/rio-scenarium,referencia de página válida
restaurantes/Bar Urca.jpg,1,/gastronomia/bar-urca,referencia de página válida
restaurantes/Babbo Osteria/Babbo Osteria4.jpg,1,/gastronomia/babbo-osteria,referencia de página válida
restaurantes/Babbo Osteria/Babbo Osteria6.jpg,1,/gastronomia/babbo-osteria,referencia de página válida
restaurantes/Babbo Osteria/Babbo Osteria3.jpg,1,/gastronomia/babbo-osteria,referencia de página válida
restaurantes/Babbo Osteria/Babbo Osteria2.jpg,1,/gastronomia/babbo-osteria,referencia de página válida
restaurantes/Babbo Osteria/Babbo Osteria5.jpg,1,/gastronomia/babbo-osteria,referencia de página válida
restaurantes/Babbo Osteria/parmigiana-di-melanzane Babbo Osteria.jpg,1,/gastronomia/babbo-osteria,referencia de página válida
restaurantes/Don Pascual/Don Pascual3.jpg,1,/gastronomia/don-pascual,referencia de página válida
restaurantes/Don Pascual/Don Pascual4.jpg,1,/gastronomia/don-pascual,referencia de página válida
restaurantes/Don Pascual/Don Pascual51.jpg,1,/gastronomia/don-pascual,referencia de página válida
restaurantes/Don Pascual/Don Pascual2.jpg,1,/gastronomia/don-pascual,referencia de página válida
restaurantes/Don Pascual/Don Pascual5.jpg,1,/gastronomia/don-pascual,referencia de página válida
restaurantes/Don Pascual/Don Pascual1.jpg,1,/gastronomia/don-pascual,referencia de página válida
restaurantes/labuta bar/labuta bar1.jpg,1,/gastronomia/labuta-bar,referencia de página válida
restaurantes/labuta bar/labuta bar23.jpg,1,/gastronomia/labuta-bar,referencia de página válida
restaurantes/labuta bar/labuta bar6.jpg,1,/gastronomia/labuta-bar,referencia de página válida
restaurantes/labuta bar/labuta bar2.jpg,1,/gastronomia/labuta-bar,referencia de página válida
restaurantes/labuta bar/labuta bar5.jpg,1,/gastronomia/labuta-bar,referencia de página válida
restaurantes/gruta do fado/gruta do fado5.jpg,1,/gastronomia/gruta-do-fado,referencia de página válida
restaurantes/gruta do fado/gruta do fado3.jpg,1,/gastronomia/gruta-do-fado,referencia de página válida
restaurantes/gruta do fado/bacalhau-do-chefgruta do fado.jpg,1,/gastronomia/gruta-do-fado,referencia de página válida
restaurantes/gruta do fado/camarao-a-bulhao-pato gruta do  xzc.jpg,1,/gastronomia/gruta-do-fado,referencia de página válida
restaurantes/gruta do fado/camarao-a-bulhao-pato gruta do fado.jpg,1,/gastronomia/gruta-do-fado,referencia de página válida
restaurantes/gruta do fado/gruta do fado4.jpg,1,/gastronomia/gruta-do-fado,referencia de página válida
restaurantes/Rufino Parrilla/Rufino Parrilla2.jpg,1,/gastronomia/rufino-parrilla,referencia de página válida
restaurantes/Rufino Parrilla/Rufino Parrilla6.jpg,1,/gastronomia/rufino-parrilla,referencia de página válida
restaurantes/Rufino Parrilla/Rufino Parrilla4.jpg,1,/gastronomia/rufino-parrilla,referencia de página válida
restaurantes/Rufino Parrilla/Rufino Parrilla3.jpg,1,/gastronomia/rufino-parrilla,referencia de página válida
restaurantes/Rufino Parrilla/Rufino Parrilla 1.jpg,1,/gastronomia/rufino-parrilla,referencia de página válida
restaurantes/Rufino Parrilla/Rufino Parrilla5.jpg,1,/gastronomia/rufino-parrilla,referencia de página válida
restaurantes/Bira de Guaratiba/bira-de-guaratiba 4.jpg,1,/gastronomia/bira-de-guaratiba,referencia de página válida
restaurantes/Bira de Guaratiba/Bira de Guaratiba exrt.jpg,1,/gastronomia/bira-de-guaratiba,referencia de página válida
restaurantes/Bira de Guaratiba/Bira de Guaratiba 2.jpg,1,/gastronomia/bira-de-guaratiba,referencia de página válida
restaurantes/Bira de Guaratiba/bira-de-guaratiba exterior vista.jpg,1,/gastronomia/bira-de-guaratiba,referencia de página válida
restaurantes/Bira de Guaratiba/Bira de Guaratiba peixada.jpg,1,/gastronomia/bira-de-guaratiba,referencia de página válida
restaurantes/Bira de Guaratiba/bira-de-guaratiba 3.jpg,1,/gastronomia/bira-de-guaratiba,referencia de página válida
restaurantes/Bira de Guaratiba/bira-de-guaratiba 6.jpg,1,/gastronomia/bira-de-guaratiba,referencia de página válida
restaurantes/Bira de Guaratiba/sobremesa Bira de Guaratiba.jpg,1,/gastronomia/bira-de-guaratiba,referencia de página válida
restaurantes/Boa Praça/boteco-boa-praca.jpg,1,/gastronomia/boa-praca-ipanema,referencia de página válida
restaurantes/Boa Praça/boa praca print.jpg,1,/gastronomia/boa-praca-ipanema,referencia de página válida
restaurantes/Boa Praça/Boa Praça2.jpg,1,/gastronomia/boa-praca-ipanema,referencia de página válida
restaurantes/Boa Praça/o-melhor-com-a-melhor Boa Praça.jpg,1,/gastronomia/boa-praca-ipanema,referencia de página válida
restaurantes/Boa Praça/o-melhor-com-a-melhor Boa Praça1.jpg,1,/gastronomia/boa-praca-ipanema,referencia de página válida
restaurantes/Boa Praça/Boteco-Boa-Praca-Ipanema_credito-Fred-Pontes.jpg,1,/gastronomia/boa-praca-ipanema,referencia de página válida
restaurantes/Tia Palmira.jpg,1,/gastronomia/tia-palmira,referencia de página válida
restaurantes/la fiorentina ipanema/la fiorentina ipanema 1.jpg,1,/gastronomia/la-fiorentina-ipanema,referencia de página válida
restaurantes/Quartinho/QUARTINHO BAR (4).jpg,1,/gastronomia/quartinho,referencia de página válida
restaurantes/Quartinho/QUARTINHO BAR (1).jpg,1,/gastronomia/quartinho,referencia de página válida
restaurantes/Quartinho/QUARTINHO BAR (3).jpg,1,/gastronomia/quartinho,referencia de página válida
restaurantes/Quartinho/QUARTINHO BAR (2).jpg,1,/gastronomia/quartinho,referencia de página válida
restaurantes/zaza bistro tropoical/zaza bistro tropical tabla.jpg,1,/gastronomia/zaza-bistro-tropical,referencia de página válida
restaurantes/zaza bistro tropoical/zaza bistro tropical exterior portada.jpg,1,/gastronomia/zaza-bistro-tropical,referencia de página válida
restaurantes/zaza bistro tropoical/zaza bistro tropical entrada.jpg,1,/gastronomia/zaza-bistro-tropical,referencia de página válida
restaurantes/zaza bistro tropoical/zaza bistro tropical exterior.jpg,1,/gastronomia/zaza-bistro-tropical,referencia de página válida
restaurantes/zaza bistro tropoical/zaza bistro tropical pulpo.jpg,1,/gastronomia/zaza-bistro-tropical,referencia de página válida
restaurantes/zaza bistro tropoical/zaza bistro.jpg,1,/gastronomia/zaza-bistro-tropical,referencia de página válida
restaurantes/zaza bistro tropoical/zaza bistro tropical ceviche.jpg,1,/gastronomia/zaza-bistro-tropical,referencia de página válida
restaurantes/zaza bistro tropoical/zaza bistro tropoical curry-de-frango-organico.jpg,1,/gastronomia/zaza-bistro-tropical,referencia de página válida
restaurantes/zaza bistro tropoical/zaza bistro tropical inteiror.jpg,1,/gastronomia/zaza-bistro-tropical,referencia de página válida
restaurantes/Marius Degustare/carne-grelhada Marius Degustare.jpg,1,/gastronomia/marius-degustare,referencia de página válida
restaurantes/Marius Degustare/polvo-grelhado Marius Degustare.jpg,1,/gastronomia/marius-degustare,referencia de página válida
restaurantes/Marius Degustare/decoracao-restaurante Marius Degustare.jpg,1,/gastronomia/marius-degustare,referencia de página válida
restaurantes/Marius Degustare/marius deustare1.jpg,1,/gastronomia/marius-degustare,referencia de página válida
restaurantes/Marius Degustare/mariusdegustare.jpg,2,/gastronomia; /gastronomia/marius-degustare,referencia de página válida
restaurantes/Frontera Ipanema/Frontera Ipanema3.jpg,1,/gastronomia/frontera-ipanema,referencia de página válida
restaurantes/Frontera Ipanema/Frontera Ipanema4.jpg,1,/gastronomia/frontera-ipanema,referencia de página válida
restaurantes/Frontera Ipanema/Frontera Ipanema1.jpg,1,/gastronomia/frontera-ipanema,referencia de página válida
restaurantes/Frontera Ipanema/Frontera Ipanema2.jpg,1,/gastronomia/frontera-ipanema,referencia de página válida
restaurantes/Xian/Xian4.jpg,1,/gastronomia/xian,referencia de página válida
restaurantes/Xian/pad-thai-um-dos-pratos Xian.jpg,1,/gastronomia/xian,referencia de página válida
restaurantes/Xian/ambiente-super-agradavel Xian.jpg,1,/gastronomia/xian,referencia de página válida
restaurantes/Xian/Xian6.jpg,2,/gastronomia; /gastronomia/xian,referencia de página válida
restaurantes/Xian/salao-do-restaurante Xian.jpg,1,/gastronomia/xian,referencia de página válida
restaurantes/Xian/Xian3.jpg,1,/gastronomia/xian,referencia de página válida
restaurantes/Xian/varanda-do-restauranteXian.jpg,1,/gastronomia/xian,referencia de página válida
restaurantes/feria de sao cristovao/feira-de-sao-cristovao 45.jpg,1,/gastronomia/feira-sao-cristovao,referencia de página válida
restaurantes/feria de sao cristovao/Feira-de-Sao-Cristovao-Rio-de-Janeiro-comida-nordestina-2.jpg,1,/gastronomia/feira-sao-cristovao,referencia de página válida
restaurantes/feria de sao cristovao/feira-de-sao-cristovao 45d.jpg,1,/gastronomia/feira-sao-cristovao,referencia de página válida
restaurantes/feria de sao cristovao/feira-de-sao-cristovao comida 2.jpg,1,/gastronomia/feira-sao-cristovao,referencia de página válida
restaurantes/feria de sao cristovao/feira-de-sao-cristovao comida.jpg,1,/gastronomia/feira-sao-cristovao,referencia de página válida
restaurantes/feria de sao cristovao/feria de sao cristovao sdg.jpg,1,/gastronomia/feira-sao-cristovao,referencia de página válida
restaurantes/feria de sao cristovao/Barracao-do-Aconchego-Feira-de-Sao-Cristovao-Sao-Cristovao-Rio-de-Janeiro-comida-nordestina-7.jpg,1,/gastronomia/feira-sao-cristovao,referencia de página válida
restaurantes/feria de sao cristovao/feira-de-sao-cristovao 3.jpg,1,/gastronomia/feira-sao-cristovao,referencia de página válida
restaurantes/feria de sao cristovao/feira-de-sao-cristovao comida 2sdg.jpg,1,/gastronomia/feira-sao-cristovao,referencia de página válida
restaurantes/feria de sao cristovao/feira-de-sao-cristovao 2.jpg,1,/gastronomia/feira-sao-cristovao,referencia de página válida
restaurantes/feria de sao cristovao/feria de sao cristovao3.jpg,1,/gastronomia/feira-sao-cristovao,referencia de página válida
restaurantes/feria de sao cristovao/feria sao cristovao comida 2.jpeg,1,/gastronomia/feira-sao-cristovao,referencia de página válida
restaurantes/la fiorentina.jpg,1,/gastronomia/la-fiorentina-ipanema,referencia de página válida
restaurantes/confeitaria manon/confeitaria manon4.jpg,1,/gastronomia/confeitaria-manon,referencia de página válida
restaurantes/confeitaria manon/confeitaria manon5.jpg,1,/gastronomia/confeitaria-manon,referencia de página válida
restaurantes/confeitaria manon/confeitaria-manon-ouvidor.jpg,1,/gastronomia/confeitaria-manon,referencia de página válida
restaurantes/confeitaria manon/confeitaria manon2.jpg,1,/gastronomia/confeitaria-manon,referencia de página válida
restaurantes/confeitaria manon/confeitaria manon3.jpg,1,/gastronomia/confeitaria-manon,referencia de página válida
restaurantes/confeitaria manon/confeitaria manon1.jpg,1,/gastronomia/confeitaria-manon,referencia de página válida
restaurantes/Arab leblon/arab1.jpg,1,/gastronomia/arab-leblon,referencia de página válida
restaurantes/Arab leblon/arab2.jpg,1,/gastronomia/arab-leblon,referencia de página válida
restaurantes/Arab leblon/arab4.jpg,2,/gastronomia; /gastronomia/arab-leblon,referencia de página válida
restaurantes/Arab leblon/arabfront.jpg,1,/gastronomia/arab-leblon,referencia de página válida
restaurantes/Arab leblon/arab3de.jpg,1,/gastronomia/arab-leblon,referencia de página válida
restaurantes/Arab leblon/arab21.jpg,1,/gastronomia/arab-leblon,referencia de página válida
restaurantes/Arab leblon/arab3.jpg,1,/gastronomia/arab-leblon,referencia de página válida
restaurantes/Cosmopolita/cosmopolita1.jpg,2,/gastronomia; /gastronomia/cosmopolita,referencia de página válida
restaurantes/Cosmopolita/cosmopolita12.jpg,1,/gastronomia/cosmopolita,referencia de página válida
restaurantes/Cosmopolita/cosmopolita123.jpg,1,/gastronomia/cosmopolita,referencia de página válida
restaurantes/Espaço 7zero6/Espaço 7zero6 4.jpg,1,/gastronomia/espaco-7zero6,referencia de página válida
restaurantes/Espaço 7zero6/Espaço 7zero6 6.jpg,1,/gastronomia/espaco-7zero6,referencia de página válida
restaurantes/Espaço 7zero6/Espaço 7zero6 3.jpg,1,/gastronomia/espaco-7zero6,referencia de página válida
restaurantes/Espaço 7zero6/Espaço 7zero6 7.jpg,1,/gastronomia/espaco-7zero6,referencia de página válida
restaurantes/Espaço 7zero6/Espaço 7zero6 1.jpg,1,/gastronomia/espaco-7zero6,referencia de página válida
restaurantes/Espaço 7zero6/Espaço 7zero6 5.jpg,1,/gastronomia/espaco-7zero6,referencia de página válida
restaurantes/Espaço 7zero6/Espaço 7zero6 2.jpg,1,/gastronomia/espaco-7zero6,referencia de página válida
restaurantes/Armazém São Thiago/petisco-porquinho-enrolado Armazém São Thiago.jpg,1,/gastronomia/armazem-sao-thiago,referencia de página válida
restaurantes/Armazém São Thiago/petisco-armazem-sao-thiago Armazém São Thiago.jpg,1,/gastronomia/armazem-sao-thiago,referencia de página válida
restaurantes/Armazém São Thiago/bar-armazem-sao-thiago Armazém São Thiago.jpg,1,/gastronomia/armazem-sao-thiago,referencia de página válida
restaurantes/Armazém São Thiago/Armazém São Thiago6.jpg,1,/gastronomia/armazem-sao-thiago,referencia de página válida
restaurantes/Armazém São Thiago/Armazém São Thiago2.jpg,1,/gastronomia/armazem-sao-thiago,referencia de página válida
restaurantes/Armazém São Thiago/petisco-pancetinha-do Armazém São Thiago.jpg,1,/gastronomia/armazem-sao-thiago,referencia de página válida
restaurantes/Delírio Tropical ipanema/bolo-de-chocolate-com delirio tropical ipanema.jpg,1,/gastronomia/delirio,referencia de página válida
restaurantes/Delírio Tropical ipanema/delirio-tropical postre.jpg,1,/gastronomia/delirio,referencia de página válida
restaurantes/Delírio Tropical ipanema/delirio tropical ipanema 1.jpg,1,/gastronomia/delirio,referencia de página válida
restaurantes/Delírio Tropical ipanema/delirio tropical ipanema 5.jpg,1,/gastronomia/delirio,referencia de página válida
restaurantes/Delírio Tropical ipanema/delirio tropical ipanema 5e.jpg,1,/gastronomia/delirio,referencia de página válida
restaurantes/Delírio Tropical ipanema/delirio tropical ipanema 3.jpg,1,/gastronomia/delirio,referencia de página válida
restaurantes/Delírio Tropical ipanema/delirio tropical ipanema 2.jpg,1,/gastronomia/delirio,referencia de página válida
restaurantes/Delírio Tropical ipanema/barbozinha delirio tropical ipanema.jpg,1,/gastronomia/delirio,referencia de página válida
restaurantes/colombo centro.jpg,1,/gastronomia/confeitaria-colombo,referencia de página válida
"restaurantes/Sud, o Pássaro Verde/Sud, o Pássaro Verde2.jpg",1,/gastronomia/sud-passaro-verde,referencia de página válida
"restaurantes/Sud, o Pássaro Verde/Sud, o Pássaro Verde4.jpg",1,/gastronomia/sud-passaro-verde,referencia de página válida
"restaurantes/Sud, o Pássaro Verde/Sud, o Pássaro Verde5.jpg",1,/gastronomia/sud-passaro-verde,referencia de página válida
"restaurantes/Sud, o Pássaro Verde/Sud, o Pássaro Verde3.jpg",1,/gastronomia/sud-passaro-verde,referencia de página válida
"restaurantes/Sud, o Pássaro Verde/Sud, o Pássaro Verde1.jpg",1,/gastronomia/sud-passaro-verde,referencia de página válida
restaurantes/Terra Brasilis/terra-brasilis-rio-de.jpg,1,/gastronomia/terra-brasilis,referencia de página válida
restaurantes/Terra Brasilis/camarao-empanado-e-vista.jpg,1,/gastronomia/terra-brasilis,referencia de página válida
restaurantes/Terra Brasilis/Terra Brasilis6.jpg,1,/gastronomia/terra-brasilis,referencia de página válida
restaurantes/Terra Brasilis/salao3.jpeg,1,/gastronomia/terra-brasilis,referencia de página válida
restaurantes/Terra Brasilis/salao2.jpeg,1,/gastronomia/terra-brasilis,referencia de página válida
restaurantes/Terra Brasilis/Terra Brasilis2.jpg,1,/gastronomia/terra-brasilis,referencia de página válida
restaurantes/Terra Brasilis/Terra Brasilis4.jpg,1,/gastronomia/terra-brasilis,referencia de página válida
restaurantes/Terra Brasilis/salao1.jpeg,1,/gastronomia/terra-brasilis,referencia de página válida
restaurantes/Terra Brasilis/entrada2.jpeg,1,/gastronomia/terra-brasilis,referencia de página válida
restaurantes/Terra Brasilis/amendoreira_nova2.jpeg,1,/gastronomia/terra-brasilis,referencia de página válida
restaurantes/Terra Brasilis/entrada.jpeg,1,/gastronomia/terra-brasilis,referencia de página válida
restaurantes/Terra Brasilis/Terra Brasilis5.jpg,1,/gastronomia/terra-brasilis,referencia de página válida
restaurantes/garota de ipanema/garota de ipanema 4.jpg,1,/gastronomia/garota-de-ipanema,referencia de página válida
restaurantes/garota de ipanema/feijoada-completa garota de ipanema.jpg,1,/gastronomia/garota-de-ipanema,referencia de página válida
restaurantes/garota de ipanema/garota de ipanema portada.jpg,1,/gastronomia/garota-de-ipanema,referencia de página válida
restaurantes/garota de ipanema/pasteis-de-nata garota de ipanema.jpg,1,/gastronomia/garota-de-ipanema,referencia de página válida
restaurantes/garota de ipanema/garota de ipanema 3.jpg,1,/gastronomia/garota-de-ipanema,referencia de página válida
restaurantes/garota de ipanema/file-de-linguado-a-belle garota de ipanema.jpg,1,/gastronomia/garota-de-ipanema,referencia de página válida
restaurantes/garota de ipanema/garota de ipanema 2.jpg,1,/gastronomia/garota-de-ipanema,referencia de página válida
restaurantes/Hollandaise/costeleta-de-cordeiro Hollandaise.jpg,1,/gastronomia/hollandaise,referencia de página válida
restaurantes/Hollandaise/Hollandaise externo.jpg,1,/gastronomia/hollandaise,referencia de página válida
restaurantes/Hollandaise/namorado-grelhado-com Hollandaise.jpg,1,/gastronomia/hollandaise,referencia de página válida
restaurantes/Hollandaise/talharim-ao-funghi Hollandaise.jpg,1,/gastronomia/hollandaise,referencia de página válida
restaurantes/Hollandaise/atum-em-crosta-de-mix Hollandaise.jpg,1,/gastronomia/hollandaise,referencia de página válida
restaurantes/Hollandaise/Hollandaise salmao.jpg,1,/gastronomia/hollandaise,referencia de página válida
restaurantes/Hollandaise/hollandaise.jpg,1,/gastronomia/hollandaise,referencia de página válida
restaurantes/Hollandaise/salao-principal Hollandaise.jpg,1,/gastronomia/hollandaise,referencia de página válida
restaurantes/jobi/jobi 2.jpg,1,/gastronomia/jobi,referencia de página válida
restaurantes/jobi/jobi 6.jpg,1,/gastronomia/jobi,referencia de página válida
restaurantes/jobi/jobi 4.jpg,1,/gastronomia/jobi,referencia de página válida
restaurantes/jobi/jobi 1.jpg,1,/gastronomia/jobi,referencia de página válida
restaurantes/jobi/jobi 5.jpg,1,/gastronomia/jobi,referencia de página válida
restaurantes/jobi/jobi 3.jpg,1,/gastronomia/jobi,referencia de página válida
restaurantes/jobi/jobi.jpg,1,/gastronomia/jobi,referencia de página válida
restaurantes/Mocellin Steak/mocellin-steaksushi.jpg,1,/gastronomia/mocellin-steak,referencia de página válida
restaurantes/Mocellin Steak/Mocellin Steak carnes.jpg,1,/gastronomia/mocellin-steak,referencia de página válida
restaurantes/Mocellin Steak/carne-nobres.jpg,1,/gastronomia/mocellin-steak,referencia de página válida
restaurantes/Mocellin Steak/mocellin-steak rissoto.jpg,1,/gastronomia/mocellin-steak,referencia de página válida
restaurantes/Mocellin Steak/Mocellin Steak salon.jpg,1,/gastronomia/mocellin-steak,referencia de página válida
restaurantes/Mocellin Steak/mocellin-steak.jpg,1,/gastronomia/mocellin-steak,referencia de página válida
restaurantes/Bar Luiz/Bar Luiz 1.JPG,1,/gastronomia/bar-luiz,referencia de página válida
restaurantes/Bar Luiz/BARLUIZ.jpg,1,/gastronomia/bar-luiz,referencia de página válida
restaurantes/Bar Luiz/Bar Luiz 2.jpg,1,/gastronomia/bar-luiz,referencia de página válida
restaurantes/Bar Luiz/bar luiz puerta.jpg,1,/gastronomia/bar-luiz,referencia de página válida
restaurantes/Bar Luiz/bar-luiz-rio-de-janeiro.jpeg,1,/gastronomia/bar-luiz,referencia de página válida
restaurantes/Bar Luiz/bar-luiz-Bar-mais-antigo-do-centro-do-RJ-vai-fechar-as-portas.jpg,2,/gastronomia; /gastronomia/bar-luiz,referencia de página válida
restaurantes/Bar Luiz/bar luiz ext.jpg,1,/gastronomia/bar-luiz,referencia de página válida
restaurantes/CLAISCO BEACH URCA/CLAISCO BEACH URCA2.jpg,1,/gastronomia/classico-beach-club-urca,referencia de página válida
restaurantes/CLAISCO BEACH URCA/CLAISCO BEACH URCA 1.jpg,1,/gastronomia/classico-beach-club-urca,referencia de página válida
restaurantes/CLAISCO BEACH URCA/CLAISCO BEACH URCA3.jpg,1,/gastronomia/classico-beach-club-urca,referencia de página válida
restaurantes/CLAISCO BEACH URCA/CLAISCO BEACH URCA5.jpg,1,/gastronomia/classico-beach-club-urca,referencia de página válida
restaurantes/CLAISCO BEACH URCA/CLAISCO BEACH URCA4.jpg,1,/gastronomia/classico-beach-club-urca,referencia de página válida
restaurantes/Café do Alto/linda-decoracao Café do Alto.jpg,1,/gastronomia/cafe-do-alto,referencia de página válida
restaurantes/Café do Alto/Café do Alto2.jpg,1,/gastronomia/cafe-do-alto,referencia de página válida
restaurantes/Café do Alto/Café do Alto5.jpg,1,/gastronomia/cafe-do-alto,referencia de página válida
restaurantes/Café do Alto/Café do Alto4.jpg,1,/gastronomia/cafe-do-alto,referencia de página válida
restaurantes/Café do Alto/Café do Alto3.jpg,1,/gastronomia/cafe-do-alto,referencia de página válida
restaurantes/pavao azul copacabana/pavao azul copa 1.jpg,1,/gastronomia/pavao-azul,referencia de página válida
restaurantes/pavao azul copacabana/pavao azul copa2.jpg,1,/gastronomia/pavao-azul,referencia de página válida
restaurantes/pavao azul copacabana/cerveja pavao azul.jpg,1,/gastronomia/pavao-azul,referencia de página válida
restaurantes/pavao azul copacabana/pavao azul copa 3.jpg,1,/gastronomia/pavao-azul,referencia de página válida
restaurantes/pavao azul copacabana/pavao azul 4.jpg,1,/gastronomia/pavao-azul,referencia de página válida
restaurantes/cachambeer/palmito-in-natura-palmitao cachambeer.jpg,1,/gastronomia/cachambeer,referencia de página válida
restaurantes/cachambeer/cachambeer costela.jpg,1,/gastronomia/cachambeer,referencia de página válida
restaurantes/cachambeer/cachambeer 1.jpg,1,/gastronomia/cachambeer,referencia de página válida
restaurantes/cachambeer/file-de-dourado-a-belle cachambeer.jpg,1,/gastronomia/cachambeer,referencia de página válida
restaurantes/cachambeer/cachambeer 2.jpg,1,/gastronomia/cachambeer,referencia de página válida
restaurantes/cachambeer/espaguete-de-camarao cachambeer.jpg,1,/gastronomia/cachambeer,referencia de página válida
restaurantes/cachambeer/joelhao-a-pururuca-completo cachambeer.jpg,1,/gastronomia/cachambeer,referencia de página válida
restaurantes/Flor do Céu/Flor do Céu5.jpg,1,/gastronomia/flor-do-ceu,referencia de página válida
restaurantes/Flor do Céu/Flor do Céu4.jpg,1,/gastronomia/flor-do-ceu,referencia de página válida
restaurantes/Flor do Céu/nosso-espaco Flor do Céu.jpg,1,/gastronomia/flor-do-ceu,referencia de página válida
restaurantes/Flor do Céu/Flor do Céu7.jpg,1,/gastronomia/flor-do-ceu,referencia de página válida
restaurantes/Flor do Céu/Flor do Céu2.jpg,1,/gastronomia/flor-do-ceu,referencia de página válida
restaurantes/Flor do Céu/Flor do Céu3.jpg,1,/gastronomia/flor-do-ceu,referencia de página válida
restaurantes/Satyricon/Satyricon 6.jpg,1,/gastronomia/satyricon,referencia de página válida
restaurantes/Satyricon/satyricon2.jpg,1,/gastronomia/satyricon,referencia de página válida
restaurantes/Satyricon/seafood-platterSatyricon.jpg,1,/gastronomia/satyricon,referencia de página válida
restaurantes/Satyricon/Satyricon 4.jpg,1,/gastronomia/satyricon,referencia de página válida
restaurantes/Satyricon/Satyricon 3.jpg,1,/gastronomia/satyricon,referencia de página válida
restaurantes/Satyricon/Satyricon7.jpg,1,/gastronomia/satyricon,referencia de página válida
restaurantes/Satyricon/satyricon1.jpg,1,/gastronomia/satyricon,referencia de página válida
restaurantes/Mosteiro/Mosteiro5 resto.jpg,1,/gastronomia/mosteiro,referencia de página válida
restaurantes/Mosteiro/bacalhau-bom-e-bacalhau Mosteiro.jpg,1,/gastronomia/mosteiro,referencia de página válida
restaurantes/Mosteiro/salao-classico Mosteiro.jpg,1,/gastronomia/mosteiro,referencia de página válida
restaurantes/Mosteiro/super-bacalhau-com-um Mosteiro.jpg,1,/gastronomia/mosteiro,referencia de página válida
restaurantes/Mosteiro/camarao-vg Mosteiro.jpg,1,/gastronomia/mosteiro,referencia de página válida
restaurantes/Mosteiro/linguado-mosteiro Mosteiro.jpg,1,/gastronomia/mosteiro,referencia de página válida
restaurantes/Mosteiro/bacalhau-a-moda-do-porto Mosteiro.jpg,1,/gastronomia/mosteiro,referencia de página válida
restaurantes/Curto Café/Curto Café2.jpg,1,/gastronomia/curto-cafe,referencia de página válida
restaurantes/Curto Café/Curto Café 1.jpg,1,/gastronomia/curto-cafe,referencia de página válida
restaurantes/Curto Café/mini-brownies Curto Café.jpg,1,/gastronomia/curto-cafe,referencia de página válida
restaurantes/Curto Café/Curto Café4.jpg,1,/gastronomia/curto-cafe,referencia de página válida
restaurantes/Pesqueiro/restaurante Pesqueiro.jpg,1,/gastronomia/pesqueiro,referencia de página válida
restaurantes/Pesqueiro/mix-de-frutos-do-mar Pesqueiro.jpg,1,/gastronomia/pesqueiro,referencia de página válida
restaurantes/Pesqueiro/pesqueirinho-e-caneca Pesqueiro.jpg,1,/gastronomia/pesqueiro,referencia de página válida
restaurantes/Pesqueiro/pesqueiro-e-vinho-tinto Pesqueiro.jpg,1,/gastronomia/pesqueiro,referencia de página válida
restaurantes/Pesqueiro/gastronomia-de-excelencia Pesqueiro.jpg,1,/gastronomia/pesqueiro,referencia de página válida
restaurantes/Pesqueiro/vista-inesquecivel Pesqueiro.jpg,1,/gastronomia/pesqueiro,referencia de página válida
restaurantes/Plage Café/Plage Café 4.jpg,1,/gastronomia/plage-cafe,referencia de página válida
restaurantes/Plage Café/Plage Café 2.jpg,1,/gastronomia/plage-cafe,referencia de página válida
restaurantes/Plage Café/Plage Café 3.jpg,1,/gastronomia/plage-cafe,referencia de página válida
restaurantes/Plage Café/salada Plage Café.jpg,1,/gastronomia/plage-cafe,referencia de página válida
restaurantes/Plage Café/Plage Café 1.jpg,1,/gastronomia/plage-cafe,referencia de página válida
restaurantes/Plage Café/omelete-ovo-beneditino Plage Café.jpg,1,/gastronomia/plage-cafe,referencia de página válida
restaurantes/feira-de-sao-cristovao.jpg,1,/gastronomia/feira-sao-cristovao,referencia de página válida
restaurantes/Don Camillo/Don Camillo 7.jpg,1,/gastronomia/don-camillo,referencia de página válida
restaurantes/Don Camillo/dom-camilo 6.jpg,1,/gastronomia/don-camillo,referencia de página válida
restaurantes/Don Camillo/Don Camillo 3.jpg,1,/gastronomia/don-camillo,referencia de página válida
restaurantes/Don Camillo/Don Camillo 2.jpg,1,/gastronomia/don-camillo,referencia de página válida
restaurantes/Don Camillo/Don Camillo 4.jpg,1,/gastronomia/don-camillo,referencia de página válida
restaurantes/Don Camillo/insalata-don-camillo Don Camillo.jpg,1,/gastronomia/don-camillo,referencia de página válida
restaurantes/Don Camillo/dom-camilo 5.jpg,1,/gastronomia/don-camillo,referencia de página válida
restaurantes/Don Camillo/Don Camillo 1.jpg,1,/gastronomia/don-camillo,referencia de página válida
restaurantes/Arp Bar/Arp Bar 3.jpg,1,/gastronomia/arp-bar,referencia de página válida
restaurantes/Arp Bar/Arp Bar 6.jpg,1,/gastronomia/arp-bar,referencia de página válida
restaurantes/Arp Bar/by-the-sea-and-full-of Arp Bar7.jpg,1,/gastronomia/arp-bar,referencia de página válida
restaurantes/Arp Bar/Arp Bar 4.jpg,1,/gastronomia/arp-bar,referencia de página válida
restaurantes/Arp Bar/Arp Bar 5.jpg,1,/gastronomia/arp-bar,referencia de página válida
restaurantes/Arp Bar/Arp Barc2.jpg,1,/gastronomia/arp-bar,referencia de página válida
restaurantes/Arp Bar/by-the-sea-and-full-of Arp Bar.jpg,1,/gastronomia/arp-bar,referencia de página válida
restaurantes/Arp Bar/Arp Bar 7.jpg,1,/gastronomia/arp-bar,referencia de página válida
restaurantes/Margutta Ipanema/nossa-casa Margutta Ipanema.jpg,1,/gastronomia/margutta-ipanema,referencia de página válida
restaurantes/Margutta Ipanema/nossas-lagostas-ja-preparadas Margutta Ipanema.jpg,1,/gastronomia/margutta-ipanema,referencia de página válida
restaurantes/Margutta Ipanema/risotto-com-vieirasMargutta Ipanema.jpg,1,/gastronomia/margutta-ipanema,referencia de página válida
restaurantes/Margutta Ipanema/salao-1-andarMargutta Ipanema.jpg,1,/gastronomia/margutta-ipanema,referencia de página válida
restaurantes/Margutta Ipanema/nossa-casaMargutta Ipanema.jpg,1,/gastronomia/margutta-ipanema,referencia de página válida
restaurantes/Margutta Ipanema/grelhada-do-mar Margutta Ipanema.jpg,1,/gastronomia/margutta-ipanema,referencia de página válida
restaurantes/Lilia/Lilia2.jpg,1,/gastronomia/lilia,referencia de página válida
restaurantes/Lilia/Lilia3.jpg,1,/gastronomia/lilia,referencia de página válida
restaurantes/Lilia/Lilia7.jpg,1,/gastronomia/lilia,referencia de página válida
restaurantes/Lilia/5Lilia4.jpg,2,/gastronomia; /gastronomia/lilia,referencia de página válida
restaurantes/Lilia/Lilia4.jpg,1,/gastronomia/lilia,referencia de página válida
restaurantes/Lilia/Lilia6.jpg,1,/gastronomia/lilia,referencia de página válida
restaurantes/Lilia/Lilia1.jpg,1,/gastronomia/lilia,referencia de página válida
restaurantes/Angu do Gomes/Angu do Gomes3.jpg,1,/gastronomia/angu-do-gomes,referencia de página válida
restaurantes/Angu do Gomes/Angu do Gomes.jpg,1,/gastronomia/angu-do-gomes,referencia de página válida
restaurantes/Angu do Gomes/Angu do Gomes port 2.jpg,1,/gastronomia/angu-do-gomes,referencia de página válida
restaurantes/Angu do Gomes/Angu do Gomes 5.jpg,1,/gastronomia/angu-do-gomes,referencia de página válida
restaurantes/Angu do Gomes/Angu do Gomes 2.jpg,1,/gastronomia/angu-do-gomes,referencia de página válida
restaurantes/Angu do Gomes/Angu do Gomes4.jpg,1,/gastronomia/angu-do-gomes,referencia de página válida
restaurantes/Angu do Gomes/tradicional-boteco-carioca Angu do Gomes.jpg,1,/gastronomia/angu-do-gomes,referencia de página válida
restaurantes/colombo centro/colombo centro 4.jpg,1,/gastronomia/confeitaria-colombo,referencia de página válida
restaurantes/colombo centro/colombo centro3.jpg,1,/gastronomia/confeitaria-colombo,referencia de página válida
restaurantes/colombo centro/colombo centro2.jpg,1,/gastronomia/confeitaria-colombo,referencia de página válida
restaurantes/colombo centro/colombo centro portada.jpg,1,/gastronomia/confeitaria-colombo,referencia de página válida
restaurantes/colombo centro/colombo centro5.jpg,1,/gastronomia/confeitaria-colombo,referencia de página válida
restaurantes/colombo centro/colombo centro ew.jpg,1,/gastronomia/confeitaria-colombo,referencia de página válida
restaurantes/Irajá Redux/iraja-redux14.jpg,2,/gastronomia; /gastronomia/iraja-redux,referencia de página válida
restaurantes/Irajá Redux/iraja-redux15.jpg,1,/gastronomia/iraja-redux,referencia de página válida
restaurantes/Irajá Redux/iraja-redux1.jpg,1,/gastronomia/iraja-redux,referencia de página válida
restaurantes/Irajá Redux/IrajaBarra-26.jpg,1,/gastronomia/iraja-redux,referencia de página válida
restaurantes/Irajá Redux/iraja-redux13.jpg,1,/gastronomia/iraja-redux,referencia de página válida
restaurantes/Irajá Redux/iraja-redux12.jpg,1,/gastronomia/iraja-redux,referencia de página válida
restaurantes/Proa Cozinha Bar/Proa Cozinha Bar4.jpg,1,/gastronomia/proa,referencia de página válida
restaurantes/Proa Cozinha Bar/proa-cozinha-bar.jpg,2,/gastronomia; /gastronomia/proa,referencia de página válida
restaurantes/Proa Cozinha Bar/Proa Cozinha Bar1.jpg,1,/gastronomia/proa,referencia de página válida
restaurantes/Proa Cozinha Bar/Proa Cozinha Bar5.jpg,1,/gastronomia/proa,referencia de página válida
restaurantes/Proa Cozinha Bar/Proa Cozinha Bar2.jpg,1,/gastronomia/proa,referencia de página válida
restaurantes/Proa Cozinha Bar/Proa Cozinha Bar3.jpg,1,/gastronomia/proa,referencia de página válida
restaurantes/Coisa de Carioca/Coisa de Carioca 1.jpg,1,/gastronomia/coisa-de-carioca,referencia de página válida
restaurantes/Coisa de Carioca/Coisa de Carioca 4.jpg,1,/gastronomia/coisa-de-carioca,referencia de página válida
restaurantes/Coisa de Carioca/Coisa de Carioca 6.jpg,1,/gastronomia/coisa-de-carioca,referencia de página válida
restaurantes/Coisa de Carioca/Coisa de Carioca 5.jpg,1,/gastronomia/coisa-de-carioca,referencia de página válida
restaurantes/Coisa de Carioca/Coisa de Carioca 3.jpg,1,/gastronomia/coisa-de-carioca,referencia de página válida
restaurantes/Coisa de Carioca/Coisa de Carioca 2.jpg,1,/gastronomia/coisa-de-carioca,referencia de página válida
restaurantes/Coisa de Carioca/Coisa de Carioca 61.jpg,1,/gastronomia/coisa-de-carioca,referencia de página válida
restaurantes/Coisa de Carioca/Coisa de Carioca 8.avif,1,/gastronomia/coisa-de-carioca,referencia de página válida
restaurantes/Coisa de Carioca/Coisa de Carioca principal.jpg,1,/gastronomia/coisa-de-carioca,referencia de página válida
restaurantes/Coisa de Carioca/Coisa de Carioca 7.jpg,1,/gastronomia/coisa-de-carioca,referencia de página válida
restaurantes/Temperarte Posto 6/Temperarte Posto 65.jpg,1,/gastronomia/temperarte-posto6,referencia de página válida
restaurantes/Temperarte Posto 6/Temperarte Posto 667.jpg,1,/gastronomia/temperarte-posto6,referencia de página válida
restaurantes/Temperarte Posto 6/restaurante-temperarte Temperarte Posto 6.jpg,1,/gastronomia/temperarte-posto6,referencia de página válida
restaurantes/Temperarte Posto 6/Temperarte Posto 64.jpg,1,/gastronomia/temperarte-posto6,referencia de página válida
restaurantes/Temperarte Posto 6/nossa-entrada Temperarte Posto 6.jpg,1,/gastronomia/temperarte-posto6,referencia de página válida
restaurantes/Casa do Sardo/tabua-de-frios-e-paesCasa do Sardo.jpg,1,/gastronomia/casa-do-sardo,referencia de página válida
restaurantes/Casa do Sardo/Casa do Sardo3.jpg,1,/gastronomia/casa-do-sardo,referencia de página válida
restaurantes/Casa do Sardo/Casa do Sardo2.jpg,1,/gastronomia/casa-do-sardo,referencia de página válida
restaurantes/Casa do Sardo/Casa do Sardo1.jpg,1,/gastronomia/casa-do-sardo,referencia de página válida
restaurantes/Casa do Sardo/Casa do Sardo5.jpg,1,/gastronomia/casa-do-sardo,referencia de página válida
restaurantes/Casa do Sardo/Casa do Sardo4.jpg,1,/gastronomia/casa-do-sardo,referencia de página válida
restaurantes/sabor das aguas resto/sabor das aguas restoq1.jpg,1,/gastronomia/sabor-das-aguas,referencia de página válida
restaurantes/sabor das aguas resto/sabor das aguas restoq2.jpg,1,/gastronomia/sabor-das-aguas,referencia de página válida
restaurantes/sabor das aguas resto/sabor das aguas resto 6.jpg,1,/gastronomia/sabor-das-aguas,referencia de página válida
restaurantes/sabor das aguas resto/sabor das aguas resto5.jpg,1,/gastronomia/sabor-das-aguas,referencia de página válida
restaurantes/sabor das aguas resto/sabor das aguas resto3.jpg,1,/gastronomia/sabor-das-aguas,referencia de página válida
restaurantes/sabor das aguas resto/sabor das aguas resto4.jpg,1,/gastronomia/sabor-das-aguas,referencia de página válida
restaurantes/Cantinho Legal da Tia Penha/Cantinho Legal da Tia Penha6.jpg,1,/gastronomia/cantinho-legal-tia-penha,referencia de página válida
restaurantes/Cantinho Legal da Tia Penha/polvo-estrelaCantinho Legal da Tia Penha.jpg,1,/gastronomia/cantinho-legal-tia-penha,referencia de página válida
restaurantes/Cantinho Legal da Tia Penha/Cantinho Legal da Tia Penha4.jpg,1,/gastronomia/cantinho-legal-tia-penha,referencia de página válida
restaurantes/Cantinho Legal da Tia Penha/feijoada-de-frutos-do Cantinho Legal da Tia Penha.jpg,1,/gastronomia/cantinho-legal-tia-penha,referencia de página válida
restaurantes/Cantinho Legal da Tia Penha/nossa-famosa-panelinha Cantinho Legal da Tia Penha.jpg,1,/gastronomia/cantinho-legal-tia-penha,referencia de página válida
restaurantes/Cantinho Legal da Tia Penha/nosso-caranguejo Cantinho Legal da Tia Penha.jpg,1,/gastronomia/cantinho-legal-tia-penha,referencia de página válida
restaurantes/Polvo Marisqueria/pratos-divinos-preparadosPolvo Marisqueria.jpg,1,/gastronomia/polvo-marisqueria,referencia de página válida
restaurantes/Polvo Marisqueria/Polvo Marisqueria 5.jpg,1,/gastronomia/polvo-marisqueria,referencia de página válida
restaurantes/Polvo Marisqueria/pratos-divinos-preparados Polvo Marisqueria.jpg,1,/gastronomia/polvo-marisqueria,referencia de página válida
restaurantes/Polvo Marisqueria/Polvo MarisqueriaENTRADA.jpg,1,/gastronomia/polvo-marisqueria,referencia de página válida
restaurantes/Polvo Marisqueria/Polvo Marisqueria1.jpg,1,/gastronomia/polvo-marisqueria,referencia de página válida
restaurantes/Polvo Marisqueria/DPolvo Marisqueria.jpg,1,/gastronomia/polvo-marisqueria,referencia de página válida
restaurantes/Xodózin/Xodózin6.jpg,1,/gastronomia/xodozin-copa,referencia de página válida
restaurantes/Xodózin/Xodózin5.jpg,2,/gastronomia; /gastronomia/xodozin-copa,referencia de página válida
restaurantes/Xodózin/Xodózin2.jpg,1,/gastronomia/xodozin-copa,referencia de página válida
restaurantes/Xodózin/Xodózin4.jpg,1,/gastronomia/xodozin-copa,referencia de página válida
restaurantes/Xodózin/Xodózin3.jpg,1,/gastronomia/xodozin-copa,referencia de página válida
restaurantes/Xodózin/xodozin1.jpg,1,/gastronomia/xodozin-copa,referencia de página válida
restaurantes/Quiosque Cabanna/Quiosque Cabanna5.jpg,1,/gastronomia/cabanna,referencia de página válida
restaurantes/Quiosque Cabanna/Quiosque Cabanna4.jpg,1,/gastronomia/cabanna,referencia de página válida
restaurantes/Quiosque Cabanna/Quiosque Cabanna2.jpg,1,/gastronomia/cabanna,referencia de página válida
restaurantes/Quiosque Cabanna/cabanna Quiosque Cabanna.jpg,1,/gastronomia/cabanna,referencia de página válida
restaurantes/Quiosque Cabanna/Quiosque Cabanna3.jpg,1,/gastronomia/cabanna,referencia de página válida
restaurantes/esquimo/esquimo12eds.jpg,1,/gastronomia/esquimo,referencia de página válida
restaurantes/esquimo/esquimo12ed.jpg,1,/gastronomia/esquimo,referencia de página válida
restaurantes/esquimo/esquimo12e.jpg,1,/gastronomia/esquimo,referencia de página válida
restaurantes/esquimo/esquimo1.jpg,2,/gastronomia; /gastronomia/esquimo,referencia de página válida
restaurantes/esquimo/esquimo12.jpg,1,/gastronomia/esquimo,referencia de página válida
restaurantes/Café Lamas/Café Lamas5.jpg,1,/gastronomia/cafe-lamas,referencia de página válida
restaurantes/Café Lamas/Café Lamas2.jpg,1,/gastronomia/cafe-lamas,referencia de página válida
restaurantes/Café Lamas/Café Lamas6.jpg,1,/gastronomia/cafe-lamas,referencia de página válida
restaurantes/Café Lamas/cafe-lamas1.jpg,1,/gastronomia/cafe-lamas,referencia de página válida
restaurantes/Café Lamas/Café Lamas7.jpg,1,/gastronomia/cafe-lamas,referencia de página válida
restaurantes/Café Lamas/Café Lamas3.jpg,1,/gastronomia/cafe-lamas,referencia de página válida
restaurantes/Café Lamas/Café Lamas4.jpg,1,/gastronomia/cafe-lamas,referencia de página válida
restaurantes/Nôa/Nôa ipanema 3.jpg,1,/gastronomia/noa-ipanema,referencia de página válida
restaurantes/Nôa/Nôa ipanema 1.jpg,1,/gastronomia/noa-ipanema,referencia de página válida
restaurantes/Nôa/Nôa ipanema7.jpg,1,/gastronomia/noa-ipanema,referencia de página válida
restaurantes/Nôa/Nôa ipanema4.jpg,1,/gastronomia/noa-ipanema,referencia de página válida
restaurantes/Nôa/Nôa ipanema2.jpg,1,/gastronomia/noa-ipanema,referencia de página válida
restaurantes/Nôa/Nôa ipanema6.jpg,1,/gastronomia/noa-ipanema,referencia de página válida
restaurantes/Nôa/Nôa ipanema68.jpg,1,/gastronomia/noa-ipanema,referencia de página válida
restaurantes/Nôa/Nôa ipanema5.jpg,1,/gastronomia/noa-ipanema,referencia de página válida
restaurantes/Pobre Juan/Pobre Juan 31.jpg,1,/gastronomia/pobre-juan,referencia de página válida
restaurantes/Pobre Juan/alta-gastronomia-em-carnes Pobre Juan.jpg,1,/gastronomia/pobre-juan,referencia de página válida
restaurantes/Pobre Juan/Pobre Juan 2.jpg,1,/gastronomia/pobre-juan,referencia de página válida
restaurantes/Pobre Juan/fachadae Pobre Juan.jpg,1,/gastronomia/pobre-juan,referencia de página válida
restaurantes/Pobre Juan/salmao-com-risoto-de Pobre Juan.jpg,1,/gastronomia/pobre-juan,referencia de página válida
restaurantes/Pobre Juan/pobre-juan-barra-da-tijuca.jpg,1,/gastronomia/pobre-juan,referencia de página válida
restaurantes/Pobre Juan/Pobre Juan 3.jpg,1,/gastronomia/pobre-juan,referencia de página válida
restaurantes/Leblon  CT Boucherie/prime-rib Leblon  CT Boucherie.jpg,1,/gastronomia/ct-boucherie,referencia de página válida
restaurantes/Leblon  CT Boucherie/Leblon  CT Boucherie sobremesa panqueques.jpg,1,/gastronomia/ct-boucherie,referencia de página válida
restaurantes/Leblon  CT Boucherie/ct boucheri exterior.jpg,1,/gastronomia/ct-boucherie,referencia de página válida
restaurantes/Leblon  CT Boucherie/ct-boucherie brownie.jpg,1,/gastronomia/ct-boucherie,referencia de página válida
restaurantes/Leblon  CT Boucherie/acho-e-rodizio-de-acompanhamen Leblon  CT Boucherie.jpg,1,/gastronomia/ct-boucherie,referencia de página válida
restaurantes/Leblon  CT Boucherie/cheesecake Leblon  CT Boucherie.jpg,1,/gastronomia/ct-boucherie,referencia de página válida
restaurantes/Leblon  CT Boucherie/salao Leblon  CT Boucherie.jpg,1,/gastronomia/ct-boucherie,referencia de página válida
restaurantes/Yūsha/Yūsha6.jpg,1,/gastronomia/yusha,referencia de página válida
restaurantes/Yūsha/Yūsha2.jpg,1,/gastronomia/yusha,referencia de página válida
restaurantes/Yūsha/made-in-japan Yūsha.jpg,1,/gastronomia/yusha,referencia de página válida
restaurantes/Yūsha/Yūsha7.jpg,2,/gastronomia; /gastronomia/yusha,referencia de página válida
restaurantes/Yūsha/Yūsha5.jpg,1,/gastronomia/yusha,referencia de página válida
restaurantes/Yūsha/Yūsha8.jpg,1,/gastronomia/yusha,referencia de página válida
restaurantes/Yūsha/Yūsha4.jpg,1,/gastronomia/yusha,referencia de página válida
restaurantes/Yūsha/Yūsha3.jpg,1,/gastronomia/yusha,referencia de página válida
restaurantes/cais do oriente.jpg,1,/gastronomia/cais-do-oriente,referencia de página válida
restaurantes/Reino Vegetal/Reino Vegetal2.jpg,1,/gastronomia/reino-vegetal,referencia de página válida
restaurantes/Reino Vegetal/Reino Vegetal3.jpg,1,/gastronomia/reino-vegetal,referencia de página válida
restaurantes/Reino Vegetal/Reino Vegetal5.jpg,1,/gastronomia/reino-vegetal,referencia de página válida
restaurantes/Reino Vegetal/Reino Vegetal1.jpg,1,/gastronomia/reino-vegetal,referencia de página válida
restaurantes/Reino Vegetal/Reino Vegetal4.jpg,1,/gastronomia/reino-vegetal,referencia de página válida
restaurantes/Cais do Oriente/burrata-com-parma-e-figos Cais do Oriente.jpg,1,/gastronomia/cais-do-oriente,referencia de página válida
restaurantes/Cais do Oriente/nhoque-com-molho-rustico Cais do Oriente.jpg,1,/gastronomia/cais-do-oriente,referencia de página válida
restaurantes/Cais do Oriente/salmao-grelhado-com-musseline Cais do Oriente.jpg,1,/gastronomia/cais-do-oriente,referencia de página válida
restaurantes/Cais do Oriente/Cais do Oriente 2.jpg,1,/gastronomia/cais-do-oriente,referencia de página válida
restaurantes/Cais do Oriente/Cais do Oriente carne.jpg,1,/gastronomia/cais-do-oriente,referencia de página válida
restaurantes/Cais do Oriente/jardim-do-cais-para-os Cais do Oriente.jpg,1,/gastronomia/cais-do-oriente,referencia de página válida
restaurantes/Cais do Oriente/area-externa-o-melhor Cais do Oriente.jpg,1,/gastronomia/cais-do-oriente,referencia de página válida
restaurantes/Talho Capixaba IPANEMA/Talho Capixaba IPANEMA8.jpg,1,/gastronomia/talho-capixaba-ipanema,referencia de página válida
restaurantes/Talho Capixaba IPANEMA/Talho Capixaba IPANEMA.jpg,1,/gastronomia/talho-capixaba-ipanema,referencia de página válida
restaurantes/Talho Capixaba IPANEMA/Talho Capixaba IPANEMA7.jpg,1,/gastronomia/talho-capixaba-ipanema,referencia de página válida
restaurantes/Talho Capixaba IPANEMA/Talho Capixaba IPANEMA4.jpg,1,/gastronomia/talho-capixaba-ipanema,referencia de página válida
restaurantes/Talho Capixaba IPANEMA/Talho Capixaba IPANEMA6.jpg,1,/gastronomia/talho-capixaba-ipanema,referencia de página válida
restaurantes/Talho Capixaba IPANEMA/Talho Capixaba IPANEMA1.jpg,1,/gastronomia/talho-capixaba-ipanema,referencia de página válida
restaurantes/Talho Capixaba IPANEMA/Talho Capixaba IPANEMA5.jpg,1,/gastronomia/talho-capixaba-ipanema,referencia de página válida
restaurantes/Talho Capixaba IPANEMA/Talho Capixaba IPANEMA3.jpg,1,/gastronomia/talho-capixaba-ipanema,referencia de página válida
restaurantes/Guacamole Cocina Mexicana/Guacamole Cocina Mexicana2.jpg,1,/gastronomia/guacamole-copacabana,referencia de página válida
restaurantes/Guacamole Cocina Mexicana/Guacamole Cocina Mexicana5.jpg,1,/gastronomia/guacamole-copacabana,referencia de página válida
restaurantes/Guacamole Cocina Mexicana/Guacamole Cocina Mexicana1.jpg,1,/gastronomia/guacamole-copacabana,referencia de página válida
restaurantes/Guacamole Cocina Mexicana/Guacamole Cocina Mexicana3.jpg,1,/gastronomia/guacamole-copacabana,referencia de página válida
restaurantes/Guacamole Cocina Mexicana/Guacamole Cocina Mexicana4.jpg,1,/gastronomia/guacamole-copacabana,referencia de página válida
restaurantes/Joaquina/Joaquina 2.jpg,1,/gastronomia/joaquina,referencia de página válida
restaurantes/Joaquina/bolo-de-chocolate-com Joaquina.jpg,1,/gastronomia/joaquina,referencia de página válida
restaurantes/Joaquina/mini-hamburguer-de-camarao Joaquina.jpg,1,/gastronomia/joaquina,referencia de página válida
restaurantes/Joaquina/feijao-vermelho-arroz Joaquina.jpg,1,/gastronomia/joaquina,referencia de página válida
restaurantes/Joaquina/Joaquina 7.jpg,1,/gastronomia/joaquina,referencia de página válida
restaurantes/Joaquina/Joaquina 6.jpg,1,/gastronomia/joaquina,referencia de página válida
restaurantes/Joaquina/classicos Joaquina.jpg,1,/gastronomia/joaquina,referencia de página válida
restaurantes/Joaquina/Joaquina 5.jpg,1,/gastronomia/joaquina,referencia de página válida
restaurantes/CASA MOHAMED BOTAFOGO/CASA MOHAMED BOTAFOGO3.jpg,1,/gastronomia/casa-mohamed,referencia de página válida
restaurantes/CASA MOHAMED BOTAFOGO/CASA MOHAMED BOTAFOGO2.jpg,1,/gastronomia/casa-mohamed,referencia de página válida
restaurantes/CASA MOHAMED BOTAFOGO/CASA MOHAMED BOTAFOGO5.jpg,1,/gastronomia/casa-mohamed,referencia de página válida
restaurantes/CASA MOHAMED BOTAFOGO/CASA MOHAMED BOTAFOGO1.jpg,1,/gastronomia/casa-mohamed,referencia de página válida
restaurantes/CASA MOHAMED BOTAFOGO/CASA MOHAMED BOTAFOGO4.jpg,1,/gastronomia/casa-mohamed,referencia de página válida
restaurantes/CASA MOHAMED BOTAFOGO/CASA MOHAMED BOTAFOGO6.jpg,1,/gastronomia/casa-mohamed,referencia de página válida
restaurantes/Toca da Traíra/Toca da Traíra.jpg,1,/gastronomia/toca-da-traira,referencia de página válida
restaurantes/Toca da Traíra/Toca da Traíra maer.jpg,1,/gastronomia/toca-da-traira,referencia de página válida
restaurantes/Toca da Traíra/Toca da Traíra wqd.jpg,1,/gastronomia/toca-da-traira,referencia de página válida
restaurantes/Toca da Traíra/Toca da Traíra peixe.jpg,1,/gastronomia/toca-da-traira,referencia de página válida
restaurantes/Toca da Traíra/restaurante-toca-da-traira.jpg,1,/gastronomia/toca-da-traira,referencia de página válida
restaurantes/Toca da Traíra/Toca da Traíra sobre mesa.jpg,1,/gastronomia/toca-da-traira,referencia de página válida
restaurantes/Toca da Traíra/Toca da Traíra interior.jpg,1,/gastronomia/toca-da-traira,referencia de página válida
restaurantes/Toca da Traíra/Toca da Traíra tabla mar.jpg,1,/gastronomia/toca-da-traira,referencia de página válida
restaurantes/Toca da Traíra/Toca da Traíra salon.jpg,1,/gastronomia/toca-da-traira,referencia de página válida
restaurantes/La Bicyclette/La Bicyclette he.jpg,1,/gastronomia/la-bicyclette,referencia de página válida
restaurantes/La Bicyclette/La Bicyclette cafe.jpg,1,/gastronomia/la-bicyclette,referencia de página válida
restaurantes/La Bicyclette/nossas-tigelas La Bicyclette.jpg,1,/gastronomia/la-bicyclette,referencia de página válida
restaurantes/La Bicyclette/La Bicyclette 2.jpg,1,/gastronomia/la-bicyclette,referencia de página válida
restaurantes/La Bicyclette/La Bicyclette interiro.jpg,1,/gastronomia/la-bicyclette,referencia de página válida
restaurantes/La Bicyclette/La Bicyclette cafe2.jpg,1,/gastronomia/la-bicyclette,referencia de página válida
restaurantes/La Bicyclette/La Bicyclette 1.jpg,1,/gastronomia/la-bicyclette,referencia de página válida
restaurantes/La Bicyclette/La Bicyclette vista.jpg,1,/gastronomia/la-bicyclette,referencia de página válida
restaurantes/La Bicyclette/La Bicyclette tostadas.jpg,1,/gastronomia/la-bicyclette,referencia de página válida
restaurantes/Aipo & Aipim Copacabana 2/Aipo & Aipim Copacabana 2 1.jpg,1,/gastronomia/aipo-aipim-605,referencia de página válida
restaurantes/Aipo & Aipim Copacabana 2/Aipo & Aipim Copacabana 2 3.jpg,1,/gastronomia/aipo-aipim-605,referencia de página válida
restaurantes/Aipo & Aipim Copacabana 2/Aipo & Aipim Copacabana 2 PORT.jpg,1,/gastronomia/aipo-aipim-605,referencia de página válida
restaurantes/Aipo & Aipim Copacabana 2/Aipo & Aipim Copacabana 2 5.jpg,1,/gastronomia/aipo-aipim-605,referencia de página válida
restaurantes/Aipo & Aipim Copacabana 2/Aipo & Aipim Copacabana 2 2.jpg,1,/gastronomia/aipo-aipim-605,referencia de página válida
restaurantes/garota de ipanema.jpg,1,/gastronomia/garota-de-ipanema,referencia de página válida
restaurantes/Basha/cardapio-basha (1) Basha.jpg,1,/gastronomia/basha,referencia de página válida
restaurantes/Basha/misto-grelhado Basha.jpg,1,/gastronomia/basha,referencia de página válida
restaurantes/Basha/Basha cardapio.jpg,1,/gastronomia/basha,referencia de página válida
restaurantes/Basha/basha-comida-libanesa (1).jpg,1,/gastronomia/basha,referencia de página válida
restaurantes/Basha/Basha.jpg,1,/gastronomia/basha,referencia de página válida
restaurantes/Basha/cardapio-basha.jpg,1,/gastronomia/basha,referencia de página válida
restaurantes/Basha/basha-comida-libanesa.jpg,2,/gastronomia/basha; /gastronomia,referencia de página válida
restaurantes/Basha/salada-fatouch Basha.jpg,1,/gastronomia/basha,referencia de página válida
restaurantes/Nova Capela Restaurante/Nova Capela Restaurante6.jpg,1,/gastronomia/nova-capela,referencia de página válida
restaurantes/Nova Capela Restaurante/Nova Capela Restaurante2.jpg,1,/gastronomia/nova-capela,referencia de página válida
restaurantes/Nova Capela Restaurante/Nova Capela Restaurante4.jpg,1,/gastronomia/nova-capela,referencia de página válida
restaurantes/Nova Capela Restaurante/Nova Capela Restaurante5.jpg,1,/gastronomia/nova-capela,referencia de página válida
restaurantes/Nova Capela Restaurante/Nova Capela Restaurante1.jpg,1,/gastronomia/nova-capela,referencia de página válida
restaurantes/Nova Capela Restaurante/4.jpg,1,/gastronomia/nova-capela,referencia de página válida
restaurantes/Nova Capela Restaurante/Nova Capela Restaurante3.jpg,1,/gastronomia/nova-capela,referencia de página válida
restaurantes/Prana Vegetariano/PRANA VEGETARIANO (5).jpg,1,/gastronomia/prana,referencia de página válida
restaurantes/Prana Vegetariano/PRANA VEGETARIANO (1).jpg,1,/gastronomia/prana,referencia de página válida
restaurantes/Prana Vegetariano/PRANA VEGETARIANO (4).jpg,1,/gastronomia/prana,referencia de página válida
restaurantes/Prana Vegetariano/PRANA VEGETARIANO (2).jpg,1,/gastronomia/prana,referencia de página válida
restaurantes/Prana Vegetariano/PRANA VEGETARIANO (3).jpg,1,/gastronomia/prana,referencia de página válida
restaurantes/Prana Vegetariano/PRANA VEGETARIANO (6).jpg,1,/gastronomia/prana,referencia de página válida
restaurantes/venga ipanema/drinks venga ipanema.jpg,1,/gastronomia/venga-ipanema,referencia de página válida
restaurantes/venga ipanema/charcuteria venga ipanema.jpg,1,/gastronomia/venga-ipanema,referencia de página válida
restaurantes/venga ipanema/paella venga ipanema.jpg,1,/gastronomia/venga-ipanema,referencia de página válida
restaurantes/venga ipanema/balcony venga ipanema.jpg,1,/gastronomia/venga-ipanema,referencia de página válida
restaurantes/venga ipanema/tapasvenga ipanema.jpg,1,/gastronomia/venga-ipanema,referencia de página válida
restaurantes/venga ipanema/second-floor-viewvenga ipanema.jpg,1,/gastronomia/venga-ipanema,referencia de página válida
restaurantes/venga ipanema/venga ipanema4.jpg,1,/gastronomia/venga-ipanema,referencia de página válida
restaurantes/venga ipanema/venga ipanema 2.jpg,1,/gastronomia/venga-ipanema,referencia de página válida
restaurantes/casa da feijoada ipanema/casa da feijoada ipanema 2.jpg,1,/gastronomia/casa-feijoada,referencia de página válida
restaurantes/casa da feijoada ipanema/nossa-feijoada-tradicional casa da feijoada ipanema.jpg,1,/gastronomia/casa-feijoada,referencia de página válida
restaurantes/casa da feijoada ipanema/casa da feijoada ipanema 3.jpg,1,/gastronomia/casa-feijoada,referencia de página válida
restaurantes/casa da feijoada ipanema/casa da feijoada ipanema 4.jpg,1,/gastronomia/casa-feijoada,referencia de página válida
restaurantes/casa da feijoada ipanema/casa da feijoada ipanema 5.jpg,1,/gastronomia/casa-feijoada,referencia de página válida
restaurantes/cervantes copacabana/cervantes copa 2.jpg,1,/gastronomia/cervantes-copacabana,referencia de página válida
restaurantes/cervantes copacabana/cervantes copa 4.jpg,1,/gastronomia/cervantes-copacabana,referencia de página válida
restaurantes/cervantes copacabana/cervantes copa 5.jpg,1,/gastronomia/cervantes-copacabana,referencia de página válida
restaurantes/cervantes copacabana/cervantes copacabana 1.jpg,1,/gastronomia/cervantes-copacabana,referencia de página válida
restaurantes/cervantes copacabana/cervantes copa 6.jpg,1,/gastronomia/cervantes-copacabana,referencia de página válida
restaurantes/cervantes copacabana/cervantes copa 3.jpg,1,/gastronomia/cervantes-copacabana,referencia de página válida
restaurantes/Escama/Escama6.jpg,1,/gastronomia/escama,referencia de página válida
restaurantes/Escama/na-mesa Escama.jpg,1,/gastronomia/escama,referencia de página válida
restaurantes/Escama/ambiente-do-escama1.jpg,1,/gastronomia/escama,referencia de página válida
restaurantes/Escama/na-brasaEscama.jpg,1,/gastronomia/escama,referencia de página válida
restaurantes/Escama/do-mar-a-mesaEscama.jpg,1,/gastronomia/escama,referencia de página válida
restaurantes/Escama/mesa-farta Escama.jpg,1,/gastronomia/escama,referencia de página válida
restaurantes/Otto Restaurante/espaguete Otto Restaurante.jpg,1,/gastronomia/otto,referencia de página válida
restaurantes/Otto Restaurante/castelinhas Otto Restaurante1.jpg,1,/gastronomia/otto,referencia de página válida
restaurantes/Otto Restaurante/palmito Otto Restaurantea.jpg,1,/gastronomia/otto,referencia de página válida
restaurantes/Otto Restaurante/restaurante Otto Restaurante.jpg,1,/gastronomia/otto,referencia de página válida
restaurantes/Otto Restaurante/costelinhas Otto Restaurante.jpg,1,/gastronomia/otto,referencia de página válida
restaurantes/Otto Restaurante/palmito Otto Restaurante.jpg,1,/gastronomia/otto,referencia de página válida
restaurantes/Rotisseria Sírio Libanesa/Rotisseria Sírio Libanesa2.jpg,1,/gastronomia/rotisseria-sirio-libanesa,referencia de página válida
restaurantes/Rotisseria Sírio Libanesa/Rotisseria Sírio Libanesa.jpg,1,/gastronomia/rotisseria-sirio-libanesa,referencia de página válida
restaurantes/Rotisseria Sírio Libanesa/Rotisseria Sírio Libanesa5.jpg,1,/gastronomia/rotisseria-sirio-libanesa,referencia de página válida
restaurantes/Rotisseria Sírio Libanesa/Rotisseria Sírio Libanesa4.jpg,1,/gastronomia/rotisseria-sirio-libanesa,referencia de página válida
restaurantes/Rotisseria Sírio Libanesa/rotisseria-sirio-libanesa1.jpg,1,/gastronomia/rotisseria-sirio-libanesa,referencia de página válida
restaurantes/Rotisseria Sírio Libanesa/Rotisseria Sírio Libanesa3.jpg,1,/gastronomia/rotisseria-sirio-libanesa,referencia de página válida
restaurantes/Tacacá do Norte/Tacacá do Norte3.jpg,1,/gastronomia/tacaca-do-norte,referencia de página válida
restaurantes/Tacacá do Norte/Tacacá do Norte1.jpg,1,/gastronomia/tacaca-do-norte,referencia de página válida
restaurantes/Tacacá do Norte/Tacacá do Norte4.jpg,1,/gastronomia/tacaca-do-norte,referencia de página válida
restaurantes/Tacacá do Norte/Tacacá do Norte2.jpg,1,/gastronomia/tacaca-do-norte,referencia de página válida
restaurantes/Tacacá do Norte/tacaca-do-norte5.jpg,1,/gastronomia/tacaca-do-norte,referencia de página válida
restaurantes/Tacacá do Norte/Tacacá do Norte.jpg,1,/gastronomia/tacaca-do-norte,referencia de página válida
restaurantes/Bar da Gema/Bar da Gema3.jpg,1,/gastronomia/bar-da-gema,referencia de página válida
restaurantes/Bar da Gema/Bar da Gema2.jpg,1,/gastronomia/bar-da-gema,referencia de página válida
restaurantes/Bar da Gema/bar-da-gema34.jpg,2,/gastronomia; /gastronomia/bar-da-gema,referencia de página válida
restaurantes/Bar da Gema/Bar da Gema5.jpg,1,/gastronomia/bar-da-gema,referencia de página válida
restaurantes/Bar da Gema/bar-da-gema1.jpg,1,/gastronomia/bar-da-gema,referencia de página válida
restaurantes/botafoto fogo e farinha/botafogo fogo e farinha 2.jpg,1,/gastronomia/ferro-e-farinha,referencia de página válida
restaurantes/botafoto fogo e farinha/flor-de-burrata botafogo fogo e farinha.jpg,1,/gastronomia/ferro-e-farinha,referencia de página válida
restaurantes/botafoto fogo e farinha/botafogo fogo e farinhabotafogo.jpg,1,/gastronomia/ferro-e-farinha,referencia de página válida
restaurantes/botafoto fogo e farinha/botafogo fogo e farinha interiro.jpg,1,/gastronomia/ferro-e-farinha,referencia de página válida
restaurantes/botafoto fogo e farinha/pizza botafogo fogo e farinha.jpg,1,/gastronomia/ferro-e-farinha,referencia de página válida
restaurantes/botafoto fogo e farinha/botafogo fogo e farinha 23.jpg,1,/gastronomia/ferro-e-farinha,referencia de página válida
restaurantes/botafoto fogo e farinha/ferro e farinha botafogo.jpg,1,/gastronomia/ferro-e-farinha,referencia de página válida
restaurantes/botafoto fogo e farinha/botafogo fogo e farinha bebidas.jpg,1,/gastronomia/ferro-e-farinha,referencia de página válida
restaurantes/assador/Assador 4.jpg,1,/gastronomia/assador,referencia de página válida
restaurantes/assador/sobremesa Assador.jpg,1,/gastronomia/assador,referencia de página válida
restaurantes/assador/assador 2.jpg,1,/gastronomia/assador,referencia de página válida
restaurantes/assador/Assador 3.jpg,1,/gastronomia/assador,referencia de página válida
restaurantes/assador/entrada Assador.jpg,1,/gastronomia/assador,referencia de página válida
restaurantes/assador/carne Assador.jpg,1,/gastronomia/assador,referencia de página válida
restaurantes/assador/saao Assador.jpg,1,/gastronomia/assador,referencia de página válida
restaurantes/KILOGRAMA CENTRO/KILOGRAMA CENTRO5.jpg,1,/gastronomia/kilograma-centro,referencia de página válida
restaurantes/KILOGRAMA CENTRO/KILOGRAMA CENTRO4.jpg,1,/gastronomia/kilograma-centro,referencia de página válida
restaurantes/KILOGRAMA CENTRO/KILOGRAMA CENTRO2.jpg,1,/gastronomia/kilograma-centro,referencia de página válida
restaurantes/KILOGRAMA CENTRO/KILOGRAMA CENTRO1.jpg,1,/gastronomia/kilograma-centro,referencia de página válida
restaurantes/KILOGRAMA CENTRO/KILOGRAMA CENTRO3.jpg,1,/gastronomia/kilograma-centro,referencia de página válida
restaurantes/Chez Claude/cherne-com-banana Chez Claude.jpg,1,/gastronomia/chez-claude,referencia de página válida
restaurantes/Chez Claude/Chez Claude 4.jpg,1,/gastronomia/chez-claude,referencia de página válida
restaurantes/Chez Claude/Chez Claude cocina.jpg,1,/gastronomia/chez-claude,referencia de página válida
restaurantes/Chez Claude/salao-interno Chez Claude.jpg,1,/gastronomia/chez-claude,referencia de página válida
restaurantes/Chez Claude/Chez Claude2.jpg,1,/gastronomia/chez-claude,referencia de página válida
restaurantes/Chez Claude/ovo-caviar Chez Claude.jpg,1,/gastronomia/chez-claude,referencia de página válida
restaurantes/Point de Grumari/Point de Grumari1.jpg,1,/gastronomia/point-de-grumari,referencia de página válida
restaurantes/Point de Grumari/Point de Grumari3.jpg,1,/gastronomia/point-de-grumari,referencia de página válida
restaurantes/Point de Grumari/Point de Grumari2.jpg,1,/gastronomia/point-de-grumari,referencia de página válida
restaurantes/Point de Grumari/Point de Grumari5.jpg,1,/gastronomia/point-de-grumari,referencia de página válida
restaurantes/Point de Grumari/Point de Grumari4.jpg,1,/gastronomia/point-de-grumari,referencia de página válida
restaurantes/Tia Palmira/Tia Palmira 3.jpg,1,/gastronomia/tia-palmira,referencia de página válida
restaurantes/Tia Palmira/Tia Palmira 5.jpg,1,/gastronomia/tia-palmira,referencia de página válida
restaurantes/Tia Palmira/area Tia Palmira.jpg,1,/gastronomia/tia-palmira,referencia de página válida
restaurantes/Tia Palmira/tia-palmira 2.jpg,1,/gastronomia/tia-palmira,referencia de página válida
restaurantes/Tia Palmira/tia-palmira msr.jpg,1,/gastronomia/tia-palmira,referencia de página válida
restaurantes/Tia Palmira/parte-externa Tia Palmira.jpg,1,/gastronomia/tia-palmira,referencia de página válida
restaurantes/Tia Palmira/Tia Palmira 4.jpg,1,/gastronomia/tia-palmira,referencia de página válida
restaurantes/Tia Palmira/entradas-pastel-de-camarao.jpg,1,/gastronomia/tia-palmira,referencia de página válida
restaurantes/cavalho marinho/cavalho marinhofg.jpg,1,/gastronomia/cavalo-marinho,referencia de página válida
restaurantes/cavalho marinho/cavalo-marinhodf.jpg,1,/gastronomia/cavalo-marinho,referencia de página válida
restaurantes/cavalho marinho/lugar-maravilhoso cavalho marinho.jpg,1,/gastronomia/cavalo-marinho,referencia de página válida
restaurantes/cavalho marinho/cavalho marinho af.jpg,1,/gastronomia/cavalo-marinho,referencia de página válida
restaurantes/cavalho marinho/cavalho marinho2.jpg,1,/gastronomia/cavalo-marinho,referencia de página válida
restaurantes/cavalho marinho/comida-maravilhosa cavalho marinho.jpg,1,/gastronomia/cavalo-marinho,referencia de página válida
restaurantes/adega perola/adega perola 3.jpg,1,/gastronomia/adega-perola,referencia de página válida
restaurantes/adega perola/adegaperola1.jpg,1,/gastronomia/adega-perola,referencia de página válida
restaurantes/adega perola/adega perola 6.jpg,1,/gastronomia/adega-perola,referencia de página válida
restaurantes/adega perola/adega perola 2.jpg,1,/gastronomia/adega-perola,referencia de página válida
restaurantes/adega perola/adega perola 5.jpg,1,/gastronomia/adega-perola,referencia de página válida
restaurantes/adega perola/adega entrada.jpg,1,/gastronomia/adega-perola,referencia de página válida
restaurantes/adega perola/adega perola sardinha.jpg,1,/gastronomia/adega-perola,referencia de página válida
restaurantes/adega perola/adega perola 1.jpg,1,/gastronomia/adega-perola,referencia de página válida
restaurantes/adega perola/adega perola PORT.jpg,1,/gastronomia/adega-perola,referencia de página válida
restaurantes/churrascaria palace/costela prime.jpeg,1,/gastronomia/churrascaria-palace,referencia de página válida
restaurantes/churrascaria palace/ostras-400x250.jpg,1,/gastronomia/churrascaria-palace,referencia de página válida
restaurantes/churrascaria palace/caipirinha churrascaria palace.jpg,1,/gastronomia/churrascaria-palace,referencia de página válida
restaurantes/churrascaria palace/churrascaria palace entrada.jpg,1,/gastronomia/churrascaria-palace,referencia de página válida
restaurantes/churrascaria palace/bar churracarria palace.jpg,1,/gastronomia/churrascaria-palace,referencia de página válida
restaurantes/churrascaria palace/churrascaria_palace_carne_picanha-borboleta-400x250.jpg,1,/gastronomia/churrascaria-palace,referencia de página válida
restaurantes/churrascaria palace/churrpalace.jpg,1,/gastronomia/churrascaria-palace,referencia de página válida
restaurantes/churrascaria palace/churrpalace2.jpg,1,/gastronomia/churrascaria-palace,referencia de página válida
restaurantes/churrascaria palace/picanha de espeto-400x250.jpeg,1,/gastronomia/churrascaria-palace,referencia de página válida
restaurantes/churrascaria palace/QUINDIM-A-VINICIUS-lofi-400x250.jpg,1,/gastronomia/churrascaria-palace,referencia de página válida
restaurantes/churrascaria palace/churrascaria salon.jpg,1,/gastronomia/churrascaria-palace,referencia de página válida
restaurantes/Mäska/Mäska ipenema1.jpg,1,/gastronomia/maska,referencia de página válida
restaurantes/Mäska/Mäska ipenema6.jpg,1,/gastronomia/maska,referencia de página válida
restaurantes/Mäska/Mäska ipenema3.jpg,1,/gastronomia/maska,referencia de página válida
restaurantes/Mäska/Mäska ipenema4.jpg,1,/gastronomia/maska,referencia de página válida
restaurantes/Mäska/Mäska ipenema5.jpg,1,/gastronomia/maska,referencia de página válida
restaurantes/Mäska/maska2Mäska ipenema.jpg,1,/gastronomia/maska,referencia de página válida
restaurantes/Mäska/Mäska ipenema7.jpg,1,/gastronomia/maska,referencia de página válida
restaurantes/gurume ipanema/gurume.jpg,1,/gastronomia/gurume,referencia de página válida
restaurantes/gurume ipanema/gurume ipanema inteior.jpg,1,/gastronomia/gurume,referencia de página válida
restaurantes/gurume ipanema/gurume ipanema maricso.jpg,1,/gastronomia/gurume,referencia de página válida
restaurantes/gurume ipanema/gurume inteior lindo.jpg,1,/gastronomia/gurume,referencia de página válida
restaurantes/gurume ipanema/brisa-de-salmao-macaricado gurume ipanema.jpg,1,/gastronomia/gurume,referencia de página válida
restaurantes/gurume ipanema/sushis-crocantes gurume ipanema.jpg,1,/gastronomia/gurume,referencia de página válida
restaurantes/gurume ipanema/gurume inteior 2.jpg,1,/gastronomia/gurume,referencia de página válida
restaurantes/gurume ipanema/gurume ipanema sushi.jpg,1,/gastronomia/gurume,referencia de página válida
restaurantes/gurume ipanema/gurume ipanema gente.jpg,1,/gastronomia/gurume,referencia de página válida
restaurantes/Clássico Beach Club Barra/um-lugarzinho-perfeito Clássico Beach Club Barra.jpg,1,/gastronomia/classico-beach-club-barra,referencia de página válida
restaurantes/Clássico Beach Club Barra/Clássico Beach Club Barra3.jpg,1,/gastronomia/classico-beach-club-barra,referencia de página válida
restaurantes/Clássico Beach Club Barra/Clássico Beach Club Barra6.jpg,1,/gastronomia/classico-beach-club-barra,referencia de página válida
restaurantes/Clássico Beach Club Barra/Clássico Beach Club Barra1.jpg,1,/gastronomia/classico-beach-club-barra,referencia de página válida
restaurantes/Clássico Beach Club Barra/Clássico Beach Club Barra5.jpg,1,/gastronomia/classico-beach-club-barra,referencia de página válida
restaurantes/Clássico Beach Club Barra/camarao-ao-vinho Clássico Beach Club Barra.jpg,1,/gastronomia/classico-beach-club-barra,referencia de página válida
restaurantes/Nido Ristorante/fileto-rossiniNido Ristorante.jpg,1,/gastronomia/nido-ristorante,referencia de página válida
restaurantes/Nido Ristorante/Nido Ristorante2.jpg,1,/gastronomia/nido-ristorante,referencia de página válida
restaurantes/Nido Ristorante/Nido Ristorante salon.jpg,1,/gastronomia/nido-ristorante,referencia de página válida
restaurantes/Nido Ristorante/Nido Ristorante3.jpg,1,/gastronomia/nido-ristorante,referencia de página válida
restaurantes/Nido Ristorante/Nido Ristorante2 56.jpg,1,/gastronomia/nido-ristorante,referencia de página válida
restaurantes/Nido Ristorante/nido-ristorante1.jpg,1,/gastronomia/nido-ristorante,referencia de página válida
restaurantes/Nido Ristorante/Nido Ristorante4.jpg,1,/gastronomia/nido-ristorante,referencia de página válida
restaurantes/Nido Ristorante/Nido Ristorante corero.jpg,1,/gastronomia/nido-ristorante,referencia de página válida
restaurantes/Nido Ristorante/Nido Ristorante2as.jpg,1,/gastronomia/nido-ristorante,referencia de página válida
restaurantes/Nido Ristorante/Nido Ristorante2 iy.jpg,1,/gastronomia/nido-ristorante,referencia de página válida
restaurantes/Nido Ristorante/Nido Ristorante21.jpg,1,/gastronomia/nido-ristorante,referencia de página válida
restaurantes/Nido Ristorante/Nido Ristorante2fdg.jpg,1,/gastronomia/nido-ristorante,referencia de página válida
restaurantes/canton/canton-peruvian-chinese (2).jpg,1,/gastronomia/canton,referencia de página válida
restaurantes/canton/canton-peruvian-chinese.jpg,1,/gastronomia/canton,referencia de página válida
restaurantes/canton/canton 4.jpg,1,/gastronomia/canton,referencia de página válida
restaurantes/canton/canton 1.jpg,1,/gastronomia/canton,referencia de página válida
restaurantes/canton/canton dsd.jpg,1,/gastronomia/canton,referencia de página válida
restaurantes/canton/bar-canton.jpg,2,/gastronomia; /gastronomia/canton,referencia de página válida
restaurantes/canton/canton-peruvian-chinese (1).jpg,1,/gastronomia/canton,referencia de página válida
restaurantes/canton/canton-peruvian-chinese (3).jpg,1,/gastronomia/canton,referencia de página válida
restaurantes/Galeto Liceu/galeto-liceu3.jpg,1,/gastronomia/galeto-liceu,referencia de página válida
restaurantes/Galeto Liceu/galeto-liceu1.jpg,1,/gastronomia/galeto-liceu,referencia de página válida
restaurantes/Galeto Liceu/galeto-liceu2.jpg,1,/gastronomia/galeto-liceu,referencia de página válida
restaurantes/Galeto Liceu/galeto-liceu4.jpg,2,/gastronomia; /gastronomia/galeto-liceu,referencia de página válida
restaurantes/Samba Social Clube/hamburguer-artesanal Samba Social Clube.jpg,1,/gastronomia/samba-social,referencia de página válida
restaurantes/Samba Social Clube/preparada-na-hora-e-servida Samba Social Clube.jpg,1,/gastronomia/samba-social,referencia de página válida
restaurantes/Samba Social Clube/no-samba-social-club Samba Social Clube.jpg,1,/gastronomia/samba-social,referencia de página válida
restaurantes/Samba Social Clube/moqueca-fumegante-servida Samba Social Clube.jpg,1,/gastronomia/samba-social,referencia de página válida
restaurantes/Samba Social Clube/com-musica-ao-vivo-e Samba Social Clube.jpg,1,/gastronomia/samba-social,referencia de página válida
restaurantes/Samba Social Clube/localizado-no-iconico Samba Social Clube.jpg,1,/gastronomia/samba-social,referencia de página válida
restaurantes/Samba Social Clube/uma-explosao-de-sabor Samba Social Clube.jpg,1,/gastronomia/samba-social,referencia de página válida
restaurantes/Samba Social Clube/prato-principal-com-arroz Samba Social Clube.jpg,1,/gastronomia/samba-social,referencia de página válida
restaurantes/Samba Social Clube/uma-deliciosa-linguica Samba Social Clube.jpg,1,/gastronomia/samba-social,referencia de página válida
restaurantes/Samba Social Clube/localizado-no-famoso Samba Social Clube.jpg,1,/gastronomia/samba-social,referencia de página válida
restaurantes/Bar do Omar/camarao Bar do Omar.jpg,1,/gastronomia/bar-do-omar,referencia de página válida
restaurantes/Bar do Omar/camarao-da-casa Bar do Omar.jpg,1,/gastronomia/bar-do-omar,referencia de página válida
restaurantes/Bar do Omar/Bar do Omar6.jpg,1,/gastronomia/bar-do-omar,referencia de página válida
restaurantes/Bar do Omar/os-diversos-convidados Bar do Omar.jpg,1,/gastronomia/bar-do-omar,referencia de página válida
restaurantes/Bar do Omar/Bar do Omar2.jpg,1,/gastronomia/bar-do-omar,referencia de página válida
restaurantes/Bar do Omar/omacburguer-duplo Bar do Omar.jpg,1,/gastronomia/bar-do-omar,referencia de página válida
restaurantes/Bar do Omar/bar-do-omar1.jpg,1,/gastronomia/bar-do-omar,referencia de página válida
restaurantes/ct boucherie.jpg,1,/gastronomia/ct-boucherie,referencia de página válida
restaurantes/amir copa/amir copa 04.jpg,1,/gastronomia/amir,referencia de página válida
restaurantes/amir copa/amir copa 01.jpg,1,/gastronomia/amir,referencia de página válida
restaurantes/amir copa/amir frontis.jpg,1,/gastronomia/amir,referencia de página válida
restaurantes/amir copa/amir copa03.jpg,1,/gastronomia/amir,referencia de página válida
restaurantes/amir copa/amir copa02.jpg,1,/gastronomia/amir,referencia de página válida
restaurantes/amir copa/amir portada.jpg,1,/gastronomia/amir,referencia de página válida
restaurantes/amir copa/amir copa05.jpg,1,/gastronomia/amir,referencia de página válida
restaurantes/guacamole/2025-08-10 223658.jpg,1,/gastronomia/guacamole-copacabana,referencia de página válida
restaurantes/Deck Buffet/Deck Buffet3.jpg,1,/gastronomia/deck-buffet,referencia de página válida
restaurantes/Deck Buffet/Deck Buffet 54.jpg,1,/gastronomia/deck-buffet,referencia de página válida
restaurantes/Deck Buffet/Deck Buffet1.jpg,1,/gastronomia/deck-buffet,referencia de página válida
restaurantes/Deck Buffet/Deck Buffet7.jpg,1,/gastronomia/deck-buffet,referencia de página válida
restaurantes/Deck Buffet/Deck Buffet5.jpg,1,/gastronomia/deck-buffet,referencia de página válida
restaurantes/Deck Buffet/Deck Buffet4.jpg,1,/gastronomia/deck-buffet,referencia de página válida
restaurantes/Deck Buffet/Deck Buffet45.jpg,1,/gastronomia/deck-buffet,referencia de página válida
restaurantes/Carretão Ipanema Classic Grill/carretao-de-ipanema-classic.jpg,2,/gastronomia; /gastronomia/carretao-ipanema,referencia de página válida
restaurantes/Carretão Ipanema Classic Grill/Carretão Ipanema Classic Grill7.jpg,1,/gastronomia/carretao-ipanema,referencia de página válida
restaurantes/Carretão Ipanema Classic Grill/Carretão Ipanema Classic Grill4.jpg,1,/gastronomia/carretao-ipanema,referencia de página válida
restaurantes/Carretão Ipanema Classic Grill/Carretão Ipanema Classic Grill2.jpg,1,/gastronomia/carretao-ipanema,referencia de página válida
restaurantes/Carretão Ipanema Classic Grill/salao Carretão Ipanema Classic Grill.jpg,1,/gastronomia/carretao-ipanema,referencia de página válida
restaurantes/Carretão Ipanema Classic Grill/Carretão Ipanema Classic Grill3.jpg,1,/gastronomia/carretao-ipanema,referencia de página válida
restaurantes/Kurt LEBLON/Kurt LEBLON3.jpg,1,/gastronomia/kurt-leblon,referencia de página válida
restaurantes/Kurt LEBLON/Kurt LEBLON4.jpg,1,/gastronomia/kurt-leblon,referencia de página válida
restaurantes/Kurt LEBLON/Kurt LEBLON7.jpg,1,/gastronomia/kurt-leblon,referencia de página válida
restaurantes/Kurt LEBLON/Kurt LEBLON1.jpg,1,/gastronomia/kurt-leblon,referencia de página válida
restaurantes/Kurt LEBLON/confeitaria-kurt-leblon.jpg,1,/gastronomia/kurt-leblon,referencia de página válida
restaurantes/Kurt LEBLON/Kurt LEBLON6.jpg,1,/gastronomia/kurt-leblon,referencia de página válida
restaurantes/Kurt LEBLON/Kurt LEBLON5.jpg,1,/gastronomia/kurt-leblon,referencia de página válida
restaurantes/Oficina do Peixe/Oficina do Peixe2.jpg,1,/gastronomia/oficina-do-peixe,referencia de página válida
restaurantes/Oficina do Peixe/Oficina do Peixe4.jpg,1,/gastronomia/oficina-do-peixe,referencia de página válida
restaurantes/Oficina do Peixe/Oficina do Peixe1.jpg,1,/gastronomia/oficina-do-peixe,referencia de página válida
restaurantes/Oficina do Peixe/Oficina do Peixe5.jpg,1,/gastronomia/oficina-do-peixe,referencia de página válida
restaurantes/Oficina do Peixe/Oficina do Peixe3.jpg,1,/gastronomia/oficina-do-peixe,referencia de página válida
restaurantes/pobre-juan-barra-da-tijuca.jpg,1,/gastronomia/pobre-juan,referencia de página válida
restaurantes/Ocyá Ilha Primeira/Ocyá Ilha Primeira5.jpg,1,/gastronomia/ocya-ilha,referencia de página válida
restaurantes/Ocyá Ilha Primeira/Ocyá Ilha Primeira3.jpg,1,/gastronomia/ocya-ilha,referencia de página válida
restaurantes/Ocyá Ilha Primeira/Ocyá Ilha Primeira.jpg,1,/gastronomia/ocya-ilha,referencia de página válida
restaurantes/Ocyá Ilha Primeira/ocya-ilha-primeira-rio.jpg,1,/gastronomia/ocya-ilha,referencia de página válida
restaurantes/Ocyá Ilha Primeira/Ocyá Ilha Primeira2.jpg,1,/gastronomia/ocya-ilha,referencia de página válida
restaurantes/Ocyá Ilha Primeira/Ocyá Ilha Primeira7.jpg,1,/gastronomia/ocya-ilha,referencia de página válida
restaurantes/Fiorino/Fiorino4.jpg,1,/gastronomia/fiorino,referencia de página válida
restaurantes/Fiorino/fiorino5.jpg,2,/gastronomia; /gastronomia/fiorino,referencia de página válida
restaurantes/Fiorino/Fiorino2.jpg,1,/gastronomia/fiorino,referencia de página válida
restaurantes/Fiorino/Fiorino3.jpg,1,/gastronomia/fiorino,referencia de página válida
restaurantes/Fiorino/Fiorino1.jpg,1,/gastronomia/fiorino,referencia de página válida
restaurantes/Pilograma Prime Grill/Pilograma Prime Grill1.jpg,1,/gastronomia/pilograma-prime-grill,referencia de página válida
restaurantes/Pilograma Prime Grill/Pilograma Prime Grill3.jpg,1,/gastronomia/pilograma-prime-grill,referencia de página válida
restaurantes/Pilograma Prime Grill/Pilograma Prime Grill2.jpg,1,/gastronomia/pilograma-prime-grill,referencia de página válida
restaurantes/Pilograma Prime Grill/Pilograma Prime Grill4.jpg,1,/gastronomia/pilograma-prime-grill,referencia de página válida
restaurantes/Pilograma Prime Grill/Pilograma Prime Grill5.jpg,1,/gastronomia/pilograma-prime-grill,referencia de página válida
restaurantes/Oteque/Oteque3.jpg,1,/gastronomia/oteque,referencia de página válida
restaurantes/Oteque/Oteque4.jpg,1,/gastronomia/oteque,referencia de página válida
restaurantes/Oteque/Oteque1.jpg,1,/gastronomia/oteque,referencia de página válida
restaurantes/Oteque/Oteque2.jpg,1,/gastronomia/oteque,referencia de página válida
restaurantes/Oteque/Oteque5.jpg,2,/gastronomia; /gastronomia/oteque,referencia de página válida
restaurantes/Rampinha/bacalhau-ao-lagareiro Rampinha.jpg,1,/gastronomia/rampinha,referencia de página válida
restaurantes/Rampinha/rampinha3.jpg,1,/gastronomia/rampinha,referencia de página válida
restaurantes/Rampinha/Rampinha2.jpg,1,/gastronomia/rampinha,referencia de página válida
restaurantes/Rampinha/Rampinha4.jpg,1,/gastronomia/rampinha,referencia de página válida
restaurantes/Rampinha/Rampinha5.jpg,2,/gastronomia; /gastronomia/rampinha,referencia de página válida
restaurantes/Churrasqueira Rio/picanha-completa-delicia Churrasqueira Rio.jpg,1,/gastronomia/churrasqueira-rio,referencia de página válida
restaurantes/Churrasqueira Rio/vista-externa Churrasqueira Rio.jpg,1,/gastronomia/churrasqueira-rio,referencia de página válida
restaurantes/Churrasqueira Rio/churrasqueira-rio 3.jpg,1,/gastronomia/churrasqueira-rio,referencia de página válida
restaurantes/Churrasqueira Rio/churrasqueira-rio 2.jpg,1,/gastronomia/churrasqueira-rio,referencia de página válida
restaurantes/Churrasqueira Rio/parrilhada Churrasqueira Rio.jpg,1,/gastronomia/churrasqueira-rio,referencia de página válida
restaurantes/Churrasqueira Rio/almoco-executivo-brochete Churrasqueira Rio.jpg,1,/gastronomia/churrasqueira-rio,referencia de página válida
restaurantes/Churrasqueira Rio/salao-do-restaurante Churrasqueira Rio.jpg,1,/gastronomia/churrasqueira-rio,referencia de página válida
restaurantes/Faenza copa/Faenza copa2.jpg,1,/gastronomia/faenza-copacabana,referencia de página válida
restaurantes/Faenza copa/Faenza copa4.jpg,1,/gastronomia/faenza-copacabana,referencia de página válida
restaurantes/Faenza copa/Faenza copa3.jpg,1,/gastronomia/faenza-copacabana,referencia de página válida
restaurantes/Faenza copa/Faenza copa portada.jpg,1,/gastronomia/faenza-copacabana,referencia de página válida
restaurantes/Faenza copa/faenza1.jpg,1,/gastronomia/faenza-copacabana,referencia de página válida
restaurantes/Faenza copa/Faenza copa6.jpg,1,/gastronomia/faenza-copacabana,referencia de página válida
restaurantes/Faenza copa/Faenza copa5.jpg,1,/gastronomia/faenza-copacabana,referencia de página válida
restaurantes/Quiosque Dumare/Quiosque Dumare3.jpg,1,/gastronomia/dumare,referencia de página válida
restaurantes/Quiosque Dumare/Quiosque Dumare6.jpg,1,/gastronomia/dumare,referencia de página válida
restaurantes/Quiosque Dumare/Quiosque Dumare4.jpg,1,/gastronomia/dumare,referencia de página válida
restaurantes/Quiosque Dumare/Quiosque Dumare5.jpg,1,/gastronomia/dumare,referencia de página válida
restaurantes/Quiosque Dumare/quiosque-dumare1.jpg,1,/gastronomia/dumare,referencia de página válida
restaurantes/Quiosque Dumare/Quiosque Dumare2.jpg,1,/gastronomia/dumare,referencia de página válida
restaurantes/Haru Sushi Bar/Haru Sushi Bar sushi man.jpg,1,/gastronomia/haru,referencia de página válida
restaurantes/Haru Sushi Bar/Haru Sushi Bar loza.jpg,1,/gastronomia/haru,referencia de página válida
restaurantes/Haru Sushi Bar/Haru Sushi Bar sushis.jpg,1,/gastronomia/haru,referencia de página válida
restaurantes/Haru Sushi Bar/combinado-do-chef Haru Sushi Bar.jpg,1,/gastronomia/haru,referencia de página válida
restaurantes/Haru Sushi Bar/Haru Sushi Bar sushi.jpg,1,/gastronomia/haru,referencia de página válida
restaurantes/Haru Sushi Bar/Haru Sushi Bar 1.jpg,1,/gastronomia/haru,referencia de página válida
restaurantes/Haru Sushi Bar/haru-sushi-bar w.jpg,1,/gastronomia/haru,referencia de página válida
restaurantes/Haru Sushi Bar/Haru Sushi Bar sakes.jpg,1,/gastronomia/haru,referencia de página válida
restaurantes/Coisas de Bamba/esta-foto-destaca-a-estrutura Coisas de Bamba.jpg,1,/gastronomia/coisas-de-bamba,referencia de página válida
restaurantes/Coisas de Bamba/Coisas de Bamba5.jpg,1,/gastronomia/coisas-de-bamba,referencia de página válida
restaurantes/Coisas de Bamba/Coisas de Bamba4.jpg,1,/gastronomia/coisas-de-bamba,referencia de página válida
restaurantes/Coisas de Bamba/Coisas de Bamba6.jpg,1,/gastronomia/coisas-de-bamba,referencia de página válida
restaurantes/Coisas de Bamba/Coisas de Bamba3.jpg,1,/gastronomia/coisas-de-bamba,referencia de página válida
restaurantes/Coisas de Bamba/Coisas de Bamba2.jpg,1,/gastronomia/coisas-de-bamba,referencia de página válida
restaurantes/Pérgula/Pérgula quesos.jpg,1,/gastronomia/pergula,referencia de página válida
restaurantes/Pérgula/inside-pergula.jpg,1,/gastronomia/pergula,referencia de página válida
restaurantes/Pérgula/by-the-pool Pérgula.jpg,1,/gastronomia/pergula,referencia de página válida
restaurantes/Pérgula/Pérgula cafwe.jpg,1,/gastronomia/pergula,referencia de página válida
restaurantes/Pérgula/gnocchi-com-lagostins Pérgula.jpg,1,/gastronomia/pergula,referencia de página válida
restaurantes/Pérgula/pergula-belmond-copacabana (1).jpg,1,/gastronomia/pergula,referencia de página válida
restaurantes/Pérgula/Pérgula cena.jpg,1,/gastronomia/pergula,referencia de página válida
restaurantes/Pérgula/inside-pergula (1).jpg,1,/gastronomia/pergula,referencia de página válida
restaurantes/Pérgula/pergula-belmond-copacabana.jpg,1,/gastronomia/pergula,referencia de página válida
restaurantes/Ginga restaurante de praia/o-quiosque-ginga-localizado Ginga restaurante de praia.jpg,1,/gastronomia/ginga,referencia de página válida
restaurantes/Ginga restaurante de praia/Ginga restaurante de praia.jpg,1,/gastronomia/ginga,referencia de página válida
restaurantes/Ginga restaurante de praia/ambiente-descontraido Ginga restaurante de praia.jpg,1,/gastronomia/ginga,referencia de página válida
restaurantes/Ginga restaurante de praia/hamburguer-artesanal Ginga restaurante de praia.jpg,1,/gastronomia/ginga,referencia de página válida
restaurantes/Ginga restaurante de praia/localizado-a-beira-da Ginga restaurante de praia.jpg,1,/gastronomia/ginga,referencia de página válida
restaurantes/Ginga restaurante de praia/nosso-ceviche-de-camarao Ginga restaurante de praia.jpg,1,/gastronomia/ginga,referencia de página válida
restaurantes/Ginga restaurante de praia/a-gastronomia-e-o-destaque Ginga restaurante de praia.jpg,1,/gastronomia/ginga,referencia de página válida
restaurantes/Ginga restaurante de praia/a-foto-apresenta-um-delicioso Ginga restaurante de praia.jpg,1,/gastronomia/ginga,referencia de página válida
restaurantes/Ginga restaurante de praia/variedade-de-carnes-e Ginga restaurante de praia.jpg,1,/gastronomia/ginga,referencia de página válida
restaurantes/Fogo de Chão Botafogo/fogo-de-chao carnes.jpg,1,/gastronomia/fogo-de-chao-botafogo,referencia de página válida
restaurantes/Fogo de Chão Botafogo/fogo de chao botafogo.jpg,1,/gastronomia/fogo-de-chao-botafogo,referencia de página válida
restaurantes/Fogo de Chão Botafogo/Fogo de Chão Botafogo 1.jpg,1,/gastronomia/fogo-de-chao-botafogo,referencia de página válida
restaurantes/Fogo de Chão Botafogo/Fogo de Chão Botafogo buffet.jpg,1,/gastronomia/fogo-de-chao-botafogo,referencia de página válida
restaurantes/Fogo de Chão Botafogo/Fogo de Chão Botafogo salao.jpg,1,/gastronomia/fogo-de-chao-botafogo,referencia de página válida
restaurantes/Fogo de Chão Botafogo/Fogo de Chão Botafogo 2.jpg,1,/gastronomia/fogo-de-chao-botafogo,referencia de página válida
restaurantes/Fogo de Chão Botafogo/Fogo de Chão Botafogo externo.jpg,1,/gastronomia/fogo-de-chao-botafogo,referencia de página válida
restaurantes/Fogo de Chão Botafogo/Fogo de Chão Botafogo interno salao.jpg,1,/gastronomia/fogo-de-chao-botafogo,referencia de página válida
restaurantes/bar bracarense/bar bracarense 7.jpg,1,/gastronomia/bracarense,referencia de página válida
restaurantes/bar bracarense/bar bracarense 6.jpg,1,/gastronomia/bracarense,referencia de página válida
restaurantes/bar bracarense/bar bracarense 4.jpg,1,/gastronomia/bracarense,referencia de página válida
restaurantes/bar bracarense/bar bracarense 2.jpg,1,/gastronomia/bracarense,referencia de página válida
restaurantes/bar bracarense/bar bracarense frontis.jpg,1,/gastronomia/bracarense,referencia de página válida
restaurantes/bar bracarense/bar bracarense 5.jpg,1,/gastronomia/bracarense,referencia de página válida
restaurantes/bar bracarense/bracarense.jpg,1,/gastronomia/bracarense,referencia de página válida
restaurantes/bar bracarense/bar bracarense 3.jpg,1,/gastronomia/bracarense,referencia de página válida
restaurantes/Stambul Copacabana/Stambul Copacabana4.jpg,1,/gastronomia/stambul-copa,referencia de página válida
restaurantes/Stambul Copacabana/Stambul Copacabana5.jpg,1,/gastronomia/stambul-copa,referencia de página válida
restaurantes/Stambul Copacabana/Stambul Copacabana3.jpg,1,/gastronomia/stambul-copa,referencia de página válida
restaurantes/Stambul Copacabana/comidinhas-arabes-e-lugar Stambul Copacabana.jpg,1,/gastronomia/stambul-copa,referencia de página válida
restaurantes/Stambul Copacabana/Stambul Copacabana2.jpg,1,/gastronomia/stambul-copa,referencia de página válida
restaurantes/Ristorante Hotel Cipriani/hotel-cipriani-restaurant.jpg,1,/gastronomia/cipriani,referencia de página válida
restaurantes/Ristorante Hotel Cipriani/cocktail Ristorante Hotel Cipriani.jpg,1,/gastronomia/cipriani,referencia de página válida
restaurantes/Ristorante Hotel Cipriani/vista-do-salao-do-cipriani (1).jpg,1,/gastronomia/cipriani,referencia de página válida
restaurantes/Ristorante Hotel Cipriani/Ristorante Hotel Cipriani 2.jpg,1,/gastronomia/cipriani,referencia de página válida
restaurantes/Ristorante Hotel Cipriani/vista-do-salao-do-cipriani.jpg,1,/gastronomia/cipriani,referencia de página válida
restaurantes/Ristorante Hotel Cipriani/opcao-de-prato-principal Ristorante Hotel Cipriani.jpg,1,/gastronomia/cipriani,referencia de página válida
restaurantes/Ristorante Hotel Cipriani/Ristorante Hotel Cipriani 5.jpg,1,/gastronomia/cipriani,referencia de página válida
restaurantes/Ristorante Hotel Cipriani/sobremesa Ristorante Hotel Cipriani.jpg,1,/gastronomia/cipriani,referencia de página válida
restaurantes/Nino Cucina - Ipanema/Nino Cucina - Ipanema2.jpg,1,/gastronomia/nino-cucina-ipanema,referencia de página válida
restaurantes/Nino Cucina - Ipanema/Nino Cucina - Ipanema7.jpg,1,/gastronomia/nino-cucina-ipanema,referencia de página válida
restaurantes/Nino Cucina - Ipanema/Nino Cucina - Ipanema1.jpg,1,/gastronomia/nino-cucina-ipanema,referencia de página válida
restaurantes/Nino Cucina - Ipanema/Nino Cucina - Ipanema5.jpg,1,/gastronomia/nino-cucina-ipanema,referencia de página válida
restaurantes/Nino Cucina - Ipanema/Nino Cucina - Ipanema3.jpg,1,/gastronomia/nino-cucina-ipanema,referencia de página válida
restaurantes/Nino Cucina - Ipanema/nino-cucina-ipanema-ipanema-4.jpg,2,/gastronomia; /gastronomia/nino-cucina-ipanema,referencia de página válida
restaurantes/Nino Cucina - Ipanema/Nino Cucina - Ipanema4.jpg,1,/gastronomia/nino-cucina-ipanema,referencia de página válida
restaurantes/Majórica/Majórica6.jpg,1,/gastronomia/majorica,referencia de página válida
restaurantes/Majórica/Majórica2.jpg,1,/gastronomia/majorica,referencia de página válida
restaurantes/Majórica/Majórica5.jpg,2,/gastronomia; /gastronomia/majorica,referencia de página válida
restaurantes/Majórica/Majórica4.jpg,1,/gastronomia/majorica,referencia de página válida
restaurantes/Majórica/Majórica1.jpg,1,/gastronomia/majorica,referencia de página válida
restaurantes/Majórica/Majórica3.jpg,1,/gastronomia/majorica,referencia de página válida
restaurantes/Carretão Siqueira Campos/Carretão Siqueira Campos3.jpg,1,/gastronomia/carretao-siqueira,referencia de página válida
restaurantes/Carretão Siqueira Campos/Carretão Siqueira Campos5.jpg,1,/gastronomia/carretao-siqueira,referencia de página válida
restaurantes/Carretão Siqueira Campos/Carretão Siqueira Campos6.jpg,1,/gastronomia/carretao-siqueira,referencia de página válida
restaurantes/Carretão Siqueira Campos/carretao-siqueira-campos1.jpg,2,/gastronomia; /gastronomia/carretao-siqueira,referencia de página válida
restaurantes/Carretão Siqueira Campos/Carretão Siqueira Campos.jpg,1,/gastronomia/carretao-siqueira,referencia de página válida
restaurantes/Carretão Siqueira Campos/Carretão Siqueira Campos4.jpg,1,/gastronomia/carretao-siqueira,referencia de página válida
restaurantes/Carretão Siqueira Campos/Carretão Siqueira Campos2.jpg,1,/gastronomia/carretao-siqueira,referencia de página válida
restaurantes/Teva/Teva 4.jpg,1,/gastronomia/teva,referencia de página válida
restaurantes/Teva/paella-de-vegetais Teva.jpg,1,/gastronomia/teva,referencia de página válida
restaurantes/Teva/Teva tavos verdes.jpg,1,/gastronomia/teva,referencia de página válida
restaurantes/Teva/canelone-de-alcachofra Teva.jpg,1,/gastronomia/teva,referencia de página válida
restaurantes/Teva/Teva 2.jpg,1,/gastronomia/teva,referencia de página válida
restaurantes/Teva/arroz-coreano-picante Teva.jpg,1,/gastronomia/teva,referencia de página válida
restaurantes/Teva/staertesr Teva.jpg,1,/gastronomia/teva,referencia de página válida
restaurantes/Teva/rolinho-de-verao Teva.jpg,1,/gastronomia/teva,referencia de página válida
restaurantes/Teva/entradas-para-compartilhar Teva.jpg,1,/gastronomia/teva,referencia de página válida
restaurantes/Sel d’Ipanema/Sel d’Ipanema5.jpg,1,/gastronomia/sel-ipanema,referencia de página válida
restaurantes/Sel d’Ipanema/Sel d’Ipanema4.jpg,1,/gastronomia/sel-ipanema,referencia de página válida
restaurantes/Sel d’Ipanema/Sel d’Ipanema2.jpg,1,/gastronomia/sel-ipanema,referencia de página válida
restaurantes/Sel d’Ipanema/SSel d’IpanemaS.jpg,1,/gastronomia/sel-ipanema,referencia de página válida
restaurantes/Sel d’Ipanema/vista-aerea-sel-d-ipanema1.jpg,1,/gastronomia/sel-ipanema,referencia de página válida
restaurantes/Sel d’Ipanema/Sel d’Ipanema3.jpg,1,/gastronomia/sel-ipanema,referencia de página válida
restaurantes/Sel d’Ipanema/Sel d’Ipanema6.jpg,1,/gastronomia/sel-ipanema,referencia de página válida
restaurantes/Polis Sucos ipanema/Polis Sucos ipanema 3.jpg,1,/gastronomia/polis-sucos,referencia de página válida
restaurantes/Polis Sucos ipanema/acai-com-granola Polis Sucos ipanema.jpg,1,/gastronomia/polis-sucos,referencia de página válida
restaurantes/Polis Sucos ipanema/Polis Sucos ipanema 5.jpg,1,/gastronomia/polis-sucos,referencia de página válida
restaurantes/Polis Sucos ipanema/Polis Sucos ipanema 6.jpg,1,/gastronomia/polis-sucos,referencia de página válida
restaurantes/Polis Sucos ipanema/file-mignon-com-palmira Polis Sucos ipanema.jpg,1,/gastronomia/polis-sucos,referencia de página válida
restaurantes/Polis Sucos ipanema/Polis Sucos ipanema1.jpg,1,/gastronomia/polis-sucos,referencia de página válida
restaurantes/Umai/Umai 4.jpg,1,/gastronomia/umai,referencia de página válida
restaurantes/Umai/Umai 1.jpg,1,/gastronomia/umai,referencia de página válida
restaurantes/Umai/Umai 6.jpg,1,/gastronomia/umai,referencia de página válida
restaurantes/Umai/Umai nigiris.jpg,1,/gastronomia/umai,referencia de página válida
restaurantes/Umai/Umai mesa.jpg,1,/gastronomia/umai,referencia de página válida
restaurantes/Umai/Umai salon.jpg,1,/gastronomia/umai,referencia de página válida
restaurantes/Umai/Umai chef.jpg,1,/gastronomia/umai,referencia de página válida
restaurantes/Umai/Umai 3.jpg,1,/gastronomia/umai,referencia de página válida
restaurantes/Umai/Umai 2.jpg,1,/gastronomia/umai,referencia de página válida
restaurantes/Praia Skol/PRAIA S (3).jpg,1,/gastronomia/praia-skol-copa,referencia de página válida
restaurantes/Praia Skol/PRAIA S (1).jpg,1,/gastronomia/praia-skol-copa,referencia de página válida
restaurantes/Praia Skol/PRAIA S (2).jpg,1,/gastronomia/praia-skol-copa,referencia de página válida
restaurantes/Praia Skol/PRAIA S (5).jpg,1,/gastronomia/praia-skol-copa,referencia de página válida
restaurantes/Praia Skol/PRAIA S (4).jpg,1,/gastronomia/praia-skol-copa,referencia de página válida
restaurantes/bira-de-guaratiba.jpg,1,/gastronomia/bira-de-guaratiba,referencia de página válida
restaurantes/aprazivel/restaurante-aprazivel polvo.jpg,1,/gastronomia/aprazivel,referencia de página válida
restaurantes/aprazivel/aprazivel camarao risoto.jpg,1,/gastronomia/aprazivel,referencia de página válida
restaurantes/aprazivel/aprazivel 2.jpg,1,/gastronomia/aprazivel,referencia de página válida
restaurantes/aprazivel/aprazivel sobremesa.jpg,1,/gastronomia/aprazivel,referencia de página válida
restaurantes/aprazivel/aprazivel sobremsa.jpg,1,/gastronomia/aprazivel,referencia de página válida
restaurantes/aprazivel/restaurante-aprazivel.jpg,1,/gastronomia/aprazivel,referencia de página válida
restaurantes/aprazivel/aprazivel vista.jpg,1,/gastronomia/aprazivel,referencia de página válida
restaurantes/aprazivel/aprazivel lindo aprazivel.jpg,1,/gastronomia/aprazivel,referencia de página válida
restaurantes/aprazivel/aprazivel as.jpg,1,/gastronomia/aprazivel,referencia de página válida
restaurantes/Ocyá Leblon/Ocyá Leblon1.jpg,1,/gastronomia/ocya-leblon,referencia de página válida
restaurantes/Ocyá Leblon/Ocyá Leblon2.jpg,1,/gastronomia/ocya-leblon,referencia de página válida
restaurantes/Ocyá Leblon/Ocyá Leblon3.jpg,1,/gastronomia/ocya-leblon,referencia de página válida
restaurantes/Ocyá Leblon/Ocyá Leblon5.jpg,1,/gastronomia/ocya-leblon,referencia de página válida
restaurantes/Ocyá Leblon/Ocyá Leblon4.jpg,1,/gastronomia/ocya-leblon,referencia de página válida
restaurantes/Ocyá Leblon/Ocyá Leblon6.jpg,1,/gastronomia/ocya-leblon,referencia de página válida
restaurantes/Ocyá Leblon/Ocyá Leblon7.jpg,1,/gastronomia/ocya-leblon,referencia de página válida
restaurantes/Bafo da Prainha/Bafo da Prainha4.jpg,1,/gastronomia/bafo-da-prainha,referencia de página válida
restaurantes/Bafo da Prainha/Bafo da Prainha5.jpg,1,/gastronomia/bafo-da-prainha,referencia de página válida
restaurantes/Bafo da Prainha/Bafo da Prainha51.jpg,1,/gastronomia/bafo-da-prainha,referencia de página válida
restaurantes/Bafo da Prainha/Bafo da Prainha3.jpg,1,/gastronomia/bafo-da-prainha,referencia de página válida
restaurantes/Bafo da Prainha/Bafo da Prainha1.jpg,1,/gastronomia/bafo-da-prainha,referencia de página válida
restaurantes/Bafo da Prainha/Bafo da Prainha2.jpg,1,/gastronomia/bafo-da-prainha,referencia de página válida
restaurantes/Corrientes 348/348-passion Corrientes 348.jpg,1,/gastronomia/corrientes-348,referencia de página válida
restaurantes/Corrientes 348/bife-de-chorizo Corrientes 348.jpg,1,/gastronomia/corrientes-348,referencia de página válida
restaurantes/Corrientes 348/corte-especial-348.jpg,2,/gastronomia; /gastronomia/corrientes-348,referencia de página válida
restaurantes/Corrientes 348/salmon-parrillero Corrientes 348.jpg,1,/gastronomia/corrientes-348,referencia de página válida
restaurantes/Corrientes 348/corrientes-348-barra.jpg,1,/gastronomia/corrientes-348,referencia de página válida
restaurantes/Corrientes 348/chinchulines Corrientes 348.jpg,1,/gastronomia/corrientes-348,referencia de página válida
restaurantes/MEE/MEE 6.jpg,1,/gastronomia/mee,referencia de página válida
restaurantes/MEE/MEE 7.jpg,1,/gastronomia/mee,referencia de página válida
restaurantes/MEE/MEE 1.jpg,1,/gastronomia/mee,referencia de página válida
restaurantes/MEE/MEE 4.jpg,1,/gastronomia/mee,referencia de página válida
restaurantes/MEE/mee 3.jpg,1,/gastronomia/mee,referencia de página válida
restaurantes/MEE/mee 5.jpg,1,/gastronomia/mee,referencia de página válida
restaurantes/MEE/MEE 2.jpg,1,/gastronomia/mee,referencia de página válida
restaurantes/Spicy Fish/Spicy Fish4.jpg,1,/gastronomia/spicy-fish,referencia de página válida
restaurantes/Spicy Fish/spicy-fish1.jpg,1,/gastronomia/spicy-fish,referencia de página válida
restaurantes/Spicy Fish/Spicy Fishint.jpg,1,/gastronomia/spicy-fish,referencia de página válida
restaurantes/Spicy Fish/Spicy Fish frontis.jpg,1,/gastronomia/spicy-fish,referencia de página válida
restaurantes/Spicy Fish/spicy-fish2.jpg,1,/gastronomia/spicy-fish,referencia de página válida
restaurantes/Spicy Fish/spicy-fish6.jpg,2,/gastronomia; /gastronomia/spicy-fish,referencia de página válida
restaurantes/botafogo lasai/botafogo lasai cocina.jpg,1,/gastronomia/lasai,referencia de página válida
restaurantes/botafogo lasai/botafogo lasai 3.jpg,1,/gastronomia/lasai,referencia de página válida
restaurantes/botafogo lasai/botafogo lasai 2.jpg,1,/gastronomia/lasai,referencia de página válida
restaurantes/botafogo lasai/botafogo lasai 1.jpg,1,/gastronomia/lasai,referencia de página válida
restaurantes/botafogo lasai/botafogo lasai 2 salao.jpg,1,/gastronomia/lasai,referencia de página válida
restaurantes/botafogo lasai/botafogo lasai 2 sobremesa.jpg,1,/gastronomia/lasai,referencia de página válida
restaurantes/botafogo lasai/botafogo lasai 2 4.jpg,1,/gastronomia/lasai,referencia de página válida
restaurantes/Pescados na Brasa/Pescados na Brasa3.jpg,1,/gastronomia/pescados-na-brasa,referencia de página válida
restaurantes/Pescados na Brasa/Pescados na Brasa5.jpg,1,/gastronomia/pescados-na-brasa,referencia de página válida
restaurantes/Pescados na Brasa/Pescados na Brasa4.jpg,1,/gastronomia/pescados-na-brasa,referencia de página válida
restaurantes/Pescados na Brasa/pescados-na-brasa1.jpg,1,/gastronomia/pescados-na-brasa,referencia de página válida
restaurantes/Pescados na Brasa/pescados-na-brasa2.jpg,2,/gastronomia; /gastronomia/pescados-na-brasa,referencia de página válida
restaurantes/Elena/salao-principalElenahorto.jpg,1,/gastronomia/elena,referencia de página válida
restaurantes/Elena/Elenahorto roof.jpg,1,/gastronomia/elena,referencia de página válida
restaurantes/Elena/Elenahorto2.jpg,1,/gastronomia/elena,referencia de página válida
restaurantes/Elena/Elenahorto3.jpg,1,/gastronomia/elena,referencia de página válida
restaurantes/Elena/Elenahorto1.jpg,1,/gastronomia/elena,referencia de página válida
restaurantes/Elena/Elenahorto23.jpg,2,/gastronomia; /gastronomia/elena,referencia de página válida
restaurantes/Bar da Portuguesa/Bar da Portuguesa5.jpg,1,/gastronomia/bar-da-portuguesa,referencia de página válida
restaurantes/Bar da Portuguesa/Bar da Portuguesa2.jpg,1,/gastronomia/bar-da-portuguesa,referencia de página válida
restaurantes/Bar da Portuguesa/Bar da Portuguesa3.jpg,1,/gastronomia/bar-da-portuguesa,referencia de página válida
restaurantes/Bar da Portuguesa/Bar da Portuguesa4.jpg,1,/gastronomia/bar-da-portuguesa,referencia de página válida
restaurantes/Bar da Portuguesa/Bar da Portuguesa1.jpg,1,/gastronomia/bar-da-portuguesa,referencia de página válida
restaurantes/Amendoeira/restaurante-amendoeira2.jpg,1,/gastronomia/amendoeira,referencia de página válida
restaurantes/Amendoeira/restaurante-amendoeira1.jpg,1,/gastronomia/amendoeira,referencia de página válida
restaurantes/Amendoeira/Amendoeira3.jpg,2,/gastronomia; /gastronomia/amendoeira,referencia de página válida
restaurantes/Amendoeira/Amendoeira4.jpg,1,/gastronomia/amendoeira,referencia de página válida
restaurantes/Shiso/shiso6.jpg,2,/gastronomia; /gastronomia/shiso,referencia de página válida
restaurantes/Shiso/shiso1.jpg,1,/gastronomia/shiso,referencia de página válida
restaurantes/Shiso/shiso2.jpg,1,/gastronomia/shiso,referencia de página válida
restaurantes/Shiso/Shiso7.jpg,1,/gastronomia/shiso,referencia de página válida
restaurantes/Shiso/ambiente-intimista Shiso.jpg,1,/gastronomia/shiso,referencia de página válida
restaurantes/Shiso/ambiente-do-restaurante Shiso.jpg,1,/gastronomia/shiso,referencia de página válida
restaurantes/Eclipse/Eclipse 1.jpg,1,/gastronomia/eclipse,referencia de página válida
restaurantes/Eclipse/bar-e-restaurante-eclipse (1).jpg,1,/gastronomia/eclipse,referencia de página válida
restaurantes/Eclipse/Eclipse 3.jpg,1,/gastronomia/eclipse,referencia de página válida
restaurantes/Eclipse/eclipse-bar-restaurante 4.jpg,1,/gastronomia/eclipse,referencia de página válida
restaurantes/Eclipse/bar-e-restaurante-eclipse.jpg,1,/gastronomia/eclipse,referencia de página válida
restaurantes/Eclipse/telao Eclipse.jpg,1,/gastronomia/eclipse,referencia de página válida
restaurantes/botafogo  Brota/botafogo  Brota salao.jpg,1,/gastronomia/brota,referencia de página válida
restaurantes/botafogo  Brota/couve-flor-crocante-com botafogo  Brota.jpg,1,/gastronomia/brota,referencia de página válida
restaurantes/botafogo  Brota/burrata botafogo  Brota.jpg,1,/gastronomia/brota,referencia de página válida
restaurantes/botafogo  Brota/selecao-de-acepipes-toda botafogo  Brota.jpg,1,/gastronomia/brota,referencia de página válida
restaurantes/botafogo  Brota/botafogo  Brota sobremesa.jpg,1,/gastronomia/brota,referencia de página válida
restaurantes/botafogo  Brota/botafogo  Brota 1.jpg,1,/gastronomia/brota,referencia de página válida
restaurantes/botafogo  Brota/curry-tailandes-molho botafogo  Brota.jpg,1,/gastronomia/brota,referencia de página válida
restaurantes/bar da frente/bar da frente123.jpg,1,/gastronomia/bar-da-frente,referencia de página válida
restaurantes/bar da frente/bar-da-frente2.jpg,2,/gastronomia; /gastronomia/bar-da-frente,referencia de página válida
restaurantes/bar da frente/bar da frente4.jpg,1,/gastronomia/bar-da-frente,referencia de página válida
restaurantes/bar da frente/bar-da-frente3.jpg,1,/gastronomia/bar-da-frente,referencia de página válida
restaurantes/bar da frente/bar da frente5.jpg,1,/gastronomia/bar-da-frente,referencia de página válida
restaurantes/bar da frente/petiscos bar da frente.jpg,1,/gastronomia/bar-da-frente,referencia de página válida
PORTADA ATRACCIONES.jpg,2,/; /atracciones,referencia de página válida
ARTE Y CULTURA/FORTES/FORTE BARAO DO RIO BRANCO/FORTE RIO BRANCO (1).jpg,2,/cultura/forte-barao-rio-branco; /cultura/fuertes,referencia de página válida
ARTE Y CULTURA/FORTES/FORTE BARAO DO RIO BRANCO/FORTE RIO BRANCO (5).jpg,1,/cultura/forte-barao-rio-branco,referencia de página válida
ARTE Y CULTURA/FORTES/FORTE BARAO DO RIO BRANCO/FORTE RIO BRANCO (4).jpg,1,/cultura/forte-barao-rio-branco,referencia de página válida
ARTE Y CULTURA/FORTES/FORTE BARAO DO RIO BRANCO/FORTE RIO BRANCO (7).jpg,1,/cultura/forte-barao-rio-branco,referencia de página válida
ARTE Y CULTURA/FORTES/FORTE BARAO DO RIO BRANCO/FORTE RIO BRANCO (2).jpg,1,/cultura/forte-barao-rio-branco,referencia de página válida
ARTE Y CULTURA/FORTES/FORTE BARAO DO RIO BRANCO/FORTE RIO BRANCO (6).jpg,1,/cultura/forte-barao-rio-branco,referencia de página válida
ARTE Y CULTURA/FORTES/FORTE BARAO DO RIO BRANCO/FORTE RIO BRANCO (3).jpg,1,/cultura/forte-barao-rio-branco,referencia de página válida
ARTE Y CULTURA/FORTES/FORTE SAO JOAO/FORTE SAO JOAO (1).jpg,1,/cultura/fortaleza-sao-joao,referencia de página válida
ARTE Y CULTURA/FORTES/FORTE SAO JOAO/FORTE SAO JOAO (13).jpg,1,/cultura/fortaleza-sao-joao,referencia de página válida
ARTE Y CULTURA/FORTES/FORTE SAO JOAO/FORTE SAO JOAO (8).jpg,1,/cultura/fortaleza-sao-joao,referencia de página válida
ARTE Y CULTURA/FORTES/FORTE SAO JOAO/FORTE SAO JOAO (2).jpg,1,/cultura/fortaleza-sao-joao,referencia de página válida
ARTE Y CULTURA/FORTES/FORTE SAO JOAO/FORTE SAO JOAO (12).jpg,1,/cultura/fortaleza-sao-joao,referencia de página válida
ARTE Y CULTURA/FORTES/FORTE SAO JOAO/FORTE SAO JOAO (3).jpg,1,/cultura/fortaleza-sao-joao,referencia de página válida
ARTE Y CULTURA/FORTES/FORTE SAO JOAO/FORTE SAO JOAO (9).jpg,1,/cultura/fortaleza-sao-joao,referencia de página válida
ARTE Y CULTURA/FORTES/FORTE SAO JOAO/FORTE SAO JOAO (14).jpg,1,/cultura/fortaleza-sao-joao,referencia de página válida
ARTE Y CULTURA/FORTES/FORTE SAO JOAO/FORTE SAO JOAO (6).jpg,1,/cultura/fortaleza-sao-joao,referencia de página válida
ARTE Y CULTURA/FORTES/FORTE SAO JOAO/FORTE SAO JOAO (5).jpg,1,/cultura/fortaleza-sao-joao,referencia de página válida
ARTE Y CULTURA/FORTES/FORTE SAO JOAO/FORTE SAO JOAO (10).jpg,1,/cultura/fortaleza-sao-joao,referencia de página válida
ARTE Y CULTURA/FORTES/FORTE SAO JOAO/FORTE SAO JOAO (4).jpg,1,/cultura/fortaleza-sao-joao,referencia de página válida
ARTE Y CULTURA/FORTES/FORTE SAO JOAO/FORTE SAO JOAO (11).jpg,1,/cultura/fortaleza-sao-joao,referencia de página válida
ARTE Y CULTURA/FORTES/FORTE SAO JOAO/FORTE SAO JOAO (7).jpg,1,/cultura/fortaleza-sao-joao,referencia de página válida
ARTE Y CULTURA/FORTES/forte copacabana/FORTE COPACABANA (8).jpg,1,/cultura/forte-copacabana,referencia de página válida
ARTE Y CULTURA/FORTES/forte copacabana/FORTE COPACABANA (4).jpg,1,/cultura/forte-copacabana,referencia de página válida
ARTE Y CULTURA/FORTES/forte copacabana/FORTE COPACABANA (10).jpg,1,/cultura/forte-copacabana,referencia de página válida
ARTE Y CULTURA/FORTES/forte copacabana/FORTE COPACABANA (3).jpg,1,/cultura/forte-copacabana,referencia de página válida
ARTE Y CULTURA/FORTES/forte copacabana/FORTE COPACABANA (11).jpg,1,/cultura/forte-copacabana,referencia de página válida
ARTE Y CULTURA/FORTES/forte copacabana/FORTE COPACABANA (7).jpg,1,/cultura/forte-copacabana,referencia de página válida
ARTE Y CULTURA/FORTES/forte copacabana/FORTE COPACABANA (9).jpg,1,/cultura/forte-copacabana,referencia de página válida
ARTE Y CULTURA/FORTES/forte copacabana/FORTE COPACABANA (2).jpg,1,/cultura/forte-copacabana,referencia de página válida
ARTE Y CULTURA/FORTES/forte copacabana/FORTE COPACABANA (5).jpg,1,/cultura/forte-copacabana,referencia de página válida
ARTE Y CULTURA/FORTES/forte copacabana/FORTE COPACABANA (1).jpg,2,/cultura; /cultura/forte-copacabana,referencia de página válida
ARTE Y CULTURA/FORTES/forte copacabana/FORTE COPACABANA (12).jpg,1,/cultura/forte-copacabana,referencia de página válida
ARTE Y CULTURA/FORTES/forte copacabana/FORTE COPACABANA (6).jpg,1,/cultura/forte-copacabana,referencia de página válida
ARTE Y CULTURA/FORTES/Forte do Gragoatá/FORTE DA GRAGOATA (1).jpg,1,/cultura/forte-gragoata,referencia de página válida
ARTE Y CULTURA/FORTES/Forte do Gragoatá/FORTE DA GRAGOATA (6).jpg,1,/cultura/forte-gragoata,referencia de página válida
ARTE Y CULTURA/FORTES/Forte do Gragoatá/FORTE DA GRAGOATA (8).jpg,1,/cultura/forte-gragoata,referencia de página válida
ARTE Y CULTURA/FORTES/Forte do Gragoatá/FORTE DA GRAGOATA (1).jpeg,1,/cultura/forte-gragoata,referencia de página válida
ARTE Y CULTURA/FORTES/Forte do Gragoatá/FORTE DA GRAGOATA (5).jpg,1,/cultura/forte-gragoata,referencia de página válida
ARTE Y CULTURA/FORTES/Forte do Gragoatá/FORTE DA GRAGOATA (10).jpg,1,/cultura/forte-gragoata,referencia de página válida
ARTE Y CULTURA/FORTES/Forte do Gragoatá/FORTE DA GRAGOATA (11).jpg,1,/cultura/forte-gragoata,referencia de página válida
ARTE Y CULTURA/FORTES/Forte do Gragoatá/FORTE DA GRAGOATA (9).jpg,1,/cultura/forte-gragoata,referencia de página válida
ARTE Y CULTURA/FORTES/Forte do Gragoatá/FORTE DA GRAGOATA (2).jpg,1,/cultura/forte-gragoata,referencia de página válida
ARTE Y CULTURA/FORTES/Forte do Gragoatá/FORTE DA GRAGOATA (4).jpg,1,/cultura/forte-gragoata,referencia de página válida
ARTE Y CULTURA/FORTES/Forte do Gragoatá/FORTE DA GRAGOATA (7).jpg,1,/cultura/forte-gragoata,referencia de página válida
ARTE Y CULTURA/FORTES/Forte do Gragoatá/FORTE DA GRAGOATA (3).jpg,1,/cultura/forte-gragoata,referencia de página válida
ARTE Y CULTURA/FORTES/FORTALEZA SANTA CRUZ/FORTALEZA SANTA CRUZ (2).jpg,1,/cultura/santa-cruz-barra,referencia de página válida
ARTE Y CULTURA/FORTES/FORTALEZA SANTA CRUZ/FORTALEZA SANTA CRUZ (6).jpg,1,/cultura/santa-cruz-barra,referencia de página válida
ARTE Y CULTURA/FORTES/FORTALEZA SANTA CRUZ/FORTALEZA SANTA CRUZ (1).jpg,2,/cultura/fuertes; /cultura/santa-cruz-barra,referencia de página válida
ARTE Y CULTURA/FORTES/FORTALEZA SANTA CRUZ/FORTALEZA SANTA CRUZ (3).jpg,1,/cultura/santa-cruz-barra,referencia de página válida
ARTE Y CULTURA/FORTES/FORTALEZA SANTA CRUZ/FORTALEZA SANTA CRUZ (5).jpg,1,/cultura/santa-cruz-barra,referencia de página válida
ARTE Y CULTURA/FORTES/FORTALEZA SANTA CRUZ/FORTALEZA SANTA CRUZ (7).jpg,1,/cultura/santa-cruz-barra,referencia de página válida
ARTE Y CULTURA/FORTES/FORTALEZA SANTA CRUZ/FORTALEZA SANTA CRUZ (4).jpg,1,/cultura/santa-cruz-barra,referencia de página válida
ARTE Y CULTURA/FORTES/FORTALEZA CONCEICAO/FOTALEZA CONCEICAO (2).jpg,1,/cultura/fortaleza-conceicao,referencia de página válida
ARTE Y CULTURA/FORTES/FORTALEZA CONCEICAO/FOTALEZA CONCEICAO (3).jpg,1,/cultura/fortaleza-conceicao,referencia de página válida
ARTE Y CULTURA/FORTES/FORTALEZA CONCEICAO/FOTALEZA CONCEICAO (1).jpg,2,/cultura/fortaleza-conceicao; /cultura/fuertes,referencia de página válida
ARTE Y CULTURA/FORTES/FORTALEZA CONCEICAO/FOTALEZA CONCEICAO (4).jpg,1,/cultura/fortaleza-conceicao,referencia de página válida
ARTE Y CULTURA/FORTES/FORTE DA LAJE/FORTE DA LAJE (5).jpg,1,/cultura/forte-laje,referencia de página válida
ARTE Y CULTURA/FORTES/FORTE DA LAJE/FORTE DA LAJE (6).jpg,1,/cultura/forte-laje,referencia de página válida
ARTE Y CULTURA/FORTES/FORTE DA LAJE/FORTE DA LAJE (3).jpg,1,/cultura/forte-laje,referencia de página válida
ARTE Y CULTURA/FORTES/FORTE DA LAJE/FORTE DA LAJE (4).jpg,1,/cultura/forte-laje,referencia de página válida
ARTE Y CULTURA/FORTES/FORTE DA LAJE/FORTE DA LAJE (7).jpg,1,/cultura/forte-laje,referencia de página válida
ARTE Y CULTURA/FORTES/FORTE DA LAJE/FORTE DA LAJE (1).jpg,1,/cultura/forte-laje,referencia de página válida
ARTE Y CULTURA/FORTES/FORTE DA LAJE/FORTE DA LAJE (2).jpg,1,/cultura/forte-laje,referencia de página válida
ARTE Y CULTURA/FORTES/forte leme/fuerte leme (2).jpg,1,/cultura/forte-duque-caxias,referencia de página válida
ARTE Y CULTURA/FORTES/forte leme/fuerte leme (5).jpg,1,/cultura/forte-duque-caxias,referencia de página válida
ARTE Y CULTURA/FORTES/forte leme/fuerte leme (8).jpg,1,/cultura/forte-duque-caxias,referencia de página válida
ARTE Y CULTURA/FORTES/forte leme/fuerte leme (3).jpg,1,/cultura/forte-duque-caxias,referencia de página válida
ARTE Y CULTURA/FORTES/forte leme/fuerte leme (4).jpg,1,/cultura/forte-duque-caxias,referencia de página válida
ARTE Y CULTURA/FORTES/forte leme/fuerte leme (10).jpg,1,/cultura/forte-duque-caxias,referencia de página válida
ARTE Y CULTURA/FORTES/forte leme/fuerte leme (9).jpg,1,/cultura/forte-duque-caxias,referencia de página válida
ARTE Y CULTURA/FORTES/forte leme/fuerte leme (11).jpg,1,/cultura/forte-duque-caxias,referencia de página válida
ARTE Y CULTURA/FORTES/forte leme/fuerte leme (7).jpg,1,/cultura/forte-duque-caxias,referencia de página válida
ARTE Y CULTURA/FORTES/forte leme/fuerte leme (12).jpg,1,/cultura/forte-duque-caxias,referencia de página válida
ARTE Y CULTURA/FORTES/forte leme/fuerte leme (6).jpg,1,/cultura/forte-duque-caxias,referencia de página válida
ARTE Y CULTURA/FORTES/forte leme/fuerte leme (1).jpg,1,/cultura/forte-duque-caxias,referencia de página válida
ARTE Y CULTURA/iglesias/Basílica Santuário de Nossa Senhora da Penha.jpg,1,/cultura/iglesias,referencia de página válida
ARTE Y CULTURA/museos/catedral1/museo catedral12.jpg,1,/cultura/catedral-metropolitana,referencia de página válida
ARTE Y CULTURA/museos/catedral1/71a8fd81-4ab2-4416-8906-3843609d9ca2.png,2,/cultura/catedral-metropolitana; /cultura/museos,referencia de página válida
ARTE Y CULTURA/museos/catedral1/efbb241f-7af8-4030-864c-e40fe93d76c6.png,1,/cultura/catedral-metropolitana,referencia de página válida
ARTE Y CULTURA/museos/catedral1/museo catedral123.jpg,1,/cultura/catedral-metropolitana,referencia de página válida
ARTE Y CULTURA/museos/catedral1/museo catedral1.jpg,1,/cultura/catedral-metropolitana,referencia de página válida
ARTE Y CULTURA/museos/CIENCIAS/c922417d-cd8c-474a-a5a6-aba0fa0e6805.png,2,/cultura/mast; /cultura/museos,referencia de página válida
ARTE Y CULTURA/museos/CIENCIAS/CIENCIAS2.jpg,1,/cultura/mast,referencia de página válida
ARTE Y CULTURA/museos/CIENCIAS/CIENCIAS23.jpg,1,/cultura/mast,referencia de página válida
ARTE Y CULTURA/museos/CIENCIAS/CIENCIAS.jpg,1,/cultura/mast,referencia de página válida
ARTE Y CULTURA/museos/CIENCIAS/3bd13838-4d93-4e5b-afdd-e8c98b6abc7e.png,1,/cultura/mast,referencia de página válida
ARTE Y CULTURA/museos/PONTAL/PONTAL1.jpg,1,/cultura/museu-pontal,referencia de página válida
ARTE Y CULTURA/museos/PONTAL/PONTAL2.jpg,1,/cultura/museu-pontal,referencia de página válida
ARTE Y CULTURA/museos/PONTAL/PONTAL3.jpg,1,/cultura/museu-pontal,referencia de página válida
ARTE Y CULTURA/museos/PONTAL/af835944-1a9b-4eaf-b2c3-ae01ddbd787c.png,2,/cultura/museos; /cultura/museu-pontal,referencia de página válida
ARTE Y CULTURA/museos/PONTAL/1b5610ce-a089-4c24-9e91-c8b77155887b.png,1,/cultura/museu-pontal,referencia de página válida
ARTE Y CULTURA/museos/acude/acude 2.jpg,1,/cultura/acude,referencia de página válida
ARTE Y CULTURA/museos/acude/MUSEU ACUDE800x600.png,1,/cultura/acude,referencia de página válida
ARTE Y CULTURA/museos/acude/acude 1.jpg,1,/cultura/acude,referencia de página válida
ARTE Y CULTURA/museos/acude/acude 3.jpg,1,/cultura/acude,referencia de página válida
ARTE Y CULTURA/museos/acude/MUSEU ACUDE 1672X941.png,1,/cultura/acude,referencia de página válida
ARTE Y CULTURA/museos/deo/DEO2.jpg,1,/cultura/casa-deodoro,referencia de página válida
ARTE Y CULTURA/museos/deo/e2727feb-f9f9-4c02-a370-15b4122488b5.png,2,/cultura/casa-deodoro; /cultura/museos,referencia de página válida
ARTE Y CULTURA/museos/deo/aaa6ae60-9ad6-4ea8-87cf-adc77d25dd22.png,1,/cultura/casa-deodoro,referencia de página válida
ARTE Y CULTURA/museos/deo/DEO1.jpg,1,/cultura/casa-deodoro,referencia de página válida
ARTE Y CULTURA/museos/deo/DEO3.jpg,1,/cultura/casa-deodoro,referencia de página válida
ARTE Y CULTURA/museos/CASA BENJ/f4585961-7302-4552-94ab-51a2fa6c0173.png,1,/cultura/benjamin-constant,referencia de página válida
ARTE Y CULTURA/museos/CASA BENJ/Museu_Casa_de_Benjamin_Constant.jpg,1,/cultura/benjamin-constant,referencia de página válida
ARTE Y CULTURA/museos/CASA BENJ/CASABENJ2.jpg,1,/cultura/benjamin-constant,referencia de página válida
ARTE Y CULTURA/museos/CASA BENJ/800X600ef.png,2,/cultura/benjamin-constant; /cultura/museos,referencia de página válida
ARTE Y CULTURA/museos/CASA BENJ/Caramanchão_do_Museu_Casa_de_Benjamin_Constant.jpg,1,/cultura/benjamin-constant,referencia de página válida
ARTE Y CULTURA/museos/CASA BENJ/CASABENJ.jpg,1,/cultura/benjamin-constant,referencia de página válida
ARTE Y CULTURA/museos/INSTITUTO HISTORICO/M HISTORICO 4.jpg,1,/cultura/ihgb,referencia de página válida
ARTE Y CULTURA/museos/INSTITUTO HISTORICO/instituto historico 123.jpg,1,/cultura/ihgb,referencia de página válida
ARTE Y CULTURA/museos/INSTITUTO HISTORICO/M HISTORICO 3.jpg,1,/cultura/ihgb,referencia de página válida
ARTE Y CULTURA/museos/INSTITUTO HISTORICO/27443b72-104b-4137-a186-24bcaef4fc97.png,2,/cultura/ihgb; /cultura/museos,referencia de página válida
ARTE Y CULTURA/museos/INSTITUTO HISTORICO/instituto historico 1.jpg,1,/cultura/ihgb,referencia de página válida
ARTE Y CULTURA/museos/INSTITUTO HISTORICO/8429a8af-cd6a-4219-b025-29b505db853c.png,1,/cultura/ihgb,referencia de página válida
ARTE Y CULTURA/museos/INSTITUTO HISTORICO/instituto historico 12.jpg,1,/cultura/ihgb,referencia de página válida
ARTE Y CULTURA/museos/mar/mar3.jpg,1,/cultura/mar,referencia de página válida
ARTE Y CULTURA/museos/mar/920a834e-310c-4a97-b353-08728621a346.png,1,/cultura/mar,referencia de página válida
ARTE Y CULTURA/museos/mar/mar1.jpg,1,/cultura/mar,referencia de página válida
ARTE Y CULTURA/museos/mar/mar2.jpg,1,/cultura/mar,referencia de página válida
ARTE Y CULTURA/museos/mar/800X600mar.png,2,/cultura/mar; /cultura/museos,referencia de página válida
ARTE Y CULTURA/museos/musal/musal 4.jpg,1,/cultura/musal,referencia de página válida
ARTE Y CULTURA/museos/musal/800x60015.png,2,/cultura/musal; /cultura/museos,referencia de página válida
ARTE Y CULTURA/museos/musal/musal 2.jpg,1,/cultura/musal,referencia de página válida
ARTE Y CULTURA/museos/musal/5d9a6e80-0b57-4a3a-93cc-36d089fac84b.png,1,/cultura/musal,referencia de página válida
ARTE Y CULTURA/museos/musal/musal 3.jpg,1,/cultura/musal,referencia de página válida
ARTE Y CULTURA/museos/musal/MUSAL-Museu-Aeroespacial-22052101-1024x696.jpg,1,/cultura/musal,referencia de página válida
ARTE Y CULTURA/museos/AFROBRAS/AFROBRAS2.jpg,1,/cultura/muhcab,referencia de página válida
ARTE Y CULTURA/museos/AFROBRAS/MINIATURA AFROBRAS 1692X941.png,1,/cultura/muhcab,referencia de página válida
ARTE Y CULTURA/museos/AFROBRAS/AFROBRAS.jpeg,1,/cultura/muhcab,referencia de página válida
ARTE Y CULTURA/museos/AFROBRAS/AFROBRAS3.jpeg,1,/cultura/muhcab,referencia de página válida
ARTE Y CULTURA/museos/AFROBRAS/MINIATURA AFROBRAS 800X600.png,1,/cultura/muhcab,referencia de página válida
ARTE Y CULTURA/museos/naval/800x600na.png,2,/cultura/museos; /cultura/naval,referencia de página válida
ARTE Y CULTURA/museos/naval/naval12.jpg,1,/cultura/naval,referencia de página válida
ARTE Y CULTURA/museos/naval/naval123.jpg,1,/cultura/naval,referencia de página válida
ARTE Y CULTURA/museos/naval/7da1a0f0-4f73-4672-a6c4-b731ade7c66f.png,1,/cultura/naval,referencia de página válida
ARTE Y CULTURA/museos/naval/naval1.jpg,1,/cultura/naval,referencia de página válida
ARTE Y CULTURA/museos/museu indio/povos123.jpg,1,/cultura/povos-indigenas,referencia de página válida
ARTE Y CULTURA/museos/museu indio/povos1.jpg,1,/cultura/povos-indigenas,referencia de página válida
ARTE Y CULTURA/museos/museu indio/povos12.jpg,1,/cultura/povos-indigenas,referencia de página válida
ARTE Y CULTURA/museos/museu indio/91023a35-035c-4077-88c9-2375b5f0ff79.png,1,/cultura/povos-indigenas,referencia de página válida
ARTE Y CULTURA/museos/museu indio/800X600in.png,2,/cultura/museos; /cultura/povos-indigenas,referencia de página válida
ARTE Y CULTURA/museos/MUSEU NACIONAL/NACIAL RJ.jpg,1,/cultura/museu-nacional-ufrj,referencia de página válida
ARTE Y CULTURA/museos/MUSEU NACIONAL/Conchas-corais-borboletas.jpg,1,/cultura/museu-nacional-ufrj,referencia de página válida
ARTE Y CULTURA/museos/MUSEU NACIONAL/NACIAL RJ2.jpg,1,/cultura/museu-nacional-ufrj,referencia de página válida
ARTE Y CULTURA/museos/MUSEU NACIONAL/NACIAL RJ23.jpg,1,/cultura/museu-nacional-ufrj,referencia de página válida
ARTE Y CULTURA/museos/MUSEU NACIONAL/800x6001.png,2,/cultura/museos; /cultura/museu-nacional-ufrj,referencia de página válida
ARTE Y CULTURA/museos/MUSEU NACIONAL/465dd298-8f59-4d44-82dd-f6197776690c.png,1,/cultura/museu-nacional-ufrj,referencia de página válida
ARTE Y CULTURA/museos/amanha/YO MUSEO DE AMAÑANA.jpg,1,/cultura/amanha,referencia de página válida
ARTE Y CULTURA/museos/amanha/amanha2.jpg,1,/cultura/amanha,referencia de página válida
ARTE Y CULTURA/museos/amanha/MINIATURA MUSEU AMANHA 800x600a.png,1,/cultura/amanha,referencia de página válida
ARTE Y CULTURA/museos/amanha/MUSEO AMANHA DEBAJO DE TITULO.jpg,1,/cultura/amanha,referencia de página válida
ARTE Y CULTURA/museos/amanha/amanha3.jpg,1,/cultura/amanha,referencia de página válida
ARTE Y CULTURA/museos/amanha/MINIATURA MUSEU DO AMANHA MINATURA 1672X941.png,1,/cultura/amanha,referencia de página válida
ARTE Y CULTURA/museos/MUSEU HISTORICO DA CIDADE/M HISROTICO CIDADE.png,1,/cultura/museu-historico-cidade,referencia de página válida
ARTE Y CULTURA/museos/MUSEU HISTORICO DA CIDADE/ead21fad-0a4c-472d-9d08-60790d2ddbd2.png,2,/cultura/museos; /cultura/museu-historico-cidade,referencia de página válida
ARTE Y CULTURA/museos/MUSEU HISTORICO DA CIDADE/MHC.jpg,1,/cultura/museu-historico-cidade,referencia de página válida
ARTE Y CULTURA/museos/MUSEU HISTORICO DA CIDADE/M HISTORICO 2.jpg,1,/cultura/museu-historico-cidade,referencia de página válida
ARTE Y CULTURA/museos/MUSEU HISTORICO DA CIDADE/800X60012.png,1,/cultura/museu-historico-cidade,referencia de página válida
ARTE Y CULTURA/museos/edinson/edinson5.jpg,1,/cultura/folclore-edison-carneiro,referencia de página válida
ARTE Y CULTURA/museos/edinson/edinson4.jpg,1,/cultura/folclore-edison-carneiro,referencia de página válida
ARTE Y CULTURA/museos/edinson/800x600133.png,2,/cultura/folclore-edison-carneiro; /cultura/museos,referencia de página válida
ARTE Y CULTURA/museos/edinson/edinson2.jpg,1,/cultura/folclore-edison-carneiro,referencia de página válida
ARTE Y CULTURA/museos/edinson/edinson3.jpg,1,/cultura/folclore-edison-carneiro,referencia de página válida
ARTE Y CULTURA/museos/edinson/edinson1.jpg,1,/cultura/folclore-edison-carneiro,referencia de página válida
"ARTE Y CULTURA/museos/edinson/ChatGPT Image Sep 1, 2026, 06_48_05 PM.png",1,/cultura/folclore-edison-carneiro,referencia de página válida
ARTE Y CULTURA/museos/CHACRA/800X600e.png,2,/cultura/chacara-ceu; /cultura/museos,referencia de página válida
ARTE Y CULTURA/museos/CHACRA/da0728d9-368b-484f-bbf3-5f2d0aa4ef71.png,1,/cultura/chacara-ceu,referencia de página válida
ARTE Y CULTURA/museos/CHACRA/ChacaraCeu-Study.jpg,1,/cultura/chacara-ceu,referencia de página válida
ARTE Y CULTURA/museos/CHACRA/Museu_da_Chácara_do_Céu_01.jpg,1,/cultura/chacara-ceu,referencia de página válida
ARTE Y CULTURA/museos/CHACRA/Utensílios_domésticos_pertencentes_ao_acervo_do_Museu_Chácara_do_Céu_-_Rio_de_Janeiro_-_foto_Carlos_Alkmin.jpg,1,/cultura/chacara-ceu,referencia de página válida
ARTE Y CULTURA/museos/BELASARTES/56e0513e-1e8b-4dcc-849b-ffd4a1bbd040.png,1,/cultura/mnba,referencia de página válida
ARTE Y CULTURA/museos/BELASARTES/800X600b.png,2,/cultura/mnba; /cultura/museos,referencia de página válida
ARTE Y CULTURA/museos/BELASARTES/Museu_de_Belas_Artes_do_Rio_de_Janeiro._(8728685805).jpg,1,/cultura/mnba,referencia de página válida
ARTE Y CULTURA/museos/BELASARTES/Museu_Nacional_de_Belas_Artes_(48861812027).jpg,1,/cultura/mnba,referencia de página válida
ARTE Y CULTURA/museos/BELASARTES/Museu_Nacional_de_Belas_Artes_(48861812697).jpg,1,/cultura/mnba,referencia de página válida
ARTE Y CULTURA/museos/MAC/MAC2.jpg,1,/cultura/mac-niteroi,referencia de página válida
ARTE Y CULTURA/museos/MAC/4948638e-0889-4bdb-b04b-1693a4b18569.png,1,/cultura/mac-niteroi,referencia de página válida
ARTE Y CULTURA/museos/MAC/MAC1.jpg,1,/cultura/mac-niteroi,referencia de página válida
ARTE Y CULTURA/museos/MAC/MAC3.jpg,1,/cultura/mac-niteroi,referencia de página válida
ARTE Y CULTURA/museos/MAC/800X60013.png,2,/cultura/mac-niteroi; /cultura/museos,referencia de página válida
ARTE Y CULTURA/museos/VILLA LOBOS/ae147d5e-c789-4bf0-94da-b7ce31f9f485.png,1,/cultura/villa-lobos,referencia de página válida
ARTE Y CULTURA/museos/VILLA LOBOS/9bb104fc-03dd-438f-b9bb-da3f839543a0.png,2,/cultura/museos; /cultura/villa-lobos,referencia de página válida
ARTE Y CULTURA/museos/VILLA LOBOS/villal123.jpg,1,/cultura/villa-lobos,referencia de página válida
ARTE Y CULTURA/museos/VILLA LOBOS/villal12.jpg,1,/cultura/villa-lobos,referencia de página válida
ARTE Y CULTURA/museos/VILLA LOBOS/villal1.jpg,1,/cultura/villa-lobos,referencia de página válida
ARTE Y CULTURA/museos/M DA SAMBA/5305bff7-204a-4a5b-bc72-2abe10724b21.png,1,/cultura/museu-samba,referencia de página válida
ARTE Y CULTURA/museos/M DA SAMBA/museu samba1.jpg,1,/cultura/museu-samba,referencia de página válida
ARTE Y CULTURA/museos/M DA SAMBA/museu samba1234.jpg,1,/cultura/museu-samba,referencia de página válida
ARTE Y CULTURA/museos/M DA SAMBA/800X600d.png,2,/cultura/museos; /cultura/museu-samba,referencia de página válida
ARTE Y CULTURA/museos/M DA SAMBA/museu samba12.jpg,1,/cultura/museu-samba,referencia de página válida
ARTE Y CULTURA/museos/M DA SAMBA/museu samba123.jpg,1,/cultura/museu-samba,referencia de página válida
ARTE Y CULTURA/museos/CATETE/CATETE.jpg,1,/cultura/museu-republica,referencia de página válida
ARTE Y CULTURA/museos/CATETE/800X600c.png,2,/cultura/museos; /cultura/museu-republica,referencia de página válida
ARTE Y CULTURA/museos/CATETE/945f59d0-702e-4880-bdb1-e33dc656c565.png,1,/cultura/museu-republica,referencia de página válida
ARTE Y CULTURA/museos/CATETE/CATETE3.jpg,1,/cultura/museu-republica,referencia de página válida
ARTE Y CULTURA/museos/CATETE/CATETE2.jpg,1,/cultura/museu-republica,referencia de página válida
ARTE Y CULTURA/museos/light/7aa9eff7-79d9-44c8-a497-b50845389576.png,1,/cultura/museu-light,referencia de página válida
ARTE Y CULTURA/museos/light/light123.jpg,1,/cultura/museu-light,referencia de página válida
ARTE Y CULTURA/museos/light/light12.jpg,1,/cultura/museu-light,referencia de página válida
ARTE Y CULTURA/museos/light/light1.jpg,1,/cultura/museu-light,referencia de página válida
ARTE Y CULTURA/museos/light/800x600.png,2,/cultura/museos; /cultura/museu-light,referencia de página válida
ARTE Y CULTURA/museos/MUSEUFLA/c960ed5b-710b-44c1-a564-544fe71e8eca.png,1,/cultura/museu-flamengo,referencia de página válida
ARTE Y CULTURA/museos/MUSEUFLA/MFLA1234.jpg,1,/cultura/museu-flamengo,referencia de página válida
ARTE Y CULTURA/museos/MUSEUFLA/800X600aq.png,2,/cultura/museos; /cultura/museu-flamengo,referencia de página válida
ARTE Y CULTURA/museos/MUSEUFLA/MFLA12.jpg,1,/cultura/museu-flamengo,referencia de página válida
ARTE Y CULTURA/museos/MUSEUFLA/MFLA123.jpg,1,/cultura/museu-flamengo,referencia de página válida
ARTE Y CULTURA/museos/ARQ ITAIPU/ARQ ITAIPU3.jpg,1,/cultura/arqueologia-itaipu,referencia de página válida
ARTE Y CULTURA/museos/ARQ ITAIPU/d037dec1-ccbc-44db-b125-230f5742db8f.png,2,/cultura/arqueologia-itaipu; /cultura/museos,referencia de página válida
ARTE Y CULTURA/museos/ARQ ITAIPU/ARQ ITAIPU.jpg,1,/cultura/arqueologia-itaipu,referencia de página válida
ARTE Y CULTURA/museos/ARQ ITAIPU/ARQ ITAIPU2.jpg,1,/cultura/arqueologia-itaipu,referencia de página válida
ARTE Y CULTURA/museos/ARQ ITAIPU/d557fbc0-851d-438e-be65-aa2b13f15c3d.png,1,/cultura/arqueologia-itaipu,referencia de página válida
ARTE Y CULTURA/museos/mhn/mhn1.jpg,1,/cultura/mhn,referencia de página válida
ARTE Y CULTURA/museos/mhn/mhn2.jpg,1,/cultura/mhn,referencia de página válida
ARTE Y CULTURA/museos/mhn/mhn min.png,1,/cultura/mhn,referencia de página válida
"ARTE Y CULTURA/museos/mhn/ChatGPT Image Sep 1, 2026, 05_40_01 PM.png",1,/cultura/mhn,referencia de página válida
ARTE Y CULTURA/museos/mhn/mhn3.jpg,1,/cultura/mhn,referencia de página válida
ARTE Y CULTURA/museos/mhn/1wds.jpg,1,/cultura/mhn,referencia de página válida
ARTE Y CULTURA/museos/mhn/mhn4.jpg,1,/cultura/mhn,referencia de página válida
ARTE Y CULTURA/museos/FIOCRUZ/Prédios_da_Fundação_Oswaldo_Cruz_-_Rio_de_Janeiro_-_20230713125621.jpg,1,/cultura/museu-vida-fiocruz,referencia de página válida
ARTE Y CULTURA/museos/FIOCRUZ/FIOCRUZ23.jpg,1,/cultura/museu-vida-fiocruz,referencia de página válida
ARTE Y CULTURA/museos/FIOCRUZ/800X600f.png,2,/cultura/museos; /cultura/museu-vida-fiocruz,referencia de página válida
ARTE Y CULTURA/museos/FIOCRUZ/FIOCRUZ.jpg,1,/cultura/museu-vida-fiocruz,referencia de página válida
ARTE Y CULTURA/museos/FIOCRUZ/FIOCRUZ2.jpg,1,/cultura/museu-vida-fiocruz,referencia de página válida
ARTE Y CULTURA/museos/FIOCRUZ/639d8e98-9652-4df0-b89b-e4c050a9377d.png,1,/cultura/museu-vida-fiocruz,referencia de página válida
ARTE Y CULTURA/museos/MAM/MAM3.jpg,1,/cultura/mam-rio,referencia de página válida
ARTE Y CULTURA/museos/MAM/MAM1.jpg,1,/cultura/mam-rio,referencia de página válida
ARTE Y CULTURA/museos/MAM/23f8bb15-cd74-4634-b68e-f9053befb3c6.png,1,/cultura/mam-rio,referencia de página válida
ARTE Y CULTURA/museos/MAM/9eab6b6c-f919-4ed2-8fbf-ad026c19bc77.png,2,/cultura/mam-rio; /cultura/museos,referencia de página válida
ARTE Y CULTURA/museos/MAM/MAM2.jpg,1,/cultura/mam-rio,referencia de página válida
ARTE Y CULTURA/espacios culturales/centro justicia/centro justicia 1.jpg,2,/cultura/ccjf; /cultura/centros-culturales,referencia de página válida
ARTE Y CULTURA/espacios culturales/centro justicia/centro justicia3.jpg,1,/cultura/ccjf,referencia de página válida
ARTE Y CULTURA/espacios culturales/centro justicia/centro justicia 2.jpg,1,/cultura/ccjf,referencia de página válida
ARTE Y CULTURA/espacios culturales/sociedade brasileiras belas artes/sociedade brasileiras belas artes1.jpg,1,/cultura/sbba,referencia de página válida
ARTE Y CULTURA/espacios culturales/sociedade brasileiras belas artes/sociedade brasileiras belas artes2.jpg,1,/cultura/sbba,referencia de página válida
ARTE Y CULTURA/espacios culturales/sociedade brasileiras belas artes/sociedade brasileria belas artes 3.jpg,1,/cultura/sbba,referencia de página válida
ARTE Y CULTURA/espacios culturales/HELIO-OITICICA/HELIO-OITICICA.jpeg,2,/cultura/centros-culturales; /cultura/helio-oiticica,referencia de página válida
ARTE Y CULTURA/espacios culturales/HELIO-OITICICA/helio 3.jpg,1,/cultura/helio-oiticica,referencia de página válida
ARTE Y CULTURA/espacios culturales/HELIO-OITICICA/helio 2.jpg,1,/cultura/helio-oiticica,referencia de página válida
ARTE Y CULTURA/espacios culturales/espaco cultural marinha/espaco marinha 1.jpg,3,/cultura; /cultura/centros-culturales; /cultura/espaco-marinha,referencia de página válida
ARTE Y CULTURA/espacios culturales/espaco cultural marinha/espaco marinha3.jpg,1,/cultura/espaco-marinha,referencia de página válida
ARTE Y CULTURA/espacios culturales/espaco cultural marinha/espaco marinha 2.jpg,1,/cultura/espaco-marinha,referencia de página válida
ARTE Y CULTURA/espacios culturales/caica cultural/caixa cultural 1.jpg,1,/cultura/caixa-cultural,referencia de página válida
ARTE Y CULTURA/espacios culturales/caica cultural/caixa cultural 2.jpg,1,/cultura/caixa-cultural,referencia de página válida
ARTE Y CULTURA/espacios culturales/caica cultural/caixa cultural3.jpg,1,/cultura/caixa-cultural,referencia de página válida
ARTE Y CULTURA/espacios culturales/Casa Franca-Brasil/Casa Franca-Brasil1.jpg,2,/cultura/casa-franca; /cultura/centros-culturales,referencia de página válida
ARTE Y CULTURA/espacios culturales/Casa Franca-Brasil/casa franca 3.jpg,1,/cultura/casa-franca,referencia de página válida
ARTE Y CULTURA/espacios culturales/Casa Franca-Brasil/Casa Franca-Brasil 2.jpg,1,/cultura/casa-franca,referencia de página válida
ARTE Y CULTURA/espacios culturales/observatorio do valongo/observatorio do valongo 3.jpg,1,/cultura/observatorio-valongo,referencia de página válida
ARTE Y CULTURA/espacios culturales/observatorio do valongo/observatorio do valongo 1.jpg,2,/cultura/centros-culturales; /cultura/observatorio-valongo,referencia de página válida
ARTE Y CULTURA/espacios culturales/observatorio do valongo/observatorio do valongo 2.jpg,1,/cultura/observatorio-valongo,referencia de página válida
ARTE Y CULTURA/espacios culturales/ccbb/ccbb1.jpg,2,/cultura/ccbb; /cultura/centros-culturales,referencia de página válida
ARTE Y CULTURA/espacios culturales/ccbb/ccbb2.jpg,1,/cultura/ccbb,referencia de página válida
ARTE Y CULTURA/espacios culturales/ccbb/ccbb3.jpg,1,/cultura/ccbb,referencia de página válida
ARTE Y CULTURA/espacios culturales/jose bonifacio/jose bonitacio 2.jpg,1,/cultura/jose-bonifacio,referencia de página válida
ARTE Y CULTURA/espacios culturales/jose bonifacio/Jose-Bonifacio 2.jpg,2,/cultura/centros-culturales; /cultura/jose-bonifacio,referencia de página válida
ARTE Y CULTURA/espacios culturales/jose bonifacio/jose bonitacio 3.jpg,1,/cultura/jose-bonifacio,referencia de página válida
ARTE Y CULTURA/espacios culturales/centro cultural correrios/centro cultural dos correios3.jpg,1,/cultura/correios,referencia de página válida
ARTE Y CULTURA/espacios culturales/centro cultural correrios/centro-cultural-correios 2.png,1,/cultura/correios,referencia de página válida
ARTE Y CULTURA/espacios culturales/centro cultural correrios/centro-cultural-correios.jpg,1,/cultura/correios,referencia de página válida
ARTE Y CULTURA/espacios culturales/paco-imperial/paco imperial 1.jpg,2,/cultura/centros-culturales; /cultura/paco-imperial,referencia de página válida
ARTE Y CULTURA/espacios culturales/paco-imperial/paco imperial 2.jpg,1,/cultura/paco-imperial,referencia de página válida
ARTE Y CULTURA/espacios culturales/paco-imperial/paco imperial 3.jpg,1,/cultura/paco-imperial,referencia de página válida
ARTE Y CULTURA/espacios culturales/paco-imperial/paco-imperial.jpg.webp,1,/cultura/paco-imperial,referencia de página válida
ARTE Y CULTURA/espacios culturales/aco/acp2.jpg,1,/cultura/acao-cidadania,referencia de página válida
ARTE Y CULTURA/espacios culturales/aco/aco3.jpg,1,/cultura/acao-cidadania,referencia de página válida
ARTE Y CULTURA/espacios culturales/aco/aco1.jpg,2,/cultura/acao-cidadania; /cultura/centros-culturales,referencia de página válida
ARTE Y CULTURA/espacios culturales/espaco-cultural-bndes/bndes 3.jpg,1,/cultura/espaco-bndes,referencia de página válida
ARTE Y CULTURA/espacios culturales/espaco-cultural-bndes/bndes 2.jpg,1,/cultura/espaco-bndes,referencia de página válida
ARTE Y CULTURA/espacios culturales/espaco-cultural-bndes/espaco-cultural-bndes1.jpg,1,/cultura/espaco-bndes,referencia de página válida
ARTE Y CULTURA/espacios culturales/sala cecilia meireles/sala cecilia 2.jpg,1,/cultura/sala-cecilia,referencia de página válida
ARTE Y CULTURA/espacios culturales/sala cecilia meireles/sala cecilia 1}.jpg,1,/cultura/sala-cecilia,referencia de página válida
ARTE Y CULTURA/espacios culturales/sala cecilia meireles/sala cecilia3.jpg,1,/cultura/sala-cecilia,referencia de página válida
ARTE Y CULTURA/espacios culturales/pretos novos/pretos novos 2.jpg,1,/cultura/pretos-novos,referencia de página válida
ARTE Y CULTURA/espacios culturales/pretos novos/pretos novos 3.webp,1,/cultura/pretos-novos,referencia de página válida
ARTE Y CULTURA/espacios culturales/pretos novos/pretos novos 3.jpg,1,/cultura/pretos-novos,referencia de página válida
ARTE Y CULTURA/espacios culturales/pretos novos/pretos novos po.webp,1,/cultura/pretos-novos,referencia de página válida
ARTE Y CULTURA/espacios culturales/pretos novos/pretos novos 1.webp,1,/cultura/pretos-novos,referencia de página válida
ARTE Y CULTURA/espacios culturales/pretos novos/pretos novos 1.jpg,2,/cultura/centros-culturales; /cultura/pretos-novos,referencia de página válida
PORTADA CONSEJOS.png,2,/; /consejos,referencia de página válida
HOSPEDAJE/AP1015/AP1015 (10).jpeg,1,/hospedaje/1015,referencia de página válida
HOSPEDAJE/AP1015/AP1015 (13).jpeg,1,/hospedaje/1015,referencia de página válida
HOSPEDAJE/AP1015/AP1015 (6).jpeg,1,/hospedaje/1015,referencia de página válida
HOSPEDAJE/AP1015/AP1015 (12).jpeg,1,/hospedaje/1015,referencia de página válida
HOSPEDAJE/AP1015/AP1015 (3).jpeg,1,/hospedaje/1015,referencia de página válida
HOSPEDAJE/AP1015/AP1015 (8).jpeg,1,/hospedaje/1015,referencia de página válida
HOSPEDAJE/AP1015/AP1015 (15).jpeg,1,/hospedaje/1015,referencia de página válida
HOSPEDAJE/AP1015/PORTADA AP1015.jpeg,2,/hospedaje; /hospedaje/1015,referencia de página válida
HOSPEDAJE/AP1015/AP1015 (14).jpeg,1,/hospedaje/1015,referencia de página válida
HOSPEDAJE/AP1015/AP1015 (7).jpeg,1,/hospedaje/1015,referencia de página válida
HOSPEDAJE/AP1015/AP1015 (16).jpeg,1,/hospedaje/1015,referencia de página válida
HOSPEDAJE/AP1015/AP1015 (4).jpeg,1,/hospedaje/1015,referencia de página válida
HOSPEDAJE/AP1015/AP1015 (1).jpeg,1,/hospedaje/1015,referencia de página válida
HOSPEDAJE/AP1015/AP1015 (17).jpeg,1,/hospedaje/1015,referencia de página válida
HOSPEDAJE/AP1015/AP1015 (9).jpeg,1,/hospedaje/1015,referencia de página válida
HOSPEDAJE/AP1015/AP1015 (2).jpeg,1,/hospedaje/1015,referencia de página válida
HOSPEDAJE/AP1015/AP1015 (11).jpeg,1,/hospedaje/1015,referencia de página válida
HOSPEDAJE/AP1015/AP1015 (5).jpeg,1,/hospedaje/1015,referencia de página válida
HOSPEDAJE/AP 54/AP54 (2).JPG,1,/hospedaje/54,referencia de página válida
HOSPEDAJE/AP 54/AP54 (9).JPG,1,/hospedaje/54,referencia de página válida
HOSPEDAJE/AP 54/AP54 (11).JPG,1,/hospedaje/54,referencia de página válida
HOSPEDAJE/AP 54/AP54 (17).JPG,1,/hospedaje/54,referencia de página válida
HOSPEDAJE/AP 54/AP54 (4).JPG,1,/hospedaje/54,referencia de página válida
HOSPEDAJE/AP 54/AP54 (19).JPG,1,/hospedaje/54,referencia de página válida
HOSPEDAJE/AP 54/AP54  PORTADA.jpg,1,/hospedaje/54,referencia de página válida
HOSPEDAJE/AP 54/AP54 (12).JPG,1,/hospedaje/54,referencia de página válida
HOSPEDAJE/AP 54/AP54 (6).JPG,1,/hospedaje/54,referencia de página válida
HOSPEDAJE/AP 54/AP54 (18).JPG,1,/hospedaje/54,referencia de página válida
HOSPEDAJE/AP 54/AP54 (1).JPG,1,/hospedaje/54,referencia de página válida
HOSPEDAJE/AP 54/AP54 (13).JPG,1,/hospedaje/54,referencia de página válida
HOSPEDAJE/AP 54/AP54 (20).JPG,1,/hospedaje/54,referencia de página válida
HOSPEDAJE/AP 54/AP54 (10).JPG,1,/hospedaje/54,referencia de página válida
HOSPEDAJE/AP 54/AP54 (8).JPG,1,/hospedaje/54,referencia de página válida
HOSPEDAJE/AP 54/AP54 (16).JPG,1,/hospedaje/54,referencia de página válida
HOSPEDAJE/AP 54/AP54 (21).JPG,1,/hospedaje/54,referencia de página válida
HOSPEDAJE/AP 54/AP54 (3).JPG,1,/hospedaje/54,referencia de página válida
HOSPEDAJE/AP 54/AP54 (14).JPG,1,/hospedaje/54,referencia de página válida
HOSPEDAJE/AP 54/AP54 (15).JPG,1,/hospedaje/54,referencia de página válida
HOSPEDAJE/AP 54/AP54 (5).JPG,1,/hospedaje/54,referencia de página válida
HOSPEDAJE/AP 54/AP54 (7).JPG,1,/hospedaje/54,referencia de página válida
HOSPEDAJE/AP605/PORTADA AP 605.jpeg,2,/hospedaje; /hospedaje/605,referencia de página válida
HOSPEDAJE/AP605/ap 605 bolivar (13).jpg,1,/hospedaje/605,referencia de página válida
HOSPEDAJE/AP605/ap 605 bolivar (12).jpg,1,/hospedaje/605,referencia de página válida
HOSPEDAJE/AP605/ap 605 bolivar (11).jpg,1,/hospedaje/605,referencia de página válida
HOSPEDAJE/AP605/ap 605 bolivar (18).jpg,1,/hospedaje/605,referencia de página válida
HOSPEDAJE/AP605/ap 605 bolivar (20).jpg,1,/hospedaje/605,referencia de página válida
HOSPEDAJE/AP605/ap 605 bolivar (14).jpg,1,/hospedaje/605,referencia de página válida
HOSPEDAJE/AP605/ap 605 bolivar (17).jpg,1,/hospedaje/605,referencia de página válida
HOSPEDAJE/AP605/ap 605 bolivar (10).jpg,1,/hospedaje/605,referencia de página válida
HOSPEDAJE/AP605/ap 605 bolivar (5).jpg,1,/hospedaje/605,referencia de página válida
HOSPEDAJE/AP605/ap 605 bolivar (1).jpg,1,/hospedaje/605,referencia de página válida
HOSPEDAJE/AP605/ap 605 bolivar (7).jpg,1,/hospedaje/605,referencia de página válida
HOSPEDAJE/AP605/ap 605 bolivar (19).jpg,1,/hospedaje/605,referencia de página válida
HOSPEDAJE/AP605/ap 605 bolivar (22).jpg,1,/hospedaje/605,referencia de página válida
HOSPEDAJE/AP605/ap 605 bolivar (16).jpg,1,/hospedaje/605,referencia de página válida
HOSPEDAJE/AP605/ap 605 bolivar (2).jpg,1,/hospedaje/605,referencia de página válida
HOSPEDAJE/AP605/ap 605 bolivar (21).jpg,1,/hospedaje/605,referencia de página válida
HOSPEDAJE/AP605/ap 605 bolivar (4).jpg,1,/hospedaje/605,referencia de página válida
HOSPEDAJE/AP605/ap 605 bolivar (23).jpg,1,/hospedaje/605,referencia de página válida
HOSPEDAJE/AP605/ap 605 bolivar (15).jpg,1,/hospedaje/605,referencia de página válida
HOSPEDAJE/AP605/ap 605 bolivar (3).jpg,1,/hospedaje/605,referencia de página válida
HOSPEDAJE/AP605/ap 605 bolivar (9).jpg,1,/hospedaje/605,referencia de página válida
HOSPEDAJE/AP605/ap 605 bolivar (8).jpg,1,/hospedaje/605,referencia de página válida
HOSPEDAJE/AP605/ap 605 bolivar (26).jpg,1,/hospedaje/605,referencia de página válida
HOSPEDAJE/AP605/ap 605 bolivar (24).jpg,1,/hospedaje/605,referencia de página válida
HOSPEDAJE/AP805/PORTADA AP805.jpeg,2,/hospedaje; /hospedaje/805,referencia de página válida
HOSPEDAJE/AP 12212/AP1221 (15).jpeg,1,/hospedaje/1221,referencia de página válida
HOSPEDAJE/AP 12212/AP1221 (25).jpeg,1,/hospedaje/1221,referencia de página válida
HOSPEDAJE/AP 12212/AP1221 (14).jpeg,1,/hospedaje/1221,referencia de página válida
HOSPEDAJE/AP 12212/AP1221 (16).jpeg,1,/hospedaje/1221,referencia de página válida
HOSPEDAJE/AP 12212/PORTADA 1221.jpeg,1,/hospedaje/1221,referencia de página válida
HOSPEDAJE/AP 12212/AP1221 (4).jpeg,1,/hospedaje/1221,referencia de página válida
HOSPEDAJE/AP 12212/AP1221 (9).jpeg,1,/hospedaje/1221,referencia de página válida
HOSPEDAJE/AP 12212/AP1221 (24).jpeg,1,/hospedaje/1221,referencia de página válida
HOSPEDAJE/AP 12212/AP1221 (19).jpeg,1,/hospedaje/1221,referencia de página válida
HOSPEDAJE/AP 12212/AP1221 (8).jpeg,1,/hospedaje/1221,referencia de página válida
HOSPEDAJE/AP 12212/AP1221 (2).jpeg,1,/hospedaje/1221,referencia de página válida
HOSPEDAJE/AP 12212/AP1221 (18).jpeg,1,/hospedaje/1221,referencia de página válida
HOSPEDAJE/AP 12212/AP1221 (3).jpeg,1,/hospedaje/1221,referencia de página válida
HOSPEDAJE/AP 12212/AP1221 (12).jpeg,1,/hospedaje/1221,referencia de página válida
HOSPEDAJE/AP 12212/AP1221 (23).jpeg,1,/hospedaje/1221,referencia de página válida
HOSPEDAJE/AP 12212/AP1221 (5).jpeg,1,/hospedaje/1221,referencia de página válida
HOSPEDAJE/AP 12212/AP1221 (7).jpeg,1,/hospedaje/1221,referencia de página válida
HOSPEDAJE/AP 12212/AP1221 (11).jpeg,1,/hospedaje/1221,referencia de página válida
HOSPEDAJE/AP 12212/AP1221 (20).jpeg,1,/hospedaje/1221,referencia de página válida
HOSPEDAJE/AP 12212/AP1221 (13).jpeg,1,/hospedaje/1221,referencia de página válida
HOSPEDAJE/AP 12212/AP1221 (10).jpeg,1,/hospedaje/1221,referencia de página válida
HOSPEDAJE/AP 12212/AP1221 (6).jpeg,1,/hospedaje/1221,referencia de página válida
HOSPEDAJE/AP 12212/AP1221 (1).jpeg,1,/hospedaje/1221,referencia de página válida
HOSPEDAJE/AP 12212/AP1221 (21).jpeg,1,/hospedaje/1221,referencia de página válida
HOSPEDAJE/AP 12212/AP1221 (22).jpeg,1,/hospedaje/1221,referencia de página válida
HOSPEDAJE/AP 12212/AP1221 (17).jpeg,1,/hospedaje/1221,referencia de página válida
HOSPEDAJE/AP5621/AP621 (15).jpg,1,/hospedaje/621,referencia de página válida
HOSPEDAJE/AP5621/AP621 (2).jpg,1,/hospedaje/621,referencia de página válida
HOSPEDAJE/AP5621/AP621 (8).jpg,1,/hospedaje/621,referencia de página válida
HOSPEDAJE/AP5621/AP621 (5).jpg,1,/hospedaje/621,referencia de página válida
HOSPEDAJE/AP5621/AP621 (7).jpg,1,/hospedaje/621,referencia de página válida
HOSPEDAJE/AP5621/AP621 (9).jpg,1,/hospedaje/621,referencia de página válida
HOSPEDAJE/AP5621/AP621 (14).jpg,1,/hospedaje/621,referencia de página válida
HOSPEDAJE/AP5621/AP621 (1).jpg,1,/hospedaje/621,referencia de página válida
HOSPEDAJE/AP5621/AP621 (16).jpg,1,/hospedaje/621,referencia de página válida
HOSPEDAJE/AP5621/AP621  PORTADA.jpg,1,/hospedaje/621,referencia de página válida
HOSPEDAJE/AP5621/AP621 (13).jpg,1,/hospedaje/621,referencia de página válida
HOSPEDAJE/AP5621/AP621 (4).jpg,1,/hospedaje/621,referencia de página válida
HOSPEDAJE/AP5621/AP621 (10).jpg,1,/hospedaje/621,referencia de página válida
HOSPEDAJE/AP5621/AP621 (12).jpg,1,/hospedaje/621,referencia de página válida
HOSPEDAJE/AP5621/AP621 (11).jpg,1,/hospedaje/621,referencia de página válida
HOSPEDAJE/AP5621/AP621 (3).jpg,1,/hospedaje/621,referencia de página válida
HOSPEDAJE/AP5621/AP621 (6).jpg,1,/hospedaje/621,referencia de página válida
HOSPEDAJE/casa goia/casa goia (25).jpg,1,/hospedaje/goia,referencia de página válida
HOSPEDAJE/casa goia/casa goia (11).jpg,1,/hospedaje/goia,referencia de página válida
HOSPEDAJE/casa goia/casa goia (7).jpg,1,/hospedaje/goia,referencia de página válida
HOSPEDAJE/casa goia/casa goia (12).jpg,1,/hospedaje/goia,referencia de página válida
HOSPEDAJE/casa goia/casa goia (22).jpg,1,/hospedaje/goia,referencia de página válida
HOSPEDAJE/casa goia/casa goia (8).jpg,1,/hospedaje/goia,referencia de página válida
HOSPEDAJE/casa goia/casa goia (13).jpg,1,/hospedaje/goia,referencia de página válida
HOSPEDAJE/casa goia/casa goia (15).jpg,1,/hospedaje/goia,referencia de página válida
HOSPEDAJE/casa goia/casa goia (17).jpg,1,/hospedaje/goia,referencia de página válida
HOSPEDAJE/casa goia/casa goia (19).jpg,1,/hospedaje/goia,referencia de página válida
HOSPEDAJE/casa goia/casa goia (9).jpg,1,/hospedaje/goia,referencia de página válida
HOSPEDAJE/casa goia/casa goia (20).jpg,1,/hospedaje/goia,referencia de página válida
HOSPEDAJE/casa goia/casa goia (1).jpg,1,/hospedaje/goia,referencia de página válida
HOSPEDAJE/casa goia/casa goia (18).jpg,1,/hospedaje/goia,referencia de página válida
HOSPEDAJE/casa goia/casa goia (23).jpg,1,/hospedaje/goia,referencia de página válida
HOSPEDAJE/casa goia/casa goia (2).jpg,1,/hospedaje/goia,referencia de página válida
HOSPEDAJE/casa goia/casa goia (5).jpg,1,/hospedaje/goia,referencia de página válida
HOSPEDAJE/casa goia/casa goia (3).jpg,1,/hospedaje/goia,referencia de página válida
HOSPEDAJE/casa goia/casa goia (4).jpg,1,/hospedaje/goia,referencia de página válida
HOSPEDAJE/casa goia/casa goia (24).jpg,1,/hospedaje/goia,referencia de página válida
HOSPEDAJE/casa goia/casa goia (16).jpg,1,/hospedaje/goia,referencia de página válida
HOSPEDAJE/casa goia/casa goia (6).jpg,1,/hospedaje/goia,referencia de página válida
HOSPEDAJE/casa goia/casa goia (21).jpg,1,/hospedaje/goia,referencia de página válida
HOSPEDAJE/casa goia/casa goia (10).jpg,1,/hospedaje/goia,referencia de página válida
HOSPEDAJE/casa goia/casa goia (1).jpeg,0,,pendiente: diferencia de mayúsculas/minúsculas
HOSPEDAJE/casa goia/casa goia portada.png,0,,pendiente: diferencia de mayúsculas/minúsculas
HOSPEDAJE/casa goia/casa goia (14).jpg,1,/hospedaje/goia,referencia de página válida
HOSPEDAJE/AP 217/AP217 (15).jpeg,1,/hospedaje/217,referencia de página válida
HOSPEDAJE/AP 217/AP217 (11).jpeg,1,/hospedaje/217,referencia de página válida
HOSPEDAJE/AP 217/AP217 (1).jpeg,1,/hospedaje/217,referencia de página válida
HOSPEDAJE/AP 217/AP217 (13).jpeg,1,/hospedaje/217,referencia de página válida
HOSPEDAJE/AP 217/AP217 (6).jpeg,1,/hospedaje/217,referencia de página válida
HOSPEDAJE/AP 217/AP217 (5).jpeg,1,/hospedaje/217,referencia de página válida
HOSPEDAJE/AP 217/AP217 (14).jpeg,1,/hospedaje/217,referencia de página válida
HOSPEDAJE/AP 217/AP217 (8).jpeg,1,/hospedaje/217,referencia de página válida
HOSPEDAJE/AP 217/AP217 (7).jpeg,1,/hospedaje/217,referencia de página válida
HOSPEDAJE/AP 217/AP217 (10).jpeg,1,/hospedaje/217,referencia de página válida
HOSPEDAJE/AP 217/AP217 (12).jpeg,1,/hospedaje/217,referencia de página válida
HOSPEDAJE/AP 217/AP217 (2).jpeg,1,/hospedaje/217,referencia de página válida
HOSPEDAJE/AP 217/AP217 (3).jpeg,1,/hospedaje/217,referencia de página válida
HOSPEDAJE/AP 217/AP217 (9).jpeg,1,/hospedaje/217,referencia de página válida
HOSPEDAJE/AP 217/AP217 (17).jpeg,1,/hospedaje/217,referencia de página válida
HOSPEDAJE/AP 217/AP217 (16).jpeg,1,/hospedaje/217,referencia de página válida
HOSPEDAJE/AP 217/PORTADA 217.jpeg,1,/hospedaje/217,referencia de página válida
HOSPEDAJE/AP 217/AP217 (4).jpeg,1,/hospedaje/217,referencia de página válida
HOSPEDAJE/CASA ÑATA GIGOIA/CASA ÑATA GIGOIA (15).jpg,1,/hospedaje/nata,referencia de página válida
HOSPEDAJE/CASA ÑATA GIGOIA/CASA ÑATA GIGOIA (16).jpg,1,/hospedaje/nata,referencia de página válida
HOSPEDAJE/CASA ÑATA GIGOIA/CASA ÑATA GIGOIA (12).jpg,1,/hospedaje/nata,referencia de página válida
HOSPEDAJE/CASA ÑATA GIGOIA/CASA ÑATA GIGOIA (11).jpg,1,/hospedaje/nata,referencia de página válida
HOSPEDAJE/CASA ÑATA GIGOIA/CASA ÑATA GIGOIA (18).jpg,1,/hospedaje/nata,referencia de página válida
HOSPEDAJE/CASA ÑATA GIGOIA/CASA ÑATA GIGOIA (17).jpg,1,/hospedaje/nata,referencia de página válida
HOSPEDAJE/CASA ÑATA GIGOIA/CASA ÑATA GIGOIA (14).jpg,1,/hospedaje/nata,referencia de página válida
HOSPEDAJE/CASA ÑATA GIGOIA/CASA ÑATA GIGOIA (2).jpg,1,/hospedaje/nata,referencia de página válida
HOSPEDAJE/CASA ÑATA GIGOIA/CASA ÑATA GIGOIA (1).jpg,1,/hospedaje/nata,referencia de página válida
HOSPEDAJE/CASA ÑATA GIGOIA/CASA ÑATA GIGOIA (8).jpg,1,/hospedaje/nata,referencia de página válida
HOSPEDAJE/CASA ÑATA GIGOIA/CASA ÑATA GIGOIA (10).jpg,1,/hospedaje/nata,referencia de página válida
HOSPEDAJE/CASA ÑATA GIGOIA/CASA ÑATA GIGOIA (7).jpg,1,/hospedaje/nata,referencia de página válida
HOSPEDAJE/CASA ÑATA GIGOIA/CASA ÑATA GIGOIA (9).jpg,1,/hospedaje/nata,referencia de página válida
HOSPEDAJE/CASA ÑATA GIGOIA/CASA ÑATA GIGOIA (13).jpg,1,/hospedaje/nata,referencia de página válida
HOSPEDAJE/CASA ÑATA GIGOIA/CASA ÑATA GIGOIA (6).jpg,1,/hospedaje/nata,referencia de página válida
HOSPEDAJE/CASA ÑATA GIGOIA/CASA ÑATA GIGOIA (5).jpg,1,/hospedaje/nata,referencia de página válida
HOSPEDAJE/CASA ÑATA GIGOIA/CASA ÑATA GIGOIA (3).jpg,1,/hospedaje/nata,referencia de página válida
HOSPEDAJE/CASA ÑATA GIGOIA/CASA ÑATA GIGOIA (4).jpg,1,/hospedaje/nata,referencia de página válida
HOSPEDAJE/CASA ÑATA GIGOIA/CASA ÑATA GIGOIA PORTADA.jpg,1,/hospedaje/nata,referencia de página válida
HOSPEDAJE/casa candida/CASA CANDIDA GIGOIA (4).jpg,1,/hospedaje/casa-candida,referencia de página válida
HOSPEDAJE/casa candida/CASA CANDIDA GIGOIA (6).jpg,1,/hospedaje/casa-candida,referencia de página válida
HOSPEDAJE/casa candida/CASA CANDIDA GIGOIA (3).jpg,1,/hospedaje/casa-candida,referencia de página válida
HOSPEDAJE/casa candida/CASA CANDIDA GIGOIA (2).jpg,1,/hospedaje/casa-candida,referencia de página válida
HOSPEDAJE/casa candida/CASA CANDIDA GIGOIA (5).jpg,1,/hospedaje/casa-candida,referencia de página válida
HOSPEDAJE/casa candida/CASA CANDIDA GIGOIA (11).jpg,1,/hospedaje/casa-candida,referencia de página válida
HOSPEDAJE/casa candida/CASA CANDIDA GIGOIA (7).jpg,1,/hospedaje/casa-candida,referencia de página válida
HOSPEDAJE/casa candida/CASA CANDIDA GIGOIA (9).jpg,1,/hospedaje/casa-candida,referencia de página válida
HOSPEDAJE/casa candida/CASA CANDIDA GIGOIA (8).jpg,1,/hospedaje/casa-candida,referencia de página válida
HOSPEDAJE/casa candida/CASA CANDIDA GIGOIA (1).jpg,1,/hospedaje/casa-candida,referencia de página válida
HOSPEDAJE/casa candida/CASA CANDIDA GIGOIA (10).jpg,1,/hospedaje/casa-candida,referencia de página válida
HOSPEDAJE/CASA VENTI/CASA VENTI (1).jpg,1,/hospedaje/venti,referencia de página válida
HOSPEDAJE/CASA VENTI/CASA VENTI (33).jpg,1,/hospedaje/venti,referencia de página válida
HOSPEDAJE/CASA VENTI/CASA VENTI (29).jpg,1,/hospedaje/venti,referencia de página válida
HOSPEDAJE/CASA VENTI/CASA VENTI (32).jpg,1,/hospedaje/venti,referencia de página válida
HOSPEDAJE/CASA VENTI/CASA VENTI (17).jpg,1,/hospedaje/venti,referencia de página válida
HOSPEDAJE/CASA VENTI/CASA VENTI (19).jpg,1,/hospedaje/venti,referencia de página válida
HOSPEDAJE/CASA VENTI/CASA VENTI (22).jpg,1,/hospedaje/venti,referencia de página válida
HOSPEDAJE/CASA VENTI/CASA VENTI (6).jpg,1,/hospedaje/venti,referencia de página válida
HOSPEDAJE/CASA VENTI/CASA VENTI (16).jpg,1,/hospedaje/venti,referencia de página válida
HOSPEDAJE/CASA VENTI/CASA VENTI (30).jpg,1,/hospedaje/venti,referencia de página válida
HOSPEDAJE/CASA VENTI/CASA VENTI (15).jpg,1,/hospedaje/venti,referencia de página válida
HOSPEDAJE/CASA VENTI/CASA VENTI (10).jpg,1,/hospedaje/venti,referencia de página válida
HOSPEDAJE/CASA VENTI/CASA VENTI (25).jpg,1,/hospedaje/venti,referencia de página válida
HOSPEDAJE/CASA VENTI/CASA VENTI (23).jpg,1,/hospedaje/venti,referencia de página válida
HOSPEDAJE/CASA VENTI/CASA VENTI (34).jpg,1,/hospedaje/venti,referencia de página válida
HOSPEDAJE/CASA VENTI/CASA VENTI (12).jpg,1,/hospedaje/venti,referencia de página válida
HOSPEDAJE/CASA VENTI/CASA VENTI (20).jpg,1,/hospedaje/venti,referencia de página válida
HOSPEDAJE/CASA VENTI/CASA VENTI (2).jpg,1,/hospedaje/venti,referencia de página válida
HOSPEDAJE/CASA VENTI/CASA VENTI (28).jpg,1,/hospedaje/venti,referencia de página válida
HOSPEDAJE/CASA VENTI/CASA VENTI (18).jpg,1,/hospedaje/venti,referencia de página válida
HOSPEDAJE/CASA VENTI/CASA VENTI (7).jpg,1,/hospedaje/venti,referencia de página válida
HOSPEDAJE/CASA VENTI/CASA VENTI (13).jpg,1,/hospedaje/venti,referencia de página válida
HOSPEDAJE/CASA VENTI/CASA VENTI (3).jpg,1,/hospedaje/venti,referencia de página válida
HOSPEDAJE/CASA VENTI/CASA VENTI (14).jpg,1,/hospedaje/venti,referencia de página válida
HOSPEDAJE/CASA VENTI/CASA VENTI (31).jpg,1,/hospedaje/venti,referencia de página válida
HOSPEDAJE/CASA VENTI/CASA VENTI (9).jpg,1,/hospedaje/venti,referencia de página válida
HOSPEDAJE/CASA VENTI/CASA VENTI (4).jpg,1,/hospedaje/venti,referencia de página válida
HOSPEDAJE/CASA VENTI/CASA VENTI (26).jpg,1,/hospedaje/venti,referencia de página válida
HOSPEDAJE/CASA VENTI/CASA VENTI (21).jpg,1,/hospedaje/venti,referencia de página válida
HOSPEDAJE/CASA VENTI/CASA VENTI (5).jpg,1,/hospedaje/venti,referencia de página válida
HOSPEDAJE/CASA VENTI/CASA VENTI (8).jpg,1,/hospedaje/venti,referencia de página válida
HOSPEDAJE/CASA VENTI/CASA VENTI (24).jpg,1,/hospedaje/venti,referencia de página válida
HOSPEDAJE/CASA VENTI/CASA VENTI (27).jpg,1,/hospedaje/venti,referencia de página válida
HOSPEDAJE/CASA VENTI/CASA VENTI (11).jpg,1,/hospedaje/venti,referencia de página válida
HOSPEDAJE/CASA VENTI/CASA VENTI PORTADA.jpg,2,/hospedaje; /hospedaje/venti,referencia de página válida
HOSPEDAJE/AP WALDIR/AP 702W (6).JPG,1,/hospedaje/702,referencia de página válida
HOSPEDAJE/AP WALDIR/AP 702W (8).JPG,1,/hospedaje/702,referencia de página válida
HOSPEDAJE/AP WALDIR/AP 702W (3).JPG,1,/hospedaje/702,referencia de página válida
HOSPEDAJE/AP WALDIR/AP 702W (7).JPG,1,/hospedaje/702,referencia de página válida
HOSPEDAJE/AP WALDIR/portada AP 702.jpg,1,/hospedaje/702,referencia de página válida
HOSPEDAJE/AP WALDIR/AP 702W (2).JPG,1,/hospedaje/702,referencia de página válida
HOSPEDAJE/AP WALDIR/AP 702W (1).JPG,1,/hospedaje/702,referencia de página válida
HOSPEDAJE/AP WALDIR/AP 702W (5).JPG,1,/hospedaje/702,referencia de página válida
HOSPEDAJE/AP WALDIR/AP 702W (4).JPG,1,/hospedaje/702,referencia de página válida
HOSPEDAJE/AP1008/ap1008 1 (1).jpg,1,/hospedaje/1008,referencia de página válida
HOSPEDAJE/AP1008/ap1008 1 (14).jpg,1,/hospedaje/1008,referencia de página válida
HOSPEDAJE/AP1008/ap1008 1 (13).jpg,1,/hospedaje/1008,referencia de página válida
HOSPEDAJE/AP1008/ap1008 1 (5).jpg,1,/hospedaje/1008,referencia de página válida
HOSPEDAJE/AP1008/ap1008 1 (2).jpg,1,/hospedaje/1008,referencia de página válida
HOSPEDAJE/AP1008/ap1008 1 (12).jpg,1,/hospedaje/1008,referencia de página válida
HOSPEDAJE/AP1008/PORTADA AP1008.jpeg,2,/hospedaje; /hospedaje/1008,referencia de página válida
HOSPEDAJE/AP1008/ap1008 1 (4).jpg,1,/hospedaje/1008,referencia de página válida
HOSPEDAJE/AP1008/ap1008 1 (10).jpg,1,/hospedaje/1008,referencia de página válida
HOSPEDAJE/AP1008/ap1008 1 (8).jpg,1,/hospedaje/1008,referencia de página válida
HOSPEDAJE/AP1008/ap1008 1 (11).jpg,1,/hospedaje/1008,referencia de página válida
HOSPEDAJE/AP1008/ap1008 1 (3).jpg,1,/hospedaje/1008,referencia de página válida
HOSPEDAJE/AP1008/ap1008 1 (6).jpg,1,/hospedaje/1008,referencia de página válida
HOSPEDAJE/AP1008/ap1008 1 (7).jpg,1,/hospedaje/1008,referencia de página válida
HOSPEDAJE/AP1008/ap1008 1 (9).jpg,1,/hospedaje/1008,referencia de página válida
HOSPEDAJE/AP1008/ap1008 1 (15).jpg,1,/hospedaje/1008,referencia de página válida
PORTADA EXPERIENCIA CRISTO + CITY TOUR.png,2,/experiencias; /experiencias/cristo-city-tour,referencia de página válida
videos tv/tv_04.jpg,0,,pendiente: sin referencia exacta
videos tv/tv_08.jpg,0,,pendiente: sin referencia exacta
videos tv/tv_01.jpg,0,,pendiente: sin referencia exacta
videos tv/tv_11.jpg,0,,pendiente: sin referencia exacta
videos tv/tv_07.jpg,0,,pendiente: sin referencia exacta
videos tv/tv_02.jpg,0,,pendiente: sin referencia exacta
videos tv/tn fin de año.jpg,0,,pendiente: sin referencia exacta
videos tv/tv_03.jpg,1,/television,referencia de página válida
videos tv/tv_10.jpg,0,,pendiente: sin referencia exacta
videos tv/tv_05.jpg,0,,pendiente: sin referencia exacta
videos tv/2026-04-08 151806.jpg,0,,pendiente: sin referencia exacta
videos tv/tv_09.jpg,0,,pendiente: sin referencia exacta
videos tv/tv_06.jpg,1,/television,referencia de página válida
MINIATURA ERNESTINHO EN LA TV.jpg,1,/,referencia de página válida
PORTADA EVENTOS.png,1,/,referencia de página válida
MINIATURA EXPERIENCIAS MARACANA PARTIDO.png,3,/; /experiencias; /experiencias/partido-maracana,referencia de página válida
ERNESTINHO/ERNESTINHO (2).JPG,1,/,referencia de página válida
ERNESTINHO/ERNESTINHO (3).JPG,1,/,referencia de página válida
ERNESTINHO/ERNESTINHO (4).JPG,1,/,referencia de página válida
ERNESTINHO/ERNESTINHO (1).JPG,1,/,referencia de página válida
ERNESTINHO/ERNESTINHO (1).PNG,1,/,referencia de página válida
MINIATURA HOME CLIMA Y TIEMPO.jpg,1,/,referencia de página válida
BARRIOS/penedo/IMG_1143(1).jpg,0,,pendiente: sin referencia exacta
BARRIOS/penedo/IMG_1149(1).jpg,0,,pendiente: sin referencia exacta
BARRIOS/penedo/IMG_1144(1).jpg,0,,pendiente: sin referencia exacta
BARRIOS/penedo/IMG_1151(1).jpg,0,,pendiente: sin referencia exacta
BARRIOS/penedo/IMG_1109(1).jpg,0,,pendiente: sin referencia exacta
BARRIOS/penedo/IMG_1115(1).jpg,0,,pendiente: sin referencia exacta
BARRIOS/penedo/IMG_1150(1).jpg,0,,pendiente: sin referencia exacta
BARRIOS/Recreio · Vargens · Guaratiba · Sepetiba/restaurante vargem.jpg,1,/barrios/vargens,referencia de página válida
BARRIOS/Recreio · Vargens · Guaratiba · Sepetiba/vargem igreja w2r43wes.jpg,1,/barrios/vargens,referencia de página válida
BARRIOS/Recreio · Vargens · Guaratiba · Sepetiba/pedra do telegrafo sin nadie.jpg,1,/experiencias/pedra-telegrafo,referencia de página válida
BARRIOS/Recreio · Vargens · Guaratiba · Sepetiba/praia recreio 54352.jpg,1,/playas/recreio,referencia de página válida
BARRIOS/Recreio · Vargens · Guaratiba · Sepetiba/praia de grumari 34632eqds.jpg,1,/playas/grumari,referencia de página válida
BARRIOS/Recreio · Vargens · Guaratiba · Sepetiba/pontal 54234.jpg,1,/playas/pontal,referencia de página válida
BARRIOS/ipanema/planchas de surf ipanema.jpg,1,/barrios/ipanema,referencia de página válida
BARRIOS/ipanema/estacao nossa senhora da paz.jpg,1,/barrios/ipanema,referencia de página válida
BARRIOS/ipanema/chafariz de ipanema.jpeg,1,/barrios/ipanema,referencia de página válida
BARRIOS/ipanema/praia-de-ipanema calzadao1.jpg,1,/barrios/ipanema,referencia de página válida
BARRIOS/ipanema/feria organica ipanema12.jpg,1,/barrios/ipanema,referencia de página válida
BARRIOS/ipanema/posto 9 ipanema12.jpg,1,/barrios/ipanema,referencia de página válida
BARRIOS/ipanema/por do sol ipanema 1232r.jpg,1,/barrios/ipanema,referencia de página válida
BARRIOS/ipanema/rua vinicius de moraes.jpg,1,/barrios/ipanema,referencia de página válida
BARRIOS/ipanema/jardim de alah21.jpg,1,/barrios/ipanema,referencia de página válida
BARRIOS/ipanema/mujer en el agua con morro dois irmaos de fondo.jpg,1,/barrios/ipanema,referencia de página válida
BARRIOS/ipanema/foto antigua algo en referencia de bosa nova.jpg,1,/barrios/ipanema,referencia de página válida
BARRIOS/ipanema/helo-pinheiro-musa-de-garota-de-ipanema-completa-80-anos-nao-da-para-acreditar-1068x561.jpg.webp,1,/barrios/ipanema,referencia de página válida
BARRIOS/ipanema/personas jugando en la playa de ipanema.jpg,1,/barrios/ipanema,referencia de página válida
BARRIOS/ipanema/ipanema con morro dois irmaos de fondo.jpg,1,/barrios/ipanema,referencia de página válida
BARRIOS/ipanema/calcadao ipanema mosaico01.jpg,1,/barrios/ipanema,referencia de página válida
BARRIOS/ipanema/restaurante garota de ipanema moderno.jpg,1,/barrios/ipanema,referencia de página válida
BARRIOS/ipanema/leblon e ipanema em 19492.jpg,1,/barrios/ipanema,referencia de página válida
BARRIOS/ipanema/ipanema desde el aire21.jpg,1,/barrios/ipanema,referencia de página válida
BARRIOS/ipanema/feria hippiex.jpg,1,/barrios/ipanema,referencia de página válida
BARRIOS/ipanema/frontis lojas ipanema.jpg,1,/barrios/ipanema,referencia de página válida
BARRIOS/ipanema/restaurante garota de ipanema antiguo.jpg,1,/barrios/ipanema,referencia de página válida
BARRIOS/ipanema/belmonte por fuera puede ser para farme amoedo.jpg,1,/barrios/ipanema,referencia de página válida
BARRIOS/leblon/praca antero do quental.jpg,1,/barrios/leblon,referencia de página válida
BARRIOS/leblon/jardim de alaha visto desde ar.jpg,1,/barrios/leblon,referencia de página válida
BARRIOS/leblon/bares rua dias ferreiraleblon.jpg,1,/barrios/leblon,referencia de página válida
BARRIOS/leblon/foto cruzada sao sebastian.jpg,1,/barrios/leblon,referencia de página válida
BARRIOS/leblon/condominio selva pedra leblon.jpg,1,/barrios/leblon,referencia de página válida
BARRIOS/leblon/rua dias da rocha afuera de bar.jpg,1,/barrios/leblon,referencia de página válida
BARRIOS/leblon/posto 11 leblon.jpg,1,/barrios/leblon,referencia de página válida
BARRIOS/leblon/mujer espalda leblon.jpg,1,/barrios/leblon,referencia de página válida
BARRIOS/leblon/leblon creo que sirve para portada.jpg,1,/barrios/leblon,referencia de página válida
BARRIOS/leblon/arena y playa leblon.jpg,1,/barrios/leblon,referencia de página válida
"BARRIOS/leblon/Vista da Lagoa Rodrigo de Freitas e praias de Ipanema e Leblon, ao fundo o Morro Dois Irmãos.webp",1,/barrios/leblon,referencia de página válida
BARRIOS/leblon/mirante do leblon 7545.jpg,1,/barrios/leblon,referencia de página válida
BARRIOS/leblon/Vista aérea do Forte de Copacabana e das praias de Ipanema e Leblon.webp,1,/barrios/leblon,referencia de página válida
BARRIOS/leblon/gente fiesta leblon.jpg,1,/barrios/leblon,referencia de página válida
BARRIOS/leblon/para baixo leblon.jpg,1,/barrios/leblon,referencia de página válida
BARRIOS/leblon/500px-Despejo_Favela_Praia_do_Pinto_Jornal_Ultima_Hora_1969.jpeg,1,/barrios/leblon,referencia de página válida
BARRIOS/zona norte/shopping bpulevard vila isabel.jpg,1,/barrios/zona-norte,referencia de página válida
BARRIOS/zona norte/meier.jpg,1,/barrios/zona-norte,referencia de página válida
BARRIOS/zona norte/samba zona norte.jpg,1,/barrios/zona-norte,referencia de página válida
BARRIOS/zona norte/parque-madureira-1920x1271.jpeg,1,/barrios/zona-norte,referencia de página válida
BARRIOS/zona norte/quinta-da-boa-vista.jpg,1,/barrios/zona-norte,referencia de página válida
BARRIOS/zona norte/igreja da penha.jpg,1,/barrios/zona-norte,referencia de página válida
BARRIOS/zona norte/feria sao cristovao 1435645.jpg,1,/barrios/zona-norte,referencia de página válida
BARRIOS/zona norte/saens penha metro.jpg,1,/barrios/zona-norte,referencia de página válida
BARRIOS/Centro Histórico · Pequena África/arco-do-teles435.jpg,1,/barrios/centro,referencia de página válida
BARRIOS/Centro Histórico · Pequena África/paco imperial 235t.jpg,1,/barrios/centro,referencia de página válida
BARRIOS/Centro Histórico · Pequena África/cais_do_valongo.jpg,1,/barrios/centro-maua,referencia de página válida
BARRIOS/Centro Histórico · Pequena África/pequeña africa.jpg,1,/barrios/centro-maua,referencia de página válida
BARRIOS/Centro Histórico · Pequena África/pedra do sal.jpg,1,/barrios/centro-maua,referencia de página válida
BARRIOS/Centro Histórico · Pequena África/Antigo Chafariz de Mestre Valentim.JPG,1,/barrios/centro,referencia de página válida
BARRIOS/Centro Histórico · Pequena África/ccbb frontis 134.jpg,1,/barrios/centro,referencia de página válida
BARRIOS/Centro Histórico · Pequena África/Bafo-da-Prainha.jpg,1,/barrios/centro-maua,referencia de página válida
BARRIOS/Centro Histórico · Pequena África/praca xv.JPG,1,/barrios/centro,referencia de página válida
BARRIOS/Centro Histórico · Pequena África/pedra-do-sal-pequena-africa.jpg,1,/barrios/centro-maua,referencia de página válida
BARRIOS/bosque da barra/bosque-da-barra 1.jpg,1,/familia/bosque-da-barra,referencia de página válida
BARRIOS/bosque da barra/IMG_20230305_160052535.jpg,1,/familia/bosque-da-barra,referencia de página válida
BARRIOS/bosque da barra/IMG_20230305_160135338_HDR(1).jpg,1,/familia/bosque-da-barra,referencia de página válida
BARRIOS/bosque da barra/IMG_20230305_160207100_HDR(1).jpg,1,/familia/bosque-da-barra,referencia de página válida
BARRIOS/bosque da barra/IMG_20230305_160458029(1).jpg,1,/familia/bosque-da-barra,referencia de página válida
BARRIOS/bosque da barra/IMG_20230305_160226216(3).jpg,1,/familia/bosque-da-barra,referencia de página válida
BARRIOS/bosque da barra/bosquedabarra06.jpg,1,/familia/bosque-da-barra,referencia de página válida
BARRIOS/bosque da barra/bosque-da-barra4.png,1,/familia/bosque-da-barra,referencia de página válida
BARRIOS/copacabana/calzadao de copacanana 0001.jpg,1,/barrios/copacabana,referencia de página válida
BARRIOS/copacabana/AVENIDA ATLANTICA 1963 HOMEN DA LAMBRETA.jpg,1,/barrios/copacabana,referencia de página válida
BARRIOS/copacabana/algo de sacopenapa pero no entendi bien.jpg,1,/barrios/copacabana,referencia de página válida
BARRIOS/copacabana/calzadao antiguo y copacabana palace al lado.jpg,1,/barrios/copacabana,referencia de página válida
BARRIOS/copacabana/forte copacabana entrada para portada o algo asi.jpg,1,/barrios/copacabana,referencia de página válida
BARRIOS/copacabana/lapa em 1954.jpg,1,/barrios/copacabana,referencia de página válida
BARRIOS/copacabana/playa copacabana antigua llena de personas.jpg,1,/barrios/copacabana,referencia de página válida
BARRIOS/copacabana/copacabana antigua 2.jpg,1,/barrios/copacabana,referencia de página válida
BARRIOS/copacabana/forte copacabana panoramico.jpg,1,/barrios/copacabana,referencia de página válida
BARRIOS/copacabana/copacabana palace antiguo.jpg,1,/barrios/copacabana,referencia de página válida
BARRIOS/copacabana/playa y calzadao con personas antigua.jpg,1,/barrios/copacabana,referencia de página válida
BARRIOS/copacabana/aterro de copacabana 1969- 1970.jpg,1,/barrios/copacabana,referencia de página válida
BARRIOS/copacabana/praia do diabo y praia ipanema.jpg,1,/barrios/copacabana,referencia de página válida
BARRIOS/copacabana/copacabana palace antiguo 2.png,1,/barrios/copacabana,referencia de página válida
BARRIOS/copacabana/COPACABANA PRAIA EM 1967- ALTURA DA DJALMA URICH.jpg,1,/barrios/copacabana,referencia de página válida
BARRIOS/copacabana/vista aerea copacabana antigua.jpg,1,/barrios/copacabana,referencia de página válida
BARRIOS/copacabana/barrio peixoto.jpg,1,/barrios/copacabana,referencia de página válida
BARRIOS/copacabana/praia de copacaba em 1948 - ainda com parte do morro do inhanga a vista.jpg,1,/barrios/copacabana,referencia de página válida
BARRIOS/copacabana/refugio antiaereo copa.jpg,1,/barrios/copacabana,referencia de página válida
BARRIOS/copacabana/feria copacanaba verduras 21.jpg,1,/barrios/copacabana,referencia de página válida
BARRIOS/copacabana/forte copacabana panoramico2.jpg,1,/barrios/copacabana,referencia de página válida
BARRIOS/copacabana/imagen calle nosa senhora de copacabana.jpg,1,/barrios/copacabana,referencia de página válida
BARRIOS/copacabana/antes de copacabana terreno.jpg,1,/barrios/copacabana,referencia de página válida
BARRIOS/copacabana/posto salva vidas de copacabana  em 1957.jpg,1,/barrios/copacabana,referencia de página válida
BARRIOS/copacabana/praca general osorio.jpg,1,/barrios/copacabana,referencia de página válida
BARRIOS/copacabana/era algo antes de la calzada creo.jpg,1,/barrios/copacabana,referencia de página válida
BARRIOS/copacabana/copacabana playa y edificios.jpg,1,/barrios/copacabana,referencia de página válida
BARRIOS/copacabana/colagem urca em  dois tempos.jpg,1,/barrios/copacabana,referencia de página válida
BARRIOS/copacabana/imagen cantagalo con fondo de favela.jpg,1,/barrios/copacabana,referencia de página válida
BARRIOS/copacabana/vista desde la entrada de copacabana palace antiguo.jpg,1,/barrios/copacabana,referencia de página válida
BARRIOS/urca/barrio urca.jpg,1,/barrios/urca,referencia de página válida
BARRIOS/urca/urca puede ser portada.jpg,1,/barrios/urca,referencia de página válida
BARRIOS/urca/pista claudio coutinho.jpg,1,/barrios/urca,referencia de página válida
BARRIOS/urca/atarceder urca lindo 1.jpg,1,/barrios/urca,referencia de página válida
BARRIOS/urca/praia_do_forte_Urca y calles.jpg,1,/barrios/urca,referencia de página válida
BARRIOS/urca/praia vermelha12e34.jpg,1,/barrios/urca,referencia de página válida
BARRIOS/urca/atarceder urca lindo y maravilloso.jpg,1,/barrios/urca,referencia de página válida
BARRIOS/urca/forte sao joao rio.jpg,1,/barrios/urca,referencia de página válida
BARRIOS/urca/bondinho pao de acucar.jpeg,1,/barrios/urca,referencia de página válida
BARRIOS/urca/Pista-Claudio-Coutinho222.webp,1,/barrios/urca,referencia de página válida
BARRIOS/flamengo/aterro completo con marina da gloria.jpg,1,/barrios/flamengo,referencia de página válida
BARRIOS/flamengo/Monumento-aos-pracinhas-1536x1152.jpg,1,/barrios/flamengo,referencia de página válida
BARRIOS/flamengo/praiadoflamengoriodejaneirofotoalexandremacieirariotur3-1024x680.jpg,1,/barrios/flamengo,referencia de página válida
BARRIOS/flamengo/aterro.jpg,1,/barrios/flamengo,referencia de página válida
BARRIOS/flamengo/marina da gloria.jpg,1,/barrios/flamengo,referencia de página válida
BARRIOS/flamengo/mam 134.jpg,1,/barrios/flamengo,referencia de página válida
BARRIOS/flamengo/marina-da-gloria-rio-de-janeiro-ra8j7hnp8t3173vwpttbxgd5icd8v8lsphtr0o10ts.jpg,1,/barrios/flamengo,referencia de página válida
BARRIOS/flamengo/ejercicio aterro.jpg,1,/barrios/flamengo,referencia de página válida
BARRIOS/flamengo/aterro flamengo 1969.jpg,1,/barrios/flamengo,referencia de página válida
BARRIOS/flamengo/aterro bicicleta.jpg,1,/barrios/flamengo,referencia de página válida
BARRIOS/gigoia/ILHA.jpg,1,/barrios/ilha-da-gigoia,referencia de página válida
BARRIOS/gigoia/gigoia.jpg,1,/barrios/ilha-da-gigoia,referencia de página válida
BARRIOS/Cinelândia · Lapa · Santa Teresa/escalier-Selaron-Escadaria-Selaron-de-Rio-de-Janeiro-par-Jorge-Selaron-mosaique-street-art-1-1.jpg,1,/barrios/santa-lapa,referencia de página válida
BARRIOS/Cinelândia · Lapa · Santa Teresa/iglesia-santa-teresa-rio-de-janeiro.jpg,1,/barrios/santa-lapa,referencia de página válida
BARRIOS/Cinelândia · Lapa · Santa Teresa/castelo-valentim.jpg,1,/barrios/santa-lapa,referencia de página válida
BARRIOS/Cinelândia · Lapa · Santa Teresa/bondinho-santa-teresa-1.jpg,1,/barrios/santa-lapa,referencia de página válida
BARRIOS/Cinelândia · Lapa · Santa Teresa/sirve para cinelandia sin repetir teatro.jpg,1,/barrios/santa-lapa,referencia de página válida
BARRIOS/Cinelândia · Lapa · Santa Teresa/largo dos guimaraes.jpg,1,/barrios/santa-lapa,referencia de página válida
BARRIOS/Cinelândia · Lapa · Santa Teresa/casas santa tereza.jpg,1,/barrios/santa-lapa,referencia de página válida
BARRIOS/Cinelândia · Lapa · Santa Teresa/centro-cultural-laurinda-santos-lobo.jpg,1,/barrios/santa-lapa,referencia de página válida
BARRIOS/Cinelândia · Lapa · Santa Teresa/mosaico-bondinho-3.jpg,1,/barrios/santa-lapa,referencia de página válida
BARRIOS/Cinelândia · Lapa · Santa Teresa/casa-colonial-barrio-santa-teresa.jpg,1,/barrios/santa-lapa,referencia de página válida
BARRIOS/Cinelândia · Lapa · Santa Teresa/arcos de lapa foto linda.jpg,1,/barrios/santa-lapa,referencia de página válida
BARRIOS/Cinelândia · Lapa · Santa Teresa/chacara-do-viegas.jpg,1,/barrios/santa-lapa,referencia de página válida
BARRIOS/Cinelândia · Lapa · Santa Teresa/parque-das-ruinas-santa-teresa-rio-de-janeiro-fachada-casarao.jpg,1,/barrios/santa-lapa,referencia de página válida
BARRIOS/Cinelândia · Lapa · Santa Teresa/teatro foto linda 213rt.jpg,1,/barrios/santa-lapa,referencia de página válida
BARRIOS/Cinelândia · Lapa · Santa Teresa/lapa nocturna.jpg,1,/barrios/santa-lapa,referencia de página válida
BARRIOS/Cinelândia · Lapa · Santa Teresa/plaza cinelandia.jpg,1,/barrios/santa-lapa,referencia de página válida
BARRIOS/Catete · Largo do Machado · Glória/outerio da gloria.jpg,1,/barrios/gloria,referencia de página válida
BARRIOS/Catete · Largo do Machado · Glória/Largo_do_Machado_-_panoramio.jpg,1,/barrios/catete,referencia de página válida
BARRIOS/Catete · Largo do Machado · Glória/marina da gliruia 23454t.jpg,1,/barrios/gloria,referencia de página válida
BARRIOS/Catete · Largo do Machado · Glória/Jardins-do-museu-republica.jpg,1,/barrios/catete,referencia de página válida
BARRIOS/Catete · Largo do Machado · Glória/dentro palacio catete.jpg,1,/barrios/catete,referencia de página válida
BARRIOS/Catete · Largo do Machado · Glória/salao-nobre-palacio-da-republica.jpg,1,/barrios/catete,referencia de página válida
BARRIOS/Catete · Largo do Machado · Glória/feria gloria.jpg,1,/barrios/gloria,referencia de página válida
BARRIOS/Catete · Largo do Machado · Glória/catete historico.jpg,1,/barrios/catete,referencia de página válida
BARRIOS/larsangeiras/casas viejas laranjeiras.jpg,1,/barrios/laranjeiras,referencia de página válida
BARRIOS/larsangeiras/sede fluminense laranjeiras.jpg,1,/barrios/laranjeiras,referencia de página válida
BARRIOS/larsangeiras/palacio laranjeiras 13r4.jpg,1,/barrios/laranjeiras,referencia de página válida
"BARRIOS/larsangeiras/(Laranjeiras),_da_Coleção_Brasiliana_Iconográfica.jpg",1,/barrios/laranjeiras,referencia de página válida
BARRIOS/larsangeiras/feria laranjeiras.jpg,1,/barrios/laranjeiras,referencia de página válida
BARRIOS/larsangeiras/casas casadas laranjeiras.jpg,1,/barrios/laranjeiras,referencia de página válida
"BARRIOS/larsangeiras/Palácio_Guanabara,_Acervo_do_Instituto_Moreira_Salles.jpg",1,/barrios/laranjeiras,referencia de página válida
BARRIOS/larsangeiras/parque-eduardo-guinle.jpg,1,/barrios/laranjeiras,referencia de página válida
BARRIOS/larsangeiras/Companhia_de_Fiação_e_Tecidos_Aliança_(Laranjeiras)_–_1880.jpg,1,/barrios/laranjeiras,referencia de página válida
BARRIOS/ilha gigoia/barco navegando ilha gigoia.jpg,1,/barrios/ilha-da-gigoia,referencia de página válida
BARRIOS/ilha gigoia/casi pier ilha gigoia.jpg,1,/barrios/ilha-da-gigoia,referencia de página válida
BARRIOS/ilha gigoia/terminal jardin oceanico.jpg,1,/barrios/ilha-da-gigoia,referencia de página válida
BARRIOS/ilha gigoia/restaurantes fguaratiba wfesd{.jpg,1,/barrios/ilha-da-gigoia,referencia de página válida
BARRIOS/ilha gigoia/parque estadual pedra branca.jpg,1,/barrios/ilha-da-gigoia,referencia de página válida
BARRIOS/ilha gigoia/foto praias da barra barra dos amores.jpg,1,/barrios/ilha-da-gigoia,referencia de página válida
BARRIOS/ilha gigoia/sepetiba-bonita-so-na.jpg,1,/barrios/ilha-da-gigoia,referencia de página válida
BARRIOS/ilha gigoia/Prainha-RJ-441-1280x630.jpg,1,/barrios/ilha-da-gigoia,referencia de página válida
BARRIOS/ilha gigoia/paisagem dentro de vargem.jpg,1,/barrios/ilha-da-gigoia,referencia de página válida
BARRIOS/ilha gigoia/casas ilha gigoia.jpg,1,/barrios/ilha-da-gigoia,referencia de página válida
BARRIOS/ilha gigoia/jacare ilha da gigoia 1342.jpg,1,/barrios/ilha-da-gigoia,referencia de página válida
BARRIOS/ilha gigoia/sitio roberto burle marx.jpg,1,/barrios/ilha-da-gigoia,referencia de página válida
BARRIOS/ilha gigoia/barco attavesando a ilha.jpg,1,/barrios/ilha-da-gigoia,referencia de página válida
BARRIOS/ilha gigoia/barra-de-guaratiba.jpg,1,/barrios/ilha-da-gigoia,referencia de página válida
BARRIOS/ilha gigoia/foto panormica barra da tijuca.jpg,1,/barrios/ilha-da-gigoia,referencia de página válida
BARRIOS/ilha gigoia/manglar ilha.jpg,1,/barrios/ilha-da-gigoia,referencia de página válida
COMPRAS/comercio populaer/cadeg/cadeg3.jpg,1,/compras/cadeg,referencia de página válida
COMPRAS/comercio populaer/cadeg/cadeg5.jpg,1,/compras/cadeg,referencia de página válida
COMPRAS/comercio populaer/cadeg/cadeg34gf.jpg,1,/compras/cadeg,referencia de página válida
COMPRAS/comercio populaer/cadeg/cadeg34d.jpg,1,/compras/cadeg,referencia de página válida
COMPRAS/comercio populaer/cadeg/cadeg 1.jpg,2,/compras/cadeg; /compras/mercados-populares,referencia de página válida
COMPRAS/comercio populaer/cadeg/cadeg 2.jpg,1,/compras/cadeg,referencia de página válida
COMPRAS/comercio populaer/cadeg/cadeg34.jpg,1,/compras/cadeg,referencia de página válida
COMPRAS/comercio populaer/cadeg/cadeg 3.webp,1,/compras/cadeg,referencia de página válida
COMPRAS/comercio populaer/cadeg/cadeg5sd.jpg,2,/compras/cadeg; /compras/mercados-populares,referencia de página válida
COMPRAS/comercio populaer/sao pedro niteroi/mercado sao pedro4.jpg,1,/compras/mercado-sao-pedro,referencia de página válida
COMPRAS/comercio populaer/sao pedro niteroi/mercado sao pedro2.jpg,1,/compras/mercado-sao-pedro,referencia de página válida
COMPRAS/comercio populaer/sao pedro niteroi/mercado sao pedr05.jpg,1,/compras/mercado-sao-pedro,referencia de página válida
COMPRAS/comercio populaer/sao pedro niteroi/mercado sao pedro 1.jpg,2,/compras/mercado-sao-pedro; /compras/mercados-populares,referencia de página válida
COMPRAS/comercio populaer/sao pedro niteroi/mercado sao pedr01.jpg,1,/compras/mercado-sao-pedro,referencia de página válida
COMPRAS/comercio populaer/sao pedro niteroi/mercado sao pedro3.jpg,1,/compras/mercado-sao-pedro,referencia de página válida
COMPRAS/comercio populaer/feria de sao cristovao/feria sao cristovao 3.jpg,1,/compras/feira-sao-cristovao,referencia de página válida
COMPRAS/comercio populaer/feria de sao cristovao/feria sao cristovao5.jpg,1,/compras/feira-sao-cristovao,referencia de página válida
COMPRAS/comercio populaer/feria de sao cristovao/feria sao cristovaogfh.jpg,1,/compras/feira-sao-cristovao,referencia de página válida
COMPRAS/comercio populaer/feria de sao cristovao/feria sao cristovao4.jpg,1,/compras/feira-sao-cristovao,referencia de página válida
COMPRAS/comercio populaer/feria de sao cristovao/feria sao cristovao57.jpg,1,/compras/feira-sao-cristovao,referencia de página válida
COMPRAS/comercio populaer/feria de sao cristovao/feria sao cristovao 1.jpg,2,/compras/feira-sao-cristovao; /compras/mercados-populares,referencia de página válida
COMPRAS/comercio populaer/feria de sao cristovao/feira-de-sao-cristovao-21.webp,1,/compras/feira-sao-cristovao,referencia de página válida
COMPRAS/comercio populaer/feria de sao cristovao/feria sao cristovao 2.jpg,1,/compras/feira-sao-cristovao,referencia de página válida
COMPRAS/comercio populaer/feria de sao cristovao/feria sao cristovao3.jpg,1,/compras/feira-sao-cristovao,referencia de página válida
COMPRAS/comercio populaer/saara/COMERCIO POPULAR SAARA (3).jpg,1,/compras/saara,referencia de página válida
COMPRAS/comercio populaer/saara/COMERCIO POPULAR SAARA (6).jpg,1,/compras/saara,referencia de página válida
COMPRAS/comercio populaer/saara/COMERCIO POPULAR SAARA (5).jpg,1,/compras/saara,referencia de página válida
COMPRAS/comercio populaer/saara/saara portada.jpg,3,/compras; /compras/mercados-populares; /compras/saara,referencia de página válida
COMPRAS/comercio populaer/saara/COMERCIO POPULAR SAARA (2).JPG,1,/compras/saara,referencia de página válida
COMPRAS/comercio populaer/saara/COMERCIO POPULAR SAARA (1).jpg,1,/compras/saara,referencia de página válida
COMPRAS/comercio populaer/saara/COMERCIO POPULAR SAARA (4).jpg,1,/compras/saara,referencia de página válida
COMPRAS/comercio populaer/uruguaniana/URUGUAIANA (2).jpg,1,/compras/uruguaiana,referencia de página válida
COMPRAS/comercio populaer/uruguaniana/URUGUAIANA (6).jpg,1,/compras/uruguaiana,referencia de página válida
COMPRAS/comercio populaer/uruguaniana/URUGUAIANA (7).jpg,1,/compras/uruguaiana,referencia de página válida
COMPRAS/comercio populaer/uruguaniana/URUGUAIANA (3).jpg,1,/compras/uruguaiana,referencia de página válida
COMPRAS/comercio populaer/uruguaniana/URUGUAIANA (4).jpg,1,/compras/uruguaiana,referencia de página válida
COMPRAS/comercio populaer/uruguaniana/URUGUAIANA (1).jpg,2,/compras/mercados-populares; /compras/uruguaiana,referencia de página válida
COMPRAS/comercio populaer/uruguaniana/URUGUAIANA (5).jpg,1,/compras/uruguaiana,referencia de página válida
COMPRAS/comercio populaer/mercadao-de-madureira/MECRCADAO MADUREIRA (4).jpg,1,/compras/mercadao-madureira,referencia de página válida
COMPRAS/comercio populaer/mercadao-de-madureira/MECRCADAO MADUREIRA (3).jpg,1,/compras/mercadao-madureira,referencia de página válida
COMPRAS/comercio populaer/mercadao-de-madureira/MECRCADAO MADUREIRA (7).jpg,1,/compras/mercadao-madureira,referencia de página válida
COMPRAS/comercio populaer/mercadao-de-madureira/MECRCADAO MADUREIRA (5).jpg,1,/compras/mercadao-madureira,referencia de página válida
COMPRAS/comercio populaer/mercadao-de-madureira/MECRCADAO MADUREIRA (1).jpg,2,/compras/mercadao-madureira; /compras/mercados-populares,referencia de página válida
COMPRAS/comercio populaer/mercadao-de-madureira/MECRCADAO MADUREIRA (6).jpg,1,/compras/mercadao-madureira,referencia de página válida
COMPRAS/comercio populaer/mercadao-de-madureira/MECRCADAO MADUREIRA (2).jpg,1,/compras/mercadao-madureira,referencia de página válida
COMPRAS/shopping/shopping nova america/puma  outlet shopping nova america.jpg,1,/compras/nova-america,referencia de página válida
COMPRAS/shopping/shopping nova america/shopping nova america 11.jpg,1,/compras/nova-america,referencia de página válida
COMPRAS/shopping/shopping nova america/shopping nova america 2.jpg,1,/compras/nova-america,referencia de página válida
COMPRAS/shopping/shopping nova america/shopping nova america 3.jpg,1,/compras/nova-america,referencia de página válida
COMPRAS/shopping/shopping nova america/shopping nova america PORT.jpg,2,/compras/nova-america; /compras/shoppings,referencia de página válida
COMPRAS/shopping/shopping nova america/adidas  outlet shopping nova america.jpg,1,/compras/nova-america,referencia de página válida
COMPRAS/shopping/shopping nova america/nike outlet shopping nova america.jpg,1,/compras/nova-america,referencia de página válida
COMPRAS/shopping/norte shopping/SHOPPING NORTE SHOPPING (3).jpg,1,/compras/norte-shopping,referencia de página válida
COMPRAS/shopping/norte shopping/SHOPPING NORTE SHOPPING (7).jpg,1,/compras/norte-shopping,referencia de página válida
COMPRAS/shopping/norte shopping/SHOPPING NORTE SHOPPING (5).jpg,1,/compras/norte-shopping,referencia de página válida
COMPRAS/shopping/norte shopping/SHOPPING NORTE SHOPPING (6).jpg,1,/compras/norte-shopping,referencia de página válida
COMPRAS/shopping/norte shopping/SHOPPING NORTE SHOPPING (4).jpg,1,/compras/norte-shopping,referencia de página válida
COMPRAS/shopping/norte shopping/SHOPPING NORTE SHOPPING PORT.jpg,1,/compras/norte-shopping,referencia de página válida
COMPRAS/shopping/norte shopping/SHOPPING NORTE SHOPPING (2).jpg,1,/compras/norte-shopping,referencia de página válida
COMPRAS/shopping/norte shopping/SHOPPING NORTE SHOPPING (8).jpg,1,/compras/norte-shopping,referencia de página válida
COMPRAS/shopping/barra-shopping/barra-shopping-3.jpg,1,/compras/barrashopping,referencia de página válida
COMPRAS/shopping/barra-shopping/BarraShopping2.jpg,1,/compras/barrashopping,referencia de página válida
COMPRAS/shopping/barra-shopping/barra shopping 6.jpg,1,/compras/barrashopping,referencia de página válida
COMPRAS/shopping/barra-shopping/barra shopping 5.jpg,1,/compras/barrashopping,referencia de página válida
COMPRAS/shopping/barra-shopping/barra-shopping port.jpg,3,/compras; /compras/barrashopping; /compras/shoppings,referencia de página válida
COMPRAS/shopping/barra-shopping/barra-shopping 4.jpg,1,/compras/barrashopping,referencia de página válida
COMPRAS/shopping/barra-shopping/barra-shopping 5.jpg,1,/compras/barrashopping,referencia de página válida
COMPRAS/shopping/down town/DONW TOWN SHOPPING (5).jpg,1,/compras/downtown,referencia de página válida
COMPRAS/shopping/down town/DONW TOWN SHOPPING (2).jpg,1,/compras/downtown,referencia de página válida
COMPRAS/shopping/down town/DONW TOWN SHOPPING (6).jpg,1,/compras/downtown,referencia de página válida
COMPRAS/shopping/down town/DONW TOWN SHOPPING (3).jpg,1,/compras/downtown,referencia de página válida
COMPRAS/shopping/down town/DONW TOWN SHOPPING (7).jpg,1,/compras/downtown,referencia de página válida
COMPRAS/shopping/down town/DONW TOWN SHOPPING PORT.jpg,2,/compras/downtown; /compras/shoppings,referencia de página válida
COMPRAS/shopping/down town/DONW TOWN SHOPPING (4).jpg,1,/compras/downtown,referencia de página válida
COMPRAS/shopping/shopping rio sul/shopping rio sul  2.jpg,1,/compras/rio-sul,referencia de página válida
COMPRAS/shopping/shopping rio sul/shopping rio sul 3.jpg,1,/compras/rio-sul,referencia de página válida
COMPRAS/shopping/shopping rio sul/shopping rio sul 4.jpg,1,/compras/rio-sul,referencia de página válida
COMPRAS/shopping/shopping rio sul/rio sul port.jpg,2,/compras/rio-sul; /compras/shoppings,referencia de página válida
COMPRAS/shopping/shopping rio sul/riosul portada shopping.jpg,1,/compras/rio-sul,referencia de página válida
COMPRAS/shopping/shopping rio sul/shopping rio sul  1.jpg,1,/compras/rio-sul,referencia de página válida
COMPRAS/shopping/village mall/village mall 2.jpg,1,/compras/village-mall,referencia de página válida
COMPRAS/shopping/village mall/village mall dior.jpg,1,/compras/village-mall,referencia de página válida
COMPRAS/shopping/village mall/shopping-village-mall PORT.jpg,2,/compras/shoppings; /compras/village-mall,referencia de página válida
COMPRAS/shopping/village mall/village mal resto  fuera.jpg,1,/compras/village-mall,referencia de página válida
COMPRAS/shopping/village mall/village mall gucci.jpg,1,/compras/village-mall,referencia de página válida
COMPRAS/shopping/village mall/village mall dg.jpg,1,/compras/village-mall,referencia de página válida
COMPRAS/shopping/village mall/village mal fuera.jpg,1,/compras/village-mall,referencia de página válida
COMPRAS/shopping/village mall/village mall.jpg,1,/compras/village-mall,referencia de página válida
COMPRAS/shopping/Shopping Tijuca/Shopping Tijuca 3.jpg,1,/compras/shopping-tijuca,referencia de página válida
COMPRAS/shopping/Shopping Tijuca/Shopping Tijuca PORT.jpg,2,/compras/shopping-tijuca; /compras/shoppings,referencia de página válida
COMPRAS/shopping/Shopping Tijuca/Shopping Tijuca 4.jpg,1,/compras/shopping-tijuca,referencia de página válida
COMPRAS/shopping/Shopping Tijuca/Shopping Tijuca 5.jpg,1,/compras/shopping-tijuca,referencia de página válida
COMPRAS/shopping/Shopping Tijuca/Shopping Tijuca 2.jpg,1,/compras/shopping-tijuca,referencia de página válida
COMPRAS/shopping/shopping leblon/SHOPPING LEBLON (2).jpg,1,/compras/shopping-leblon,referencia de página válida
COMPRAS/shopping/shopping leblon/SHOPPING LEBLON PORT.jpg,2,/compras/shopping-leblon; /compras/shoppings,referencia de página válida
COMPRAS/shopping/shopping leblon/SHOPPING LEBLON (3).jpg,1,/compras/shopping-leblon,referencia de página válida
COMPRAS/shopping/shopping leblon/SHOPPING LEBLON (6).jpg,1,/compras/shopping-leblon,referencia de página válida
COMPRAS/shopping/shopping leblon/SHOPPING LEBLON (5).jpg,1,/compras/shopping-leblon,referencia de página válida
COMPRAS/shopping/shopping leblon/SHOPPING LEBLON (4).jpg,1,/compras/shopping-leblon,referencia de página válida
COMPRAS/shopping/shopping leblon/SHOPPING LEBLON (7).jpg,1,/compras/shopping-leblon,referencia de página válida
COMPRAS/shopping/botafogo praia shopping/BOTAGOFO PRAIA SHOPPING (2).jpg,1,/compras/botafogo-praia-shopping,referencia de página válida
COMPRAS/shopping/botafogo praia shopping/BOTAGOFO PRAIA SHOPPING (7).jpg,1,/compras/botafogo-praia-shopping,referencia de página válida
COMPRAS/shopping/botafogo praia shopping/BOTAGOFO PRAIA SHOPPING (3).jpg,1,/compras/botafogo-praia-shopping,referencia de página válida
COMPRAS/shopping/botafogo praia shopping/BOTAGOFO PRAIA SHOPPING (6).jpg,1,/compras/botafogo-praia-shopping,referencia de página válida
COMPRAS/shopping/botafogo praia shopping/BOTAGOFO PRAIA SHOPPING (4).jpg,1,/compras/botafogo-praia-shopping,referencia de página válida
COMPRAS/shopping/botafogo praia shopping/BOTAGOFO PRAIA SHOPPING PORT.jpg,2,/compras/botafogo-praia-shopping; /compras/shoppings,referencia de página válida
COMPRAS/shopping/botafogo praia shopping/BOTAGOFO PRAIA SHOPPING (5).jpg,1,/compras/botafogo-praia-shopping,referencia de página válida
COMPRAS/shopping/fashion-mall-l3/SHOPPING FASHION MALL (6).jpg,1,/compras/fashion-mall,referencia de página válida
COMPRAS/shopping/fashion-mall-l3/SHOPPING FASHION MALL (4).jpg,1,/compras/fashion-mall,referencia de página válida
COMPRAS/shopping/fashion-mall-l3/SHOPPING FASHION MALL (5).jpg,1,/compras/fashion-mall,referencia de página válida
COMPRAS/shopping/fashion-mall-l3/SHOPPING FASHION MALL PORT.jpg,2,/compras/fashion-mall; /compras/shoppings,referencia de página válida
COMPRAS/shopping/fashion-mall-l3/SHOPPING FASHION MALL (1).jpg,1,/compras/fashion-mall,referencia de página válida
COMPRAS/shopping/fashion-mall-l3/SHOPPING FASHION MALL (3).jpg,1,/compras/fashion-mall,referencia de página válida
COMPRAS/shopping/Shopping Metropolitano Barra/Shopping Metropolitano Barra 3.png,1,/compras/metropolitano-barra,referencia de página válida
COMPRAS/shopping/Shopping Metropolitano Barra/Shopping Metropolitano Barra 5.jpg,1,/compras/metropolitano-barra,referencia de página válida
COMPRAS/shopping/Shopping Metropolitano Barra/Shopping Metropolitano Barra 4.jpg,1,/compras/metropolitano-barra,referencia de página válida
COMPRAS/shopping/Shopping Metropolitano Barra/Shopping Metropolitano Barra.jpg,1,/compras/metropolitano-barra,referencia de página válida
COMPRAS/shopping/Shopping Metropolitano Barra/Shopping Metropolitano Barra PORT.jpg,2,/compras/metropolitano-barra; /compras/shoppings,referencia de página válida
COMPRAS/shopping/parkjacarepagua/SHOPPING PARK JACAREPAGUA (3).jpg,1,/compras/parkjacarepagua,referencia de página válida
COMPRAS/shopping/parkjacarepagua/SHOPPING PARK JACAREPAGUA (6).jpeg,1,/compras/parkjacarepagua,referencia de página válida
COMPRAS/shopping/parkjacarepagua/SHOPPING PARK JACAREPAGUA (2).jpg,1,/compras/parkjacarepagua,referencia de página válida
COMPRAS/shopping/parkjacarepagua/SHOPPING PARK JACAREPAGUA (5).jpg,1,/compras/parkjacarepagua,referencia de página válida
COMPRAS/shopping/parkjacarepagua/SHOPPING PARK JACAREPAGUA (4).jpg,1,/compras/parkjacarepagua,referencia de página válida
COMPRAS/shopping/parkjacarepagua/SHOPPING PARK JACAREPAGUA PORT.jpg,2,/compras/parkjacarepagua; /compras/shoppings,referencia de página válida
COMPRAS/shopping/parkjacarepagua/SHOPPING PARK JACAREPAGUA (2).jpeg,1,/compras/parkjacarepagua,referencia de página válida
COMPRAS/ferias/FERIA SAEZ PEÑA/feria sanez peña 1.JPG,2,/compras/feira-saens-pena; /compras/ferias,referencia de página válida
COMPRAS/ferias/FERIA SAEZ PEÑA/feria saez peña 2.JPG,1,/compras/feira-saens-pena,referencia de página válida
COMPRAS/ferias/feria noctura/feria nocturna copa 5.JPG,2,/compras/feira-nocturna-copacabana; /compras/feira-noturna-copacabana,referencia de página válida
COMPRAS/ferias/feria noctura/feria nocturna copa 1.JPG,3,/compras/feira-nocturna-copacabana; /compras/feira-noturna-copacabana; /compras/ferias,referencia de página válida
COMPRAS/ferias/feria noctura/feria nocturna copa 1 1.JPG,2,/compras/feira-nocturna-copacabana; /compras/feira-noturna-copacabana,referencia de página válida
COMPRAS/ferias/feria noctura/feria nocturna copa 4.JPG,2,/compras/feira-nocturna-copacabana; /compras/feira-noturna-copacabana,referencia de página válida
COMPRAS/ferias/feria noctura/feria nocturna copa.jpg,2,/compras/feira-nocturna-copacabana; /compras/feira-noturna-copacabana,referencia de página válida
COMPRAS/ferias/feria noctura/feria nocturna copa 3.JPG,2,/compras/feira-nocturna-copacabana; /compras/feira-noturna-copacabana,referencia de página válida
COMPRAS/ferias/feria noctura/feria nocturna copa 2.JPG,2,/compras/feira-nocturna-copacabana; /compras/feira-noturna-copacabana,referencia de página válida
COMPRAS/ferias/feria antiguedades plaza xv/feria antiguedades plaza xv 3.jpg,1,/compras/praca-xv,referencia de página válida
COMPRAS/ferias/feria antiguedades plaza xv/feria antiguedades plaza xv 5.jpg,1,/compras/praca-xv,referencia de página válida
COMPRAS/ferias/feria antiguedades plaza xv/feria antiguedades plaza xv 2.JPEG,2,/compras/ferias; /compras/praca-xv,referencia de página válida
COMPRAS/ferias/feria antiguedades plaza xv/feria antiguedades plaza xv6.jpg,1,/compras/praca-xv,referencia de página válida
COMPRAS/ferias/feria antiguedades plaza xv/feria antiguedades plaza xv 4.jpg,1,/compras/praca-xv,referencia de página válida
COMPRAS/ferias/feria antiguedades plaza xv/feria antiguedades plaza xv7.jpg,1,/compras/praca-xv,referencia de página válida
COMPRAS/ferias/feria lavradio/lavradio 23.jpg,1,/compras/lavradio,referencia de página válida
COMPRAS/ferias/feria lavradio/lavradio port.jpg,2,/compras/ferias; /compras/lavradio,referencia de página válida
COMPRAS/ferias/feria lavradio/feria lavradio 44.jpg,1,/compras/lavradio,referencia de página válida
COMPRAS/ferias/feria lavradio/lavradio ant.jpg,1,/compras/lavradio,referencia de página válida
COMPRAS/ferias/feria lavradio/lavradio 2.jpg,1,/compras/lavradio,referencia de página válida
COMPRAS/ferias/feria lavradio/lavradio ñportada 1.jpg,1,/compras/lavradio,referencia de página válida
COMPRAS/ferias/feria libre da gloria/feria libre da gloria6.jpg,1,/compras/feira-da-gloria,referencia de página válida
COMPRAS/ferias/feria libre da gloria/feria libre da gloria 1.jpg,1,/compras/feira-da-gloria,referencia de página válida
COMPRAS/ferias/feria libre da gloria/FEIRA_DA_GLORIA2.JPG,2,/compras/feira-da-gloria; /compras/ferias,referencia de página válida
COMPRAS/ferias/feria libre da gloria/feria libre da gloria 2.jpg,1,/compras/feira-da-gloria,referencia de página válida
COMPRAS/ferias/feria libre da gloria/feria libre da gloria5.jpg,1,/compras/feira-da-gloria,referencia de página válida
COMPRAS/ferias/feria libre da gloria/feria libre da gloria 3.webp,1,/compras/feira-da-gloria,referencia de página válida
COMPRAS/ferias/feria libre da gloria/feria libre da gloria 4.jpg,1,/compras/feira-da-gloria,referencia de página válida
COMPRAS/ferias/feria organica da gloria/feria organica da gloria34.jpg,1,/compras/feira-organica-gloria,referencia de página válida
COMPRAS/ferias/feria organica da gloria/feria organica da gloria 2.jpg,1,/compras/feira-organica-gloria,referencia de página válida
COMPRAS/ferias/feria organica da gloria/feria organica da gloria6.jpg,1,/compras/feira-organica-gloria,referencia de página válida
COMPRAS/ferias/feria organica da gloria/feria organica da gloria5.jpg,1,/compras/feira-organica-gloria,referencia de página válida
COMPRAS/ferias/feria organica da gloria/feria organica da gloria3.jpg,1,/compras/feira-organica-gloria,referencia de página válida
COMPRAS/ferias/feria organica da gloria/feria organica da gloria.jpg,2,/compras/feira-organica-gloria; /compras/ferias,referencia de página válida
COMPRAS/ferias/hippie ipanema/hippie ipanema 2.jpg,1,/compras/feira-hippie-ipanema,referencia de página válida
COMPRAS/ferias/hippie ipanema/hippie ipanema5.jpg,1,/compras/feira-hippie-ipanema,referencia de página válida
COMPRAS/ferias/hippie ipanema/hippie ipanema6.jpg,1,/compras/feira-hippie-ipanema,referencia de página válida
COMPRAS/ferias/hippie ipanema/hippie ipanema 3.jpg,3,/compras; /compras/feira-hippie-ipanema; /compras/ferias,referencia de página válida
COMPRAS/ferias/hippie ipanema/hippie ipanema.jpg,1,/compras/feira-hippie-ipanema,referencia de página válida
COMPRAS/ferias/hippie ipanema/hippie ipanema7.jpg,1,/compras/feira-hippie-ipanema,referencia de página válida
COMPRAS/ferias/Feira das Yabás/Feira das Yabás 7.jpg,1,/compras/feira-das-yabas,referencia de página válida
COMPRAS/ferias/Feira das Yabás/Feira das Yabás 6.jpg,1,/compras/feira-das-yabas,referencia de página válida
COMPRAS/ferias/Feira das Yabás/Feira das Yabás 5.jpg,1,/compras/feira-das-yabas,referencia de página válida
COMPRAS/ferias/Feira das Yabás/Feira das Yabás 3.jpg,1,/compras/feira-das-yabas,referencia de página válida
COMPRAS/ferias/Feira das Yabás/Feira das Yabás 4.jpg,1,/compras/feira-das-yabas,referencia de página válida
COMPRAS/ferias/Feira das Yabás/Feira das Yabás 2.jpg,2,/compras/feira-das-yabas; /compras/ferias,referencia de página válida
COMPRAS/ferias/feria praca do lido/feria praca do lido 3.jpg,1,/compras/praca-lido,referencia de página válida
COMPRAS/ferias/feria praca do lido/feria praca do lido 5.jpg,1,/compras/praca-lido,referencia de página válida
COMPRAS/ferias/feria praca do lido/feria praca do lido.jpg,2,/compras/ferias; /compras/praca-lido,referencia de página válida
COMPRAS/ferias/feria praca do lido/feria praca do lido6.jpg,1,/compras/praca-lido,referencia de página válida
COMPRAS/ferias/feria praca do lido/feria praca do lido 4.jpg,1,/compras/praca-lido,referencia de página válida
COMPRAS/ferias/feria praca do lido/feria praca do lido 2.jpg,1,/compras/praca-lido,referencia de página válida
COMPRAS/ferias/feria da providencia/feria da providencia 3.jpg,1,/compras/feira-da-providencia,referencia de página válida
COMPRAS/ferias/feria da providencia/feria da providencia 2.jpg,2,/compras/feira-da-providencia; /compras/ferias,referencia de página válida
COMPRAS/ferias/feria da providencia/feria da providencia 6.jpg,1,/compras/feira-da-providencia,referencia de página válida
COMPRAS/ferias/feria da providencia/feria da providencia 4.jpg,1,/compras/feira-da-providencia,referencia de página válida
COMPRAS/ferias/feria da providencia/feria da providencia 5.jpg,1,/compras/feira-da-providencia,referencia de página válida
COMPRAS/ferias/feria da providencia/feria da providencia 7.jpg,1,/compras/feira-da-providencia,referencia de página válida
PORTADA HOSPEDAJE.png,2,/; /hospedaje,referencia de página válida
FAMILIA/FAMILIA lagoa/FAMILIA LAGOA (4).jpg,1,/familia/lagoa-rodrigo-de-freitas,referencia de página válida
FAMILIA/FAMILIA lagoa/FAMILIA LAGOA (2).jpg,1,/familia/lagoa-rodrigo-de-freitas,referencia de página válida
FAMILIA/FAMILIA lagoa/FAMILIA LAGOA (6).jpg,1,/familia/lagoa-rodrigo-de-freitas,referencia de página válida
FAMILIA/FAMILIA lagoa/FAMILIA LAGOA (1).jpg,1,/familia/lagoa-rodrigo-de-freitas,referencia de página válida
FAMILIA/FAMILIA lagoa/FAMILIA LAGOA (5).jpg,1,/familia/lagoa-rodrigo-de-freitas,referencia de página válida
FAMILIA/FAMILIA meta kart/metakart4.jpg,1,/familia/meta-kart-indoor,referencia de página válida
FAMILIA/FAMILIA meta kart/metakart1.jpg,1,/familia/meta-kart-indoor,referencia de página válida
FAMILIA/FAMILIA meta kart/metakart3.jpg,1,/familia/meta-kart-indoor,referencia de página válida
FAMILIA/FAMILIA meta kart/meta kart2.jpg,1,/familia/meta-kart-indoor,referencia de página válida
FAMILIA/MINIATURA FAMILIA ernes burle marx.png,2,/familia; /familia/sitio-roberto-burle-marx,referencia de página válida
FAMILIA/MINIATURA FAMILIA ernes yup star.png,2,/familia; /familia/yup-star,referencia de página válida
FAMILIA/FAMILIA bosque da barra/bosque-da-barra 1.jpg,1,/familia/bosque-da-barra,referencia de página válida
FAMILIA/FAMILIA bosque da barra/IMG_20230305_160052535.jpg,1,/familia/bosque-da-barra,referencia de página válida
FAMILIA/FAMILIA bosque da barra/IMG_20230305_160135338_HDR(1).jpg,1,/familia/bosque-da-barra,referencia de página válida
FAMILIA/FAMILIA bosque da barra/IMG_20230305_160207100_HDR(1).jpg,1,/familia/bosque-da-barra,referencia de página válida
FAMILIA/FAMILIA bosque da barra/IMG_20230305_160458029(1).jpg,1,/familia/bosque-da-barra,referencia de página válida
FAMILIA/FAMILIA bosque da barra/IMG_20230305_160226216(3).jpg,1,/familia/bosque-da-barra,referencia de página válida
FAMILIA/FAMILIA bosque da barra/bosquedabarra06.jpg,1,/familia/bosque-da-barra,referencia de página válida
FAMILIA/FAMILIA bosque da barra/bosque-da-barra4.png,1,/familia/bosque-da-barra,referencia de página válida
FAMILIA/MINIATURA FAMILIA ernes bosque da barra.png,2,/familia; /familia/bosque-da-barra,referencia de página válida
FAMILIA/FAMILIA CLAUDIO COUTINHO/FAMILIA CLAUDIO COUTINHO (2).jpg,1,/familia/pista-claudio-coutinho,referencia de página válida
FAMILIA/FAMILIA CLAUDIO COUTINHO/FAMILIA CLAUDIO COUTINHO (1).webp,1,/familia/pista-claudio-coutinho,referencia de página válida
FAMILIA/FAMILIA CLAUDIO COUTINHO/FAMILIA CLAUDIO COUTINHO (1).jpg,1,/familia/pista-claudio-coutinho,referencia de página válida
FAMILIA/FAMILIA CARNAVAL EXPERIENCE FAMILIA/CARNAVAL EXPERIENCE PARA FAMILIA (1).jpg,1,/familia/carnaval-experience,referencia de página válida
FAMILIA/FAMILIA CARNAVAL EXPERIENCE FAMILIA/CARNAVAL EXPERIENCE PARA FAMILIA (2).jpg,1,/familia/carnaval-experience,referencia de página válida
FAMILIA/FAMILIA roda yupstar/IMG_0125(1).JPEG,1,/familia/yup-star,referencia de página válida
FAMILIA/FAMILIA roda yupstar/roda 2.jpg,1,/familia/yup-star,referencia de página válida
FAMILIA/FAMILIA roda yupstar/portada_yup_star.jpg,1,/familia/yup-star,referencia de página válida
FAMILIA/FAMILIA burle marx/burle marx 3.jpg,1,/familia/sitio-roberto-burle-marx,referencia de página válida
FAMILIA/FAMILIA burle marx/burle marx 1.jpg,1,/familia/sitio-roberto-burle-marx,referencia de página válida
FAMILIA/FAMILIA burle marx/burle marx 2.jpg,1,/familia/sitio-roberto-burle-marx,referencia de página válida
FAMILIA/MINIATURA FAMILIA ernes claudio coutinho.png,2,/familia; /familia/pista-claudio-coutinho,referencia de página válida
FAMILIA/FAMILIA aquario/AQUARIO (4).jpg,1,/familia/aquario,referencia de página válida
FAMILIA/FAMILIA aquario/AQUARIO (1).jpg,1,/familia/aquario,referencia de página válida
FAMILIA/FAMILIA aquario/MUSEU CERA AQUARI.jpg,1,/familia/aquario,referencia de página válida
FAMILIA/FAMILIA aquario/AQUARIO (2).jpg,1,/familia/aquario,referencia de página válida
FAMILIA/FAMILIA aquario/AQUARIO (5).jpg,1,/familia/aquario,referencia de página válida
FAMILIA/FAMILIA aquario/AQUARIO (3).jpg,1,/familia/aquario,referencia de página válida
FAMILIA/MINIATURA FAMILIA ernes ilha fiscal.png,2,/familia; /familia/ilha-fiscal,referencia de página válida
FAMILIA/MINIATURA FAMILIA ernes hot zone.png,2,/familia; /familia/hotzone-barrashopping,referencia de página válida
FAMILIA/FAMILIA palacio catete/FAMILIA PALACIO CATETE (2).jpg,1,/familia/jardines-palacio-do-catete,referencia de página válida
FAMILIA/FAMILIA palacio catete/FAMILIA PALACIO CATETE (4).jpg,1,/familia/jardines-palacio-do-catete,referencia de página válida
FAMILIA/FAMILIA palacio catete/FAMILIA PALACIO CATETE (5).jpg,1,/familia/jardines-palacio-do-catete,referencia de página válida
FAMILIA/FAMILIA palacio catete/FAMILIA PALACIO CATETE (1).jpg,1,/familia/jardines-palacio-do-catete,referencia de página válida
FAMILIA/FAMILIA palacio catete/FAMILIA PALACIO CATETE (3).jpg,1,/familia/jardines-palacio-do-catete,referencia de página válida
FAMILIA/FAMILIA PLANETARIO/planetario4.jpeg,1,/familia/planetario,referencia de página válida
FAMILIA/FAMILIA PLANETARIO/planetario5.jpeg,1,/familia/planetario,referencia de página válida
FAMILIA/FAMILIA PLANETARIO/planetario1.jpeg,1,/familia/planetario,referencia de página válida
FAMILIA/FAMILIA PLANETARIO/planetario2.jpeg,1,/familia/planetario,referencia de página válida
FAMILIA/FAMILIA PLANETARIO/planetario3.jpeg,1,/familia/planetario,referencia de página válida
FAMILIA/MINIATURA FAMILIA ernes maracana.png,2,/familia; /familia/maracana-tour,referencia de página válida
FAMILIA/MINIATURA FAMILIA ernes parque lage.png,2,/familia; /familia/parque-lage,referencia de página válida
FAMILIA/MINIATURA FAMILIA ernes aquario.png,2,/familia; /familia/aquario,referencia de página válida
FAMILIA/FAMILIA escape60 copa/ESCAPE 60 (2).jpg,1,/familia/escape-60-copacabana,referencia de página válida
FAMILIA/FAMILIA escape60 copa/ESCAPE 60 (4).jpg,1,/familia/escape-60-copacabana,referencia de página válida
FAMILIA/FAMILIA escape60 copa/ESCAPE 60 (1).jpg,1,/familia/escape-60-copacabana,referencia de página válida
FAMILIA/FAMILIA escape60 copa/ESCAPE 60 (3).jpg,1,/familia/escape-60-copacabana,referencia de página válida
FAMILIA/MINIATURA FAMILIA ernes feriao sao cristovao.png,2,/familia; /familia/feira-sao-cristovao,referencia de página válida
FAMILIA/FAMILIA FERIA SAO CRISTOVAO/FAMILIA FERIA SAO CRISTOVAO (1).webp,1,/familia/feira-sao-cristovao,referencia de página válida
FAMILIA/FAMILIA FERIA SAO CRISTOVAO/FAMILIA FERIA SAO CRISTOVAO (3).jpg,1,/familia/feira-sao-cristovao,referencia de página válida
FAMILIA/FAMILIA FERIA SAO CRISTOVAO/FAMILIA FERIA SAO CRISTOVAO (1).jpg,1,/familia/feira-sao-cristovao,referencia de página válida
FAMILIA/FAMILIA FERIA SAO CRISTOVAO/FAMILIA FERIA SAO CRISTOVAO (2).jpg,1,/familia/feira-sao-cristovao,referencia de página válida
FAMILIA/FAMILIA FERIA SAO CRISTOVAO/FAMILIA FERIA SAO CRISTOVAO (4).jpg,1,/familia/feira-sao-cristovao,referencia de página válida
FAMILIA/FAMILIA parque lage/lage.jpg,1,/familia/parque-lage,referencia de página válida
FAMILIA/MINIATURA FAMILIA ernes meta kart.png,2,/familia; /familia/meta-kart-indoor,referencia de página válida
FAMILIA/FAMILIA barra bowlling/barra bowlling2.jpg,1,/familia/barra-bowling-grill,referencia de página válida
FAMILIA/FAMILIA barra bowlling/barrabowlling44.jpg,1,/familia/barra-bowling-grill,referencia de página válida
FAMILIA/FAMILIA barra bowlling/barrabowlling4.jpg,1,/familia/barra-bowling-grill,referencia de página válida
FAMILIA/FAMILIA barra bowlling/barra bowlling22.jpg,1,/familia/barra-bowling-grill,referencia de página válida
FAMILIA/FAMILIA barra bowlling/barra bowlling.jpg,1,/familia/barra-bowling-grill,referencia de página válida
FAMILIA/FAMILIA ATERRO DO FLAMENGO FAMILIA/FAMILIA ATERRO FLAMENGO (4).jpg,1,/familia/aterro-do-flamengo,referencia de página válida
FAMILIA/FAMILIA ATERRO DO FLAMENGO FAMILIA/FAMILIA ATERRO FLAMENGO (1).jpg,1,/familia/aterro-do-flamengo,referencia de página válida
FAMILIA/FAMILIA ATERRO DO FLAMENGO FAMILIA/FAMILIA ATERRO FLAMENGO (3).jpg,1,/familia/aterro-do-flamengo,referencia de página válida
FAMILIA/FAMILIA ATERRO DO FLAMENGO FAMILIA/FAMILIA ATERRO FLAMENGO (2).jpg,1,/familia/aterro-do-flamengo,referencia de página válida
FAMILIA/FAMILIA jadin botanico/JARDIMB2.jpg,1,/familia/jardim-botanico,referencia de página válida
FAMILIA/FAMILIA jadin botanico/jardim botanico.jpg,1,/familia/jardim-botanico,referencia de página válida
FAMILIA/FAMILIA jadin botanico/JARDIMB3.jpg,1,/familia/jardim-botanico,referencia de página válida
FAMILIA/FAMILIA bioparque/bio parque rio familia  (1).jpg,1,/familia/bioparque,referencia de página válida
FAMILIA/FAMILIA bioparque/bio parque rio familia  (3).jpg,1,/familia/bioparque,referencia de página válida
FAMILIA/FAMILIA bioparque/bio parque rio familia  (5).jpg,1,/familia/bioparque,referencia de página válida
FAMILIA/FAMILIA bioparque/bio parque rio familia  (7).jpg,1,/familia/bioparque,referencia de página válida
FAMILIA/FAMILIA bioparque/bio parque rio familia  (2).jpg,1,/familia/bioparque,referencia de página válida
FAMILIA/FAMILIA bioparque/bio parque rio familia  (8).jpg,1,/familia/bioparque,referencia de página válida
FAMILIA/FAMILIA bioparque/bio parque rio familia  (4).jpg,1,/familia/bioparque,referencia de página válida
FAMILIA/FAMILIA bioparque/bio parque rio familia  (6).jpg,1,/familia/bioparque,referencia de página válida
FAMILIA/MINIATURA FAMILIA ernes escape 60.png,2,/familia; /familia/escape-60-copacabana,referencia de página válida
FAMILIA/MINIATURA FAMILIA ernes lagoa rodrigo.png,2,/familia; /familia/lagoa-rodrigo-de-freitas,referencia de página válida
FAMILIA/MINIATURA FAMILIA ernes bio parque.png,2,/familia; /familia/bioparque,referencia de página válida
FAMILIA/MINIATURA FAMILIA ernes aterro flamengo.png,2,/familia; /familia/aterro-do-flamengo,referencia de página válida
FAMILIA/MINIATURA FAMILIA ernes bowling.png,2,/familia; /familia/barra-bowling-grill,referencia de página válida
FAMILIA/MINIATURA FAMILIA ernes carnaval experience.png,2,/familia; /familia/carnaval-experience,referencia de página válida
FAMILIA/MINIATURA FAMILIA ernes jardim botanico.png,2,/familia; /familia/jardim-botanico,referencia de página válida
FAMILIA/FAMILIA CATACUMBA/CATACUMBAS (3).jpg,1,/familia/parque-da-catacumba,referencia de página válida
FAMILIA/FAMILIA CATACUMBA/CATACUMBAS (1).jpg,1,/familia/parque-da-catacumba,referencia de página válida
FAMILIA/FAMILIA CATACUMBA/YO CATACUMBAS (2).jpg,1,/familia/parque-da-catacumba,referencia de página válida
FAMILIA/FAMILIA CATACUMBA/CATACUMBAS (4).jpg,1,/familia/parque-da-catacumba,referencia de página válida
FAMILIA/FAMILIA CATACUMBA/YO CATACUMBAS (1).jpg,1,/familia/parque-da-catacumba,referencia de página válida
FAMILIA/FAMILIA CATACUMBA/CATACUMBAS (2).jpg,1,/familia/parque-da-catacumba,referencia de página válida
FAMILIA/FAMILIA CATACUMBA/CATAC1.jpg,1,/familia/parque-da-catacumba,referencia de página válida
FAMILIA/MINIATURA FAMILIA ernes planetario.png,2,/familia; /familia/planetario,referencia de página válida
FAMILIA/FAMILIA ilha fiscal/FB_IMG_1696133943368(1).jpg,1,/familia/ilha-fiscal,referencia de página válida
FAMILIA/FAMILIA ilha fiscal/ILHAF2.jpg,1,/familia/ilha-fiscal,referencia de página válida
FAMILIA/FAMILIA hotzone/hotzone barra3.jpg,1,/familia/hotzone-barrashopping,referencia de página válida
FAMILIA/FAMILIA hotzone/hot zone barra 2.png,1,/familia/hotzone-barrashopping,referencia de página válida
FAMILIA/FAMILIA hotzone/hotzone barra 1.jpg,1,/familia/hotzone-barrashopping,referencia de página válida
FAMILIA/FAMILIA MARACANA/FAMILIA MARACANA (1).avif,1,/familia/maracana-tour,referencia de página válida
FAMILIA/FAMILIA MARACANA/FAMILIA MARACANA (2).jpg,1,/familia/maracana-tour,referencia de página válida
FAMILIA/FAMILIA MARACANA/FAMILIA MARACANA (3).jpg,1,/familia/maracana-tour,referencia de página válida
FAMILIA/FAMILIA MARACANA/FAMILIA MARACANA (2).avif,1,/familia/maracana-tour,referencia de página válida
FAMILIA/FAMILIA MARACANA/FAMILIA MARACANA (1).jpg,1,/familia/maracana-tour,referencia de página válida
FAMILIA/MINIATURA FAMILIA ernes catacumba.png,2,/familia; /familia/parque-da-catacumba,referencia de página válida
FAMILIA/MINIATURA FAMILIA ernes jardin palacio catete.png,2,/familia; /familia/jardines-palacio-do-catete,referencia de página válida
CONSEJOS/CONSEJOS rio en 1 2 3 4 5 6 o 7 dias.png,1,/consejos/rio-1-a-7-dias,referencia de página válida
CONSEJOS/CONSEJOS portuges para sobrevivir en rio.png,1,/consejos/portugues,referencia de página válida
CONSEJOS/CONSEJOS un dia completo cuando llueve.png,1,/consejos/lluvia,referencia de página válida
CONSEJOS/CONSEJOS que descurbir en un supermercado brsilero.png,1,/consejos/supermercados,referencia de página válida
CONSEJOS/CONSEJOS trampas y cobros que debes conocer.png,1,/consejos/trampas-turista,referencia de página válida
CONSEJOS/CONSEJOS por que viajar con seguro.png,1,/consejos/seguro-viaje,referencia de página válida
CONSEJOS/CONSEJOS como funciona un rodizio brasilero.png,1,/consejos/rodizio,referencia de página válida
CONSEJOS/CONSEJOS atardeceres involdidables.png,2,/consejos; /consejos/atardeceres-inolvidables,referencia de página válida
CONSEJOS/CONSEJOS que hacer cada dia.png,1,/consejos/que-hacer-cada-dia,referencia de página válida
CONSEJOS/CONSEJOS recorrido zona portuaria y centro de rio.png,1,/consejos/recorrido-zona-portuaria,referencia de página válida
CONSEJOS/CONSEJOS errores de google mas que pueden hacerte perder tiempo.png,1,/consejos/errores-rio,referencia de página válida
CONSEJOS/CONSEJOS cosas que nadie te explica antes de venir.png,1,/consejos/nadie-explica,referencia de página válida
CONSEJOS/CONSEJOS 20 errores que debes evitar si o si en rio de janiero/CONSEJOS 20 errores que debes evitar si o si en rio de janiero PERSONAS TURISTAS PLAYA.jpg,1,/consejos/20-consejos,referencia de página válida
CONSEJOS/CONSEJOS 20 errores que debes evitar si o si en rio de janiero/CONSEJOS 20 errores que debes evitar si o si en rio de janiero SACANDO FOTOS PLAYA.jpg,1,/consejos/20-consejos,referencia de página válida
CONSEJOS/CONSEJOS 20 errores que debes evitar si o si en rio de janiero/CONSEJOS 20 errores que debes evitar si o si en rio de janiero VENDEDORES PLAYA.jpg,1,/consejos/20-consejos,referencia de página válida
CONSEJOS/CONSEJOS 20 errores que debes evitar si o si en rio de janiero.png,1,/consejos/20-consejos,referencia de página válida
CONSEJOS/CONSEJOS que revisar antes de salir del alojamiento.png,1,/consejos/revisar-alojamiento,referencia de página válida
CONSEJOS/CONSEJOS que descubrir en un supermercado de Brasil/supermercado de brasil (2).jpg,1,/consejos/supermercados,referencia de página válida
CONSEJOS/CONSEJOS que descubrir en un supermercado de Brasil/supermercado de brasil (1).png,1,/consejos/supermercados,referencia de página válida
CONSEJOS/CONSEJOS que descubrir en un supermercado de Brasil/supermercado de brasil (1).jpg,1,/consejos/supermercados,referencia de página válida
CONSEJOS/CONSEJOS que descubrir en un supermercado de Brasil/supermercado de brasil (2).png,1,/consejos/supermercados,referencia de página válida
CONSEJOS/CONSEJOS que descubrir en un supermercado de Brasil/supermercado de brasil (3).jpg,1,/consejos/supermercados,referencia de página válida
CONSEJOS/CONSEJOS50 preguntas antes de venir a rio.png,1,/consejos/50-preguntas,referencia de página válida
CONSEJOS/CONSEJOS rio segun tu forma de viajar.png,1,/consejos/perfiles-viajero,referencia de página válida
CONSEJOS/CONSEJOS atardeceres involdidables/CONSEJOS atardeceres involdidables paseo de lancha.jpg,1,/consejos/atardeceres-inolvidables,referencia de página válida
CONSEJOS/CONSEJOS atardeceres involdidables/CONSEJOS atardeceres involdidables arpoador.jpg,1,/consejos/atardeceres-inolvidables,referencia de página válida
CONSEJOS/CONSEJOS atardeceres involdidables/CONSEJOS atardeceres involdidables atardecer rio.jpg,1,/consejos/atardeceres-inolvidables,referencia de página válida
CONSEJOS/CONSEJOS atardeceres involdidables/CONSEJOS atardeceres involdidables onibus rio.jpg,1,/consejos/atardeceres-inolvidables,referencia de página válida
CONSEJOS/CONSEJOS atardeceres involdidables/CONSEJOS atardeceres involdidables hora dorada urca.jpg,1,/consejos/atardeceres-inolvidables,referencia de página válida
CONSEJOS/CONSEJOS atardeceres involdidables/CONSEJOS atardeceres involdidables (3).jpg,1,/consejos/atardeceres-inolvidables,referencia de página válida
CONSEJOS/CONSEJOS souvenir y regalos para llevar.png,1,/consejos/souvenirs,referencia de página válida
CONSEJOS/CONSEJOS guia completa antes del viaje.png,1,/guia,referencia de página válida
PORTADA VIDA NOCTURNA.png,2,/; /vida-nocturna,referencia de página válida
PORTADA CAFE.png,2,/; /cafe-rio,referencia de página válida
RULETA EXPERIENCIA CRISTO MA CITI TOUR.png,1,/experiencias/cristo-city-tour,referencia de página válida
EXPERIENCIAS PORTADA ANGRA.jpg,3,/; /experiencias; /experiencias/angra-ilha-grande,referencia de página válida
PORTADA COMPRAS.png,2,/; /compras,referencia de página válida
CAFE RIO/cafe con caramelo.PNG,1,/cafe-rio,referencia de página válida
CAFE RIO/cafe trufado.PNG,1,/cafe-rio,referencia de página válida
CAFE RIO/portadas Y COLECCION.png,1,/cafe-rio,referencia de página válida
CAFE RIO/cafe con menta.PNG,1,/cafe-rio,referencia de página válida
CAFE RIO/CAFE MOLIDO.jpeg,1,/cafe-rio,referencia de página válida
CAFE RIO/cafe con avellanas.PNG,1,/cafe-rio,referencia de página válida
ATRACCIONES/colombo/colombo as.jpg,1,/gastronomia/confeitaria-colombo,referencia de página válida
ATRACCIONES/colombo/IMG_20230725_140836601(1).jpg,1,/gastronomia/confeitaria-colombo,referencia de página válida
ATRACCIONES/colombo/colombo copa.jpg,1,/gastronomia/confeitaria-colombo,referencia de página válida
ATRACCIONES/teatro municipal/2025-07-26 182027.jpg,1,/cultura/theatro-municipal,referencia de página válida
ATRACCIONES/teatro municipal/IMG_20230825_131621220_HDR.jpg,1,/cultura/theatro-municipal,referencia de página válida
ATRACCIONES/teatro municipal/2025-07-26 182407.jpg,1,/cultura/theatro-municipal,referencia de página válida
ATRACCIONES/teatro municipal/Picture2.png,1,/cultura/theatro-municipal,referencia de página válida
ATRACCIONES/teatro municipal/2025-07-26 182051.jpg,1,/cultura/theatro-municipal,referencia de página válida
ATRACCIONES/teatro municipal/teatro municipal.jpg,1,/cultura/theatro-municipal,referencia de página válida
ATRACCIONES/telegrafo/NATURALEZA TELEGRAFO (4).jpg,1,/experiencias/pedra-telegrafo,referencia de página válida
ATRACCIONES/telegrafo/NATURALEZA TELEGRAFO (2).jpg,1,/experiencias/pedra-telegrafo,referencia de página válida
ATRACCIONES/telegrafo/NATURALEZA TELEGRAFO (2).jpeg,1,/experiencias/pedra-telegrafo,referencia de página válida
ATRACCIONES/telegrafo/NATURALEZA TELEGRAFO (3).jpg,1,/experiencias/pedra-telegrafo,referencia de página válida
ATRACCIONES/telegrafo/NATURALEZA TELEGRAFO (1).jpg,1,/experiencias/pedra-telegrafo,referencia de página válida
ATRACCIONES/telegrafo/NATURALEZA TELEGRAFO (1).jpeg,1,/experiencias/pedra-telegrafo,referencia de página válida
ATRACCIONES/pedra bonita/IMG_20230812_113857943_HDR.jpg,1,/experiencias/pedra-bonita,referencia de página válida
ATRACCIONES/pedra bonita/IMG_20230812_111221760_HDR.jpg,1,/experiencias/pedra-bonita,referencia de página válida
ATRACCIONES/pedra bonita/IMG_20230812_113832463_HDR.jpg,1,/experiencias/pedra-bonita,referencia de página válida
ATRACCIONES/pedra bonita/IMG_20230812_111219953_HDR.jpg,1,/experiencias/pedra-bonita,referencia de página válida
ATRACCIONES/pedra bonita/parque das ruinas.jpg,1,/experiencias/pedra-bonita,referencia de página válida
ATRACCIONES/cristo redentor/FB_IMG_1718463725444(1).jpg,1,/atracciones/cristo-redentor,referencia de página válida
ATRACCIONES/cristo redentor/IMG-20231001-WA0075(1).jpg,1,/atracciones/cristo-redentor,referencia de página válida
ATRACCIONES/cristo redentor/Orteil-du-Christ-redempteur-V(1).jpg,1,/atracciones/cristo-redentor,referencia de página válida
ATRACCIONES/cristo redentor/images (13)_20240620_034130(1).jpeg,1,/atracciones/cristo-redentor,referencia de página válida
ATRACCIONES/cristo redentor/Interieur-du-Christ-de-Rio.jpg,1,/atracciones/cristo-redentor,referencia de página válida
ATRACCIONES/cristo redentor/91772783_ri_rio_de_janeiro_rj_25-02-2021_-_caderno_especial_-_aniversario_da_cidade_do_rio_-_cristo.jpg,1,/atracciones/cristo-redentor,referencia de página válida
ATRACCIONES/cristo redentor/2017-10-29-cristo-redentor-1.jpg(1).webp,1,/atracciones/cristo-redentor,referencia de página válida
ATRACCIONES/cristo redentor/91772783_ri_rio_de_janeiro_rj_25-02-2021_-_caderno_especial_-_aniversario_da_cidade_do_rio_-_cristo(1).jpg,1,/atracciones/cristo-redentor,referencia de página válida
ATRACCIONES/cristo redentor/393621(1).jpg,1,/atracciones/cristo-redentor,referencia de página válida
ATRACCIONES/cristo redentor/cristo-corcovado(1).jpeg,1,/atracciones/cristo-redentor,referencia de página válida
ATRACCIONES/cristo redentor/IMG-20231006-WA0037(1).jpg,1,/atracciones/cristo-redentor,referencia de página válida
ATRACCIONES/cristo redentor/Maria_Producoes_3.png,1,/atracciones/cristo-redentor,referencia de página válida
ATRACCIONES/cristo redentor/IMG-20230130-WA0000(1).jpg,1,/atracciones/cristo-redentor,referencia de página válida
ATRACCIONES/the maze y tabares bastos/images (26)_20250313_160815(1).jpeg,1,/atracciones/the-maze,referencia de página válida
ATRACCIONES/the maze y tabares bastos/images (23)_20250313_160825(1).jpeg,1,/atracciones/the-maze,referencia de página válida
ATRACCIONES/the maze y tabares bastos/images (25)_20250313_160820.jpeg,1,/atracciones/the-maze,referencia de página válida
ATRACCIONES/real gabiente/real gab.jpg,1,/cultura/real-gabinete,referencia de página válida
ATRACCIONES/real gabiente/2024-02-03 123942.jpg,1,/cultura/real-gabinete,referencia de página válida
ATRACCIONES/real gabiente/IMG_20230801_120923371.jpg,1,/cultura/real-gabinete,referencia de página válida
ATRACCIONES/real gabiente/207e767d-a04f-495b-9192-aca24126b7e2.jpg,1,/cultura/real-gabinete,referencia de página válida
ATRACCIONES/real gabiente/4.png,1,/cultura/real-gabinete,referencia de página válida
ATRACCIONES/real gabiente/IMG_20230801_120932652.jpg,1,/cultura/real-gabinete,referencia de página válida
ATRACCIONES/real gabiente/df240dc2-b21e-4aab-8707-2ec641d74317.jpg,1,/cultura/real-gabinete,referencia de página válida
ATRACCIONES/real gabiente/2024-02-03 123958.jpg,1,/cultura/real-gabinete,referencia de página válida
ATRACCIONES/catedralrio/PSX_20230127_121515.jpg,1,/cultura/catedral-metropolitana,referencia de página válida
ATRACCIONES/catedralrio/catedralas.jpg,1,/cultura/catedral-metropolitana,referencia de página válida
ATRACCIONES/catedralrio/PSX_20230127_121515(1).jpg,1,/cultura/catedral-metropolitana,referencia de página válida
ATRACCIONES/catedralrio/WhatsApp Image 2023-01-27 at 12.33.46.jpeg,1,/cultura/catedral-metropolitana,referencia de página válida
ATRACCIONES/catedralrio/FB_IMG_1690397045688.jpg,1,/cultura/catedral-metropolitana,referencia de página válida
ATRACCIONES/catedralrio/FB_IMG_1682776174075.jpg,1,/cultura/catedral-metropolitana,referencia de página válida
ATRACCIONES/catedralrio/WhatsApp Image 2023-01-27 at 12.33.47.jpeg,1,/cultura/catedral-metropolitana,referencia de página válida
ATRACCIONES/maracana/2026-03-21 181554.jpg,1,/atracciones/maracana,referencia de página válida
ATRACCIONES/maracana/MARACAW.jpg,1,/atracciones/maracana,referencia de página válida
ATRACCIONES/maracana/PORTADA MARACANAQQ (1).avif,1,/atracciones/maracana,referencia de página válida
ATRACCIONES/maracana/IMG_0878(1).jpeg,1,/atracciones/maracana,referencia de página válida
ATRACCIONES/maracana/MARACA.jpg,1,/atracciones/maracana,referencia de página válida
ATRACCIONES/maracana/e6.jpg,1,/atracciones/maracana,referencia de página válida
ATRACCIONES/pan de azucar/morro-da-urca-4.webp,1,/atracciones/pao-de-acucar,referencia de página válida
ATRACCIONES/pan de azucar/morro-da-urca-12.webp,1,/atracciones/pao-de-acucar,referencia de página válida
ATRACCIONES/pan de azucar/Bonde-1912_600-dpi.jpg,1,/atracciones/pao-de-acucar,referencia de página válida
ATRACCIONES/pan de azucar/ILOV.png,1,/atracciones/pao-de-acucar,referencia de página válida
ATRACCIONES/pan de azucar/2024-11-07 151558.jpg,1,/atracciones/pao-de-acucar,referencia de página válida
ATRACCIONES/pan de azucar/historia-bondinho-pao-acucar-rio-janeiro-01.jpg,1,/atracciones/pao-de-acucar,referencia de página válida
ATRACCIONES/pan de azucar/praia vermelha.jpg,1,/atracciones/pao-de-acucar,referencia de página válida
ATRACCIONES/pan de azucar/historia-bondinho-pao-acucar-rio-janeiro-02.jpg,1,/atracciones/pao-de-acucar,referencia de página válida
ATRACCIONES/pan de azucar/7e6ac4fb-44a3-47d0-8800-9283ca6b0c26.jpg,1,/atracciones/pao-de-acucar,referencia de página válida
ATRACCIONES/pan de azucar/d7458220-8247-4240-8061-ef2f39764e83.jpg,1,/atracciones/pao-de-acucar,referencia de página válida
ATRACCIONES/pan de azucar/146.jpg,1,/atracciones/pao-de-acucar,referencia de página válida
ATRACCIONES/pan de azucar/precio-entrada-teleferico-del-pan-de-azucar.jpg,1,/atracciones/pao-de-acucar,referencia de página válida
ATRACCIONES/selaron/escadaria selaron rio de janeiro.jpg,1,/atracciones/selaron,referencia de página válida
ATRACCIONES/selaron/JORGE-SELARON-2-1024x687.jpg,1,/atracciones/selaron,referencia de página válida
ATRACCIONES/selaron/WhatsApp Image 2023-01-26 at 11.24.18.jpeg,1,/atracciones/selaron,referencia de página válida
ATRACCIONES/selaron/selaron 111.jpg,1,/atracciones/selaron,referencia de página válida
ATRACCIONES/selaron/selaron 114.jpg,1,/atracciones/selaron,referencia de página válida
ATRACCIONES/selaron/s.jpg,1,/atracciones/selaron,referencia de página válida
ATRACCIONES/selaron/sao bento/IMG-20230814-WA0014(1).jpg,1,/atracciones/selaron,referencia de página válida
ATRACCIONES/selaron/sao bento/WhatsApp Image 2023-01-25 at 21.56.10 (1).jpeg,1,/atracciones/selaron,referencia de página válida
ATRACCIONES/selaron/sao bento/WhatsApp Image 2023-01-25 at 21.56.10.jpg,1,/atracciones/selaron,referencia de página válida
ATRACCIONES/selaron/sao bento/WhatsApp Image 2023-01-25 at 21.56.10 (2).jpeg,1,/atracciones/selaron,referencia de página válida
ATRACCIONES/selaron/received_877787720498651(5).jpeg,1,/atracciones/selaron,referencia de página válida
ATRACCIONES/selaron/selaron 113.jpg,1,/atracciones/selaron,referencia de página válida
ATRACCIONES/selaron/selaron-EFE.jpg,1,/atracciones/selaron,referencia de página válida
ATRACCIONES/selaron/selaron 112.jpg,1,/atracciones/selaron,referencia de página válida
ATRACCIONES/selaron/FB_IMG_1722191285731.jpg,1,/atracciones/selaron,referencia de página válida
ATRACCIONES/selaron/Selaron-2.jpg,1,/atracciones/selaron,referencia de página válida
ATRACCIONES/parque tijuca/IMG_20230319_111339906(1).jpg,1,/barrios/tijuca,referencia de página válida
ATRACCIONES/parque tijuca/IMG_20230319_110218800_HDR(1).jpg,1,/barrios/tijuca,referencia de página válida
ATRACCIONES/parque tijuca/IMG_20230319_111031504_PORTRAIT(1).jpg,1,/barrios/tijuca,referencia de página válida
ATRACCIONES/parque tijuca/IMG_20230319_111353308(1).jpg,1,/barrios/tijuca,referencia de página válida
ATRACCIONES/parque tijuca/IMG_20230319_140346207(1).jpg,1,/barrios/tijuca,referencia de página válida
ATRACCIONES/parque tijuca/IMG_20230319_110202106_HDR.jpg,1,/barrios/tijuca,referencia de página válida
ATRACCIONES/parque tijuca/cascada.jpg,1,/barrios/tijuca,referencia de página válida
PORTADA FOTOGRAFIAS.png,2,/; /fotografia,referencia de página válida
vida nocturna/quartinho bar botafogo/quintinho bar vn (4).jpg,1,/vida-nocturna/quartinho,referencia de página válida
vida nocturna/quartinho bar botafogo/quintinho bar vn (5).jpg,1,/vida-nocturna/quartinho,referencia de página válida
vida nocturna/quartinho bar botafogo/quintinho bar vn (3).jpg,1,/vida-nocturna/quartinho,referencia de página válida
vida nocturna/quartinho bar botafogo/quintinho bar vn (6).jpg,1,/vida-nocturna/quartinho,referencia de página válida
vida nocturna/quartinho bar botafogo/quintinho bar vn (1).jpg,1,/vida-nocturna/quartinho,referencia de página válida
vida nocturna/quartinho bar botafogo/quintinho bar vn (2).jpg,1,/vida-nocturna/quartinho,referencia de página válida
vida nocturna/nosso/bar nosso vn (3).jpg,1,/vida-nocturna/nosso,referencia de página válida
vida nocturna/nosso/bar nosso vn (2).jpg,1,/vida-nocturna/nosso,referencia de página válida
vida nocturna/nosso/bar nosso vn (1).jpg,1,/vida-nocturna/nosso,referencia de página válida
vida nocturna/nosso/bar nosso vn (4).jpg,1,/vida-nocturna/nosso,referencia de página válida
vida nocturna/nosso/bar nosso vn (5).jpg,1,/vida-nocturna/nosso,referencia de página válida
vida nocturna/nosso/bar nosso vn (6).jpg,1,/vida-nocturna/nosso,referencia de página válida
vida nocturna/fundicao progresso/fundicao progresso  (5).jpg,1,/vida-nocturna/fundicao-progresso,referencia de página válida
vida nocturna/fundicao progresso/fundicao progresso  (3).jpg,1,/vida-nocturna/fundicao-progresso,referencia de página válida
vida nocturna/fundicao progresso/fundicao progresso  (6).jpg,1,/vida-nocturna/fundicao-progresso,referencia de página válida
vida nocturna/fundicao progresso/fundicao progresso  (2).jpg,1,/vida-nocturna/fundicao-progresso,referencia de página válida
vida nocturna/fundicao progresso/fundicao progresso  (1).jpg,1,/vida-nocturna/fundicao-progresso,referencia de página válida
vida nocturna/fundicao progresso/fundicao progresso  (4).jpg,1,/vida-nocturna/fundicao-progresso,referencia de página válida
vida nocturna/Bar de Fogo de Chão/Bar de Fogo de Chão bota (3).jpg,1,/vida-nocturna/fogo-de-chao-botafogo,referencia de página válida
vida nocturna/Bar de Fogo de Chão/Bar de Fogo de Chão bota (4).jpg,1,/vida-nocturna/fogo-de-chao-botafogo,referencia de página válida
vida nocturna/Bar de Fogo de Chão/Bar de Fogo de Chão bota (1).jpg,1,/vida-nocturna/fogo-de-chao-botafogo,referencia de página válida
vida nocturna/Bar de Fogo de Chão/Bar de Fogo de Chão bota (2).jpg,1,/vida-nocturna/fogo-de-chao-botafogo,referencia de página válida
vida nocturna/Bar de Fogo de Chão/Bar de Fogo de Chão bota (5).jpg,1,/vida-nocturna/fogo-de-chao-botafogo,referencia de página válida
vida nocturna/Quadra do Salgueiro/salgueiro (5).jpg,1,/vida-nocturna/quadra-salgueiro,referencia de página válida
vida nocturna/Quadra do Salgueiro/salgueiro (6).jpg,1,/vida-nocturna/quadra-salgueiro,referencia de página válida
vida nocturna/Quadra do Salgueiro/salgueiro (4).jpg,1,/vida-nocturna/quadra-salgueiro,referencia de página válida
vida nocturna/Quadra do Salgueiro/salgueiro (3).jpg,1,/vida-nocturna/quadra-salgueiro,referencia de página válida
vida nocturna/Quadra do Salgueiro/salgueiro (1).jpg,1,/vida-nocturna/quadra-salgueiro,referencia de página válida
vida nocturna/Quadra do Salgueiro/salgueiro (2).jpg,1,/vida-nocturna/quadra-salgueiro,referencia de página válida
vida nocturna/Canastra Bar/canastra ba (4).jpg,1,/vida-nocturna/canastra-bar,referencia de página válida
vida nocturna/Canastra Bar/canastra ba (3).jpg,1,/vida-nocturna/canastra-bar,referencia de página válida
vida nocturna/Canastra Bar/canastra ba (1).jpg,1,/vida-nocturna/canastra-bar,referencia de página válida
vida nocturna/Canastra Bar/canastra ba (5).jpg,1,/vida-nocturna/canastra-bar,referencia de página válida
vida nocturna/Canastra Bar/canastra ba (2).jpg,1,/vida-nocturna/canastra-bar,referencia de página válida
vida nocturna/lapa 40 graus/lapa 40 graus (3).jpg,1,/vida-nocturna/lapa-40-graus,referencia de página válida
vida nocturna/lapa 40 graus/lapa 40 graus (1).jpg,1,/vida-nocturna/lapa-40-graus,referencia de página válida
vida nocturna/lapa 40 graus/lapa 40 graus (5).jpg,1,/vida-nocturna/lapa-40-graus,referencia de página válida
vida nocturna/lapa 40 graus/lapa 40 graus (4).jpg,1,/vida-nocturna/lapa-40-graus,referencia de página válida
vida nocturna/lapa 40 graus/lapa 40 graus (2).jpg,1,/vida-nocturna/lapa-40-graus,referencia de página válida
vida nocturna/lapa 40 graus/lapa 40 graus (6).jpg,1,/vida-nocturna/lapa-40-graus,referencia de página válida
vida nocturna/coisas de bamba vn/coisas de bamba vn (2).jpg,1,/vida-nocturna/coisas-de-bamba,referencia de página válida
vida nocturna/coisas de bamba vn/coisas de bamba vn (3).jpg,1,/vida-nocturna/coisas-de-bamba,referencia de página válida
vida nocturna/coisas de bamba vn/coisas de bamba vn (1).jpg,1,/vida-nocturna/coisas-de-bamba,referencia de página válida
vida nocturna/coisas de bamba vn/coisas de bamba vn (5).jpg,1,/vida-nocturna/coisas-de-bamba,referencia de página válida
vida nocturna/coisas de bamba vn/coisas de bamba vn (4).jpg,1,/vida-nocturna/coisas-de-bamba,referencia de página válida
vida nocturna/circo voador vida n/circo voador vida n 5.jpg,1,/vida-nocturna/circo-voador,referencia de página válida
vida nocturna/circo voador vida n/circo voador vida n 3.jpg,1,/vida-nocturna/circo-voador,referencia de página válida
vida nocturna/circo voador vida n/circo voador vida n 2.jpg,1,/vida-nocturna/circo-voador,referencia de página válida
vida nocturna/circo voador vida n/circo voador vida n 1.jpg,1,/vida-nocturna/circo-voador,referencia de página válida
vida nocturna/circo voador vida n/circo voador vida n 4.jpg,1,/vida-nocturna/circo-voador,referencia de página válida
vida nocturna/leviano vida nocturna/leviano vida nocturna (6).jpg,1,/vida-nocturna/leviano-bar,referencia de página válida
vida nocturna/leviano vida nocturna/leviano vida nocturna (4).jpg,1,/vida-nocturna/leviano-bar,referencia de página válida
vida nocturna/leviano vida nocturna/leviano vida nocturna (2).jpg,1,/vida-nocturna/leviano-bar,referencia de página válida
vida nocturna/leviano vida nocturna/leviano vida nocturna (5).jpg,1,/vida-nocturna/leviano-bar,referencia de página válida
vida nocturna/leviano vida nocturna/leviano vida nocturna (3).jpg,1,/vida-nocturna/leviano-bar,referencia de página válida
vida nocturna/leviano vida nocturna/leviano vida nocturna (1).jpg,1,/vida-nocturna/leviano-bar,referencia de página válida
vida nocturna/VITRINNI LOUNGE/vitrinni longue vn (2).jpg,1,/vida-nocturna/vitrinni,referencia de página válida
vida nocturna/VITRINNI LOUNGE/vitrinni longue vn (5).jpg,1,/vida-nocturna/vitrinni,referencia de página válida
vida nocturna/VITRINNI LOUNGE/vitrinni longue vn (3).jpg,1,/vida-nocturna/vitrinni,referencia de página válida
vida nocturna/VITRINNI LOUNGE/vitrinni longue vn (6).jpg,1,/vida-nocturna/vitrinni,referencia de página válida
vida nocturna/VITRINNI LOUNGE/vitrinni longue vn (4).jpg,1,/vida-nocturna/vitrinni,referencia de página válida
vida nocturna/VITRINNI LOUNGE/vitrinni longue vn (7).jpg,1,/vida-nocturna/vitrinni,referencia de página válida
vida nocturna/VITRINNI LOUNGE/vitrinni longue vn (1).jpg,1,/vida-nocturna/vitrinni,referencia de página válida
vida nocturna/brewteco-botafogo/brewteco botafogo (1).jpg,1,/vida-nocturna/brewteco-botafogo,referencia de página válida
vida nocturna/brewteco-botafogo/brewteco botafogo (4).jpg,1,/vida-nocturna/brewteco-botafogo,referencia de página válida
vida nocturna/brewteco-botafogo/brewteco botafogo (5).jpg,1,/vida-nocturna/brewteco-botafogo,referencia de página válida
vida nocturna/brewteco-botafogo/brewteco botafogo (2).jpg,1,/vida-nocturna/brewteco-botafogo,referencia de página válida
vida nocturna/brewteco-botafogo/brewteco botafogo (3).jpg,1,/vida-nocturna/brewteco-botafogo,referencia de página válida
vida nocturna/brewteco-botafogo/brewteco botafogo (7).jpg,1,/vida-nocturna/brewteco-botafogo,referencia de página válida
vida nocturna/brewteco-botafogo/brewteco botafogo (6).jpg,1,/vida-nocturna/brewteco-botafogo,referencia de página válida
vida nocturna/Bar do Zeca Pagodinho VOGUE/bar-do-zeca-pagodinhocvogue (1).jpg,1,/vida-nocturna/zeca-vogue,referencia de página válida
vida nocturna/Bar do Zeca Pagodinho VOGUE/bar-do-zeca-pagodinhocvogue (4).jpg,1,/vida-nocturna/zeca-vogue,referencia de página válida
vida nocturna/Bar do Zeca Pagodinho VOGUE/bar-do-zeca-pagodinhocvogue (3).jpg,1,/vida-nocturna/zeca-vogue,referencia de página válida
vida nocturna/Bar do Zeca Pagodinho VOGUE/bar-do-zeca-pagodinhocvogue (2).jpg,1,/vida-nocturna/zeca-vogue,referencia de página válida
vida nocturna/Bar do Zeca Pagodinho VOGUE/bar-do-zeca-pagodinhocvogue (6).jpg,1,/vida-nocturna/zeca-vogue,referencia de página válida
vida nocturna/Bar do Zeca Pagodinho VOGUE/bar-do-zeca-pagodinhocvogue (5).jpg,1,/vida-nocturna/zeca-vogue,referencia de página válida
vida nocturna/pedra do sal/pedra do sal vida nocturna (5).jpg,1,/vida-nocturna/pedra-do-sal,referencia de página válida
vida nocturna/pedra do sal/pedra do sal vida nocturna (4).jpg,1,/vida-nocturna/pedra-do-sal,referencia de página válida
vida nocturna/pedra do sal/pedra do sal vida nocturna (1).jpg,1,/vida-nocturna/pedra-do-sal,referencia de página válida
vida nocturna/pedra do sal/pedra do sal vida nocturna (2).jpg,1,/vida-nocturna/pedra-do-sal,referencia de página válida
vida nocturna/pedra do sal/pedra do sal vida nocturna (3).jpg,1,/vida-nocturna/pedra-do-sal,referencia de página válida
vida nocturna/Bar da Cachaça/Bar da Cachaça vn (4).jpg,1,/vida-nocturna/bar-da-cachaca,referencia de página válida
vida nocturna/Bar da Cachaça/Bar da Cachaça vn (3).jpg,1,/vida-nocturna/bar-da-cachaca,referencia de página válida
vida nocturna/Bar da Cachaça/Bar da Cachaça vn (5).jpg,1,/vida-nocturna/bar-da-cachaca,referencia de página válida
vida nocturna/Bar da Cachaça/Bar da Cachaça vn (6).jpg,1,/vida-nocturna/bar-da-cachaca,referencia de página válida
vida nocturna/Bar da Cachaça/Bar da Cachaça vn (1).jpg,1,/vida-nocturna/bar-da-cachaca,referencia de página válida
vida nocturna/Bar da Cachaça/Bar da Cachaça vn (2).jpg,1,/vida-nocturna/bar-da-cachaca,referencia de página válida
vida nocturna/vaca atolada/vaca atolada vn (5).jpg,1,/vida-nocturna/vaca-atolada,referencia de página válida
vida nocturna/vaca atolada/vaca atolada vn (4).jpg,1,/vida-nocturna/vaca-atolada,referencia de página válida
vida nocturna/vaca atolada/vaca atolada vn (2).jpg,1,/vida-nocturna/vaca-atolada,referencia de página válida
vida nocturna/vaca atolada/vaca atolada vn (6).jpg,1,/vida-nocturna/vaca-atolada,referencia de página válida
vida nocturna/vaca atolada/vaca atolada vn (3).jpg,1,/vida-nocturna/vaca-atolada,referencia de página válida
vida nocturna/vaca atolada/vaca atolada vn (1).jpg,1,/vida-nocturna/vaca-atolada,referencia de página válida
vida nocturna/Yoo2 Rooftop/yoo2 vn (3).jpg,1,/vida-nocturna/yoo2,referencia de página válida
vida nocturna/Yoo2 Rooftop/yoo2 vn (2).jpg,1,/vida-nocturna/yoo2,referencia de página válida
vida nocturna/Yoo2 Rooftop/yoo2 vn (4).jpg,1,/vida-nocturna/yoo2,referencia de página válida
vida nocturna/Yoo2 Rooftop/yoo2 vn (1).jpg,1,/vida-nocturna/yoo2,referencia de página válida
vida nocturna/Yoo2 Rooftop/yoo2 vn (5).jpg,1,/vida-nocturna/yoo2,referencia de página válida
vida nocturna/macuna-bar-botafogo/macuna bar botafogo vn (1).jpg,1,/vida-nocturna/macuna,referencia de página válida
vida nocturna/macuna-bar-botafogo/macuna bar botafogo vn (3).jpg,1,/vida-nocturna/macuna,referencia de página válida
vida nocturna/macuna-bar-botafogo/macuna bar botafogo vn (1).avif,1,/vida-nocturna/macuna,referencia de página válida
vida nocturna/macuna-bar-botafogo/macuna bar botafogo vn (2).jpg,1,/vida-nocturna/macuna,referencia de página válida
vida nocturna/Moonlounge Rooftop/moonlounge marriot (2).webp,1,/vida-nocturna/moonlounge,referencia de página válida
vida nocturna/Moonlounge Rooftop/moonlounge marriot (2).jpg,1,/vida-nocturna/moonlounge,referencia de página válida
vida nocturna/Moonlounge Rooftop/moonlounge marriot (1).jpg,1,/vida-nocturna/moonlounge,referencia de página válida
vida nocturna/Moonlounge Rooftop/moonlounge marriot (1).webp,1,/vida-nocturna/moonlounge,referencia de página válida
vida nocturna/Moonlounge Rooftop/moonlounge marriot (3).webp,1,/vida-nocturna/moonlounge,referencia de página válida
vida nocturna/MERCI/merci (3).jpg,1,/gastronomia/merci,referencia de página válida
vida nocturna/MERCI/merci (2).jpg,1,/gastronomia/merci,referencia de página válida
vida nocturna/MERCI/merci (1).jpg,1,/gastronomia/merci,referencia de página válida
vida nocturna/Armazém Senado/armazen do senado vn (5).jpg,1,/vida-nocturna/armazem-do-senado,referencia de página válida
vida nocturna/Armazém Senado/armazen do senado vn (1).jpg,1,/vida-nocturna/armazem-do-senado,referencia de página válida
vida nocturna/Armazém Senado/armazen do senado vn (4).jpg,1,/vida-nocturna/armazem-do-senado,referencia de página válida
vida nocturna/Armazém Senado/armazen do senado vn (7).jpg,1,/vida-nocturna/armazem-do-senado,referencia de página válida
vida nocturna/Armazém Senado/armazen do senado vn (3).jpg,1,/vida-nocturna/armazem-do-senado,referencia de página válida
vida nocturna/Armazém Senado/armazen do senado vn (6).jpg,1,/vida-nocturna/armazem-do-senado,referencia de página válida
vida nocturna/Armazém Senado/armazen do senado vn (2).jpg,1,/vida-nocturna/armazem-do-senado,referencia de página válida
vida nocturna/cacique ramos/cacique ramos vn (5).jpg,1,/vida-nocturna/cacique-de-ramos,referencia de página válida
vida nocturna/cacique ramos/cacique ramos vn (3).jpg,1,/vida-nocturna/cacique-de-ramos,referencia de página válida
vida nocturna/cacique ramos/cacique ramos vn (1).jpg,1,/vida-nocturna/cacique-de-ramos,referencia de página válida
vida nocturna/cacique ramos/cacique ramos vn (2).jpg,1,/vida-nocturna/cacique-de-ramos,referencia de página válida
vida nocturna/cacique ramos/cacique ramos vn (7).jpg,1,/vida-nocturna/cacique-de-ramos,referencia de página válida
vida nocturna/cacique ramos/cacique ramos vn (8).jpg,1,/vida-nocturna/cacique-de-ramos,referencia de página válida
vida nocturna/cacique ramos/cacique ramos vn (4).jpg,1,/vida-nocturna/cacique-de-ramos,referencia de página válida
vida nocturna/cacique ramos/cacique ramos vn (6).jpg,1,/vida-nocturna/cacique-de-ramos,referencia de página válida
vida nocturna/carioca da gema/carioca da gema vida nocturna (6).jpg,1,/vida-nocturna/carioca-da-gema,referencia de página válida
vida nocturna/carioca da gema/carioca da gema vida nocturna (5).jpg,1,/vida-nocturna/carioca-da-gema,referencia de página válida
vida nocturna/carioca da gema/carioca da gema vida nocturna (7).jpg,1,/vida-nocturna/carioca-da-gema,referencia de página válida
vida nocturna/carioca da gema/carioca da gema vida nocturna (2).jpg,1,/vida-nocturna/carioca-da-gema,referencia de página válida
vida nocturna/carioca da gema/carioca da gema vida nocturna (4).jpg,1,/vida-nocturna/carioca-da-gema,referencia de página válida
vida nocturna/carioca da gema/carioca da gema vida nocturna (1).jpg,1,/vida-nocturna/carioca-da-gema,referencia de página válida
vida nocturna/carioca da gema/carioca da gema vida nocturna (3).jpg,1,/vida-nocturna/carioca-da-gema,referencia de página válida
vida nocturna/pizzeria canastra/pizzaria canastra ipanema (1).jpg,1,/vida-nocturna/pizzaria-canastra,referencia de página válida
vida nocturna/pizzeria canastra/pizzaria canastra ipanema (2).jpg,1,/vida-nocturna/pizzaria-canastra,referencia de página válida
vida nocturna/pizzeria canastra/pizzaria canastra ipanema (6).jpg,1,/vida-nocturna/pizzaria-canastra,referencia de página válida
vida nocturna/pizzeria canastra/pizzaria canastra ipanema (5).jpg,2,/vida-nocturna/pizzaria-canastra; /vida-nocturna,referencia de página válida
vida nocturna/pizzeria canastra/pizzaria canastra ipanema (4).jpg,1,/vida-nocturna/pizzaria-canastra,referencia de página válida
vida nocturna/pizzeria canastra/pizzaria canastra ipanema (7).jpg,1,/vida-nocturna/pizzaria-canastra,referencia de página válida
vida nocturna/pizzeria canastra/pizzaria canastra ipanema (3).jpg,1,/vida-nocturna/pizzaria-canastra,referencia de página válida
vida nocturna/portela/portela vn (3).jpg,1,/vida-nocturna/portela,referencia de página válida
vida nocturna/portela/portela vn (4).jpg,1,/vida-nocturna/portela,referencia de página válida
vida nocturna/portela/portela vn (5).jpg,1,/vida-nocturna/portela,referencia de página válida
vida nocturna/portela/portela vn (9).jpg,1,/vida-nocturna/portela,referencia de página válida
vida nocturna/portela/portela vn (2).jpg,1,/vida-nocturna/portela,referencia de página válida
vida nocturna/portela/portela vn (6).jpg,1,/vida-nocturna/portela,referencia de página válida
vida nocturna/portela/portela vn (1).jpg,1,/vida-nocturna/portela,referencia de página válida
vida nocturna/portela/portela vn (8).jpg,1,/vida-nocturna/portela,referencia de página válida
vida nocturna/portela/portela vn (7).jpg,1,/vida-nocturna/portela,referencia de página válida
vida nocturna/Bosque Bar/bosque bar vn (2).jpg,1,/vida-nocturna/bosque-bar,referencia de página válida
vida nocturna/Bosque Bar/bosque bar vn (6).jpg,1,/vida-nocturna/bosque-bar,referencia de página válida
vida nocturna/Bosque Bar/bosque bar vn (3).jpg,1,/vida-nocturna/bosque-bar,referencia de página válida
vida nocturna/Bosque Bar/bosque bar vn (1).jpg,1,/vida-nocturna/bosque-bar,referencia de página válida
vida nocturna/Bosque Bar/bosque bar vn (4).jpg,1,/vida-nocturna/bosque-bar,referencia de página válida
vida nocturna/Bosque Bar/bosque bar vn (5).jpg,1,/vida-nocturna/bosque-bar,referencia de página válida
vida nocturna/Boa Praça ipanema/boa praca ipa (4).jpg,1,/vida-nocturna/boa-praca-ipanema,referencia de página válida
vida nocturna/Boa Praça ipanema/boa praca ipa (1).png,1,/vida-nocturna/boa-praca-ipanema,referencia de página válida
vida nocturna/Boa Praça ipanema/boa praca ipa (3).jpg,1,/vida-nocturna/boa-praca-ipanema,referencia de página válida
vida nocturna/Boa Praça ipanema/boa praca ipa (5).jpg,1,/vida-nocturna/boa-praca-ipanema,referencia de página válida
vida nocturna/Boa Praça ipanema/boa praca ipa (1).jpg,1,/vida-nocturna/boa-praca-ipanema,referencia de página válida
vida nocturna/Boa Praça ipanema/boa praca ipa (2).jpg,1,/vida-nocturna/boa-praca-ipanema,referencia de página válida
vida nocturna/feira-de-sao-cristovao/feria sao cristovao vn (5).jpg,1,/vida-nocturna/feira-sao-cristovao-noite,referencia de página válida
vida nocturna/feira-de-sao-cristovao/feria sao cristovao vn (2).jpg,1,/vida-nocturna/feira-sao-cristovao-noite,referencia de página válida
vida nocturna/feira-de-sao-cristovao/feria sao cristovao vn (7).jpg,1,/vida-nocturna/feira-sao-cristovao-noite,referencia de página válida
vida nocturna/feira-de-sao-cristovao/feria sao cristovao vn (4).jpg,1,/vida-nocturna/feira-sao-cristovao-noite,referencia de página válida
vida nocturna/feira-de-sao-cristovao/feria sao cristovao vn (6).jpg,1,/vida-nocturna/feira-sao-cristovao-noite,referencia de página válida
vida nocturna/feira-de-sao-cristovao/feria sao cristovao vn (1).png,1,/vida-nocturna/feira-sao-cristovao-noite,referencia de página válida
vida nocturna/feira-de-sao-cristovao/feria sao cristovao vn (1).jpg,1,/vida-nocturna/feira-sao-cristovao-noite,referencia de página válida
vida nocturna/feira-de-sao-cristovao/feria sao cristovao vn (3).jpg,1,/vida-nocturna/feira-sao-cristovao-noite,referencia de página válida
vida nocturna/trapiche gamboa vida nocturna/trapiche gamboa vida nocturna  (3).jpg,1,/vida-nocturna/trapiche-gamboa,referencia de página válida
vida nocturna/trapiche gamboa vida nocturna/trapiche gamboa vida nocturna  (6).jpg,1,/vida-nocturna/trapiche-gamboa,referencia de página válida
vida nocturna/trapiche gamboa vida nocturna/trapiche gamboa vida nocturna  (1).jpg,1,/vida-nocturna/trapiche-gamboa,referencia de página válida
vida nocturna/trapiche gamboa vida nocturna/trapiche gamboa vida nocturna  (4).jpg,1,/vida-nocturna/trapiche-gamboa,referencia de página válida
vida nocturna/trapiche gamboa vida nocturna/trapiche gamboa vida nocturna  (5).jpg,1,/vida-nocturna/trapiche-gamboa,referencia de página válida
vida nocturna/trapiche gamboa vida nocturna/trapiche gamboa vida nocturna  (2).jpg,1,/vida-nocturna/trapiche-gamboa,referencia de página válida
vida nocturna/Botafogo Comuna/bar comuna botafogo (2).jpg,1,/vida-nocturna/comuna,referencia de página válida
vida nocturna/Botafogo Comuna/bar comuna botafogo (7).jpg,1,/vida-nocturna/comuna,referencia de página válida
vida nocturna/Botafogo Comuna/bar comuna botafogo (5).jpg,1,/vida-nocturna/comuna,referencia de página válida
vida nocturna/Botafogo Comuna/bar comuna botafogo (6).jpg,1,/vida-nocturna/comuna,referencia de página válida
vida nocturna/Botafogo Comuna/bar comuna botafogo (4).jpg,1,/vida-nocturna/comuna,referencia de página válida
vida nocturna/Botafogo Comuna/bar comuna botafogo (1).jpg,1,/vida-nocturna/comuna,referencia de página válida
vida nocturna/Botafogo Comuna/bar comuna botafogo (3).jpg,1,/vida-nocturna/comuna,referencia de página válida
vida nocturna/Galeria Café/galeria cafe vn (4).jpg,1,/vida-nocturna/galeria-cafe,referencia de página válida
vida nocturna/Galeria Café/galeria cafe vn (1).jpg,1,/vida-nocturna/galeria-cafe,referencia de página válida
vida nocturna/Galeria Café/galeria cafe vn (2).jpg,1,/vida-nocturna/galeria-cafe,referencia de página válida
vida nocturna/Galeria Café/galeria cafe vn (5).jpg,1,/vida-nocturna/galeria-cafe,referencia de página válida
vida nocturna/Galeria Café/galeria cafe vn (3).jpg,1,/vida-nocturna/galeria-cafe,referencia de página válida
vida nocturna/bafo da prainha/bafo da prainha vida nocturna (2).jpg,1,/vida-nocturna/bafo-da-prainha,referencia de página válida
vida nocturna/bafo da prainha/bafo da prainha vida nocturna (5).jpg,1,/vida-nocturna/bafo-da-prainha,referencia de página válida
vida nocturna/bafo da prainha/bafo da prainha vida nocturna (4).jpg,1,/vida-nocturna/bafo-da-prainha,referencia de página válida
vida nocturna/bafo da prainha/bafo da prainha vida nocturna (3).jpg,1,/vida-nocturna/bafo-da-prainha,referencia de página válida
vida nocturna/bafo da prainha/bafo da prainha vida nocturna (1).jpg,1,/vida-nocturna/bafo-da-prainha,referencia de página válida
vida nocturna/Bip Bip/bip bip vn (4).jpg,1,/vida-nocturna/bip-bip,referencia de página válida
vida nocturna/Bip Bip/bip bip vn (1).jpg,1,/vida-nocturna/bip-bip,referencia de página válida
vida nocturna/Bip Bip/bip bip vn (3).jpg,1,/vida-nocturna/bip-bip,referencia de página válida
vida nocturna/Bip Bip/bip bip vn (5).jpg,1,/vida-nocturna/bip-bip,referencia de página válida
vida nocturna/Bip Bip/bip bip vn (7).jpg,1,/vida-nocturna/bip-bip,referencia de página válida
vida nocturna/Bip Bip/bip bip vn (2).jpg,1,/vida-nocturna/bip-bip,referencia de página válida
vida nocturna/Bip Bip/bip bip vn (6).jpg,1,/vida-nocturna/bip-bip,referencia de página válida
vida nocturna/rio escenarium/rio scenarium vida nocturna  (7).jpg,1,/vida-nocturna/rio-scenarium,referencia de página válida
vida nocturna/rio escenarium/rio scenarium vida nocturna  (3).jpg,1,/vida-nocturna/rio-scenarium,referencia de página válida
vida nocturna/rio escenarium/rio scenarium vida nocturna  (2).jpg,1,/vida-nocturna/rio-scenarium,referencia de página válida
vida nocturna/rio escenarium/rio scenarium vida nocturna  (1).jpg,1,/vida-nocturna/rio-scenarium,referencia de página válida
vida nocturna/rio escenarium/rio scenarium vida nocturna  (5).jpg,1,/vida-nocturna/rio-scenarium,referencia de página válida
vida nocturna/rio escenarium/rio scenarium vida nocturna  (6).jpg,1,/vida-nocturna/rio-scenarium,referencia de página válida
vida nocturna/rio escenarium/rio scenarium vida nocturna  (4).jpg,1,/vida-nocturna/rio-scenarium,referencia de página válida
vida nocturna/bar do omar/bar do omar vn (1).jpg,1,/vida-nocturna/bar-do-omar,referencia de página válida
vida nocturna/bar do omar/bar do omar vn (2).jpg,1,/vida-nocturna/bar-do-omar,referencia de página válida
vida nocturna/bar do omar/bar do omar vn (5).jpg,1,/vida-nocturna/bar-do-omar,referencia de página válida
vida nocturna/bar do omar/bar do omar vn (3).jpg,1,/vida-nocturna/bar-do-omar,referencia de página válida
vida nocturna/bar do omar/bar do omar vn (4).jpg,1,/vida-nocturna/bar-do-omar,referencia de página válida
vida nocturna/bar do omar/bar do omar vn (6).jpg,1,/vida-nocturna/bar-do-omar,referencia de página válida
vida nocturna/isabel lounge/isabel lounge vn (1).jpg,1,/vida-nocturna/isabel-lounge,referencia de página válida
vida nocturna/isabel lounge/isabel lounge vn (4).jpg,1,/vida-nocturna/isabel-lounge,referencia de página válida
vida nocturna/isabel lounge/isabel lounge vn (6).jpg,1,/vida-nocturna/isabel-lounge,referencia de página válida
vida nocturna/isabel lounge/isabel lounge vn (5).jpg,1,/vida-nocturna/isabel-lounge,referencia de página válida
vida nocturna/isabel lounge/isabel lounge vn (3).jpg,1,/vida-nocturna/isabel-lounge,referencia de página válida
vida nocturna/isabel lounge/isabel lounge vn (2).jpg,1,/vida-nocturna/isabel-lounge,referencia de página válida
vida nocturna/Boa Praça leblon/boa praca leblon (1).jpeg,2,/vida-nocturna; /vida-nocturna/boa-praca-leblon,referencia de página válida
vida nocturna/Boa Praça leblon/boa praca leblon (3).jpg,1,/vida-nocturna/boa-praca-leblon,referencia de página válida
vida nocturna/Boa Praça leblon/boa praca leblon (1).jpg,1,/vida-nocturna/boa-praca-leblon,referencia de página válida
vida nocturna/Boa Praça leblon/boa praca leblon (2).jpg,1,/vida-nocturna/boa-praca-leblon,referencia de página válida
vida nocturna/xepa/xepa vn (6).jpg,1,/vida-nocturna/xepa,referencia de página válida
vida nocturna/xepa/xepa vn (4).jpg,1,/vida-nocturna/xepa,referencia de página válida
vida nocturna/xepa/xepa vn (5).jpg,1,/vida-nocturna/xepa,referencia de página válida
vida nocturna/xepa/xepa vn (3).jpg,1,/vida-nocturna/xepa,referencia de página válida
vida nocturna/xepa/xepa vn (1).jpg,1,/vida-nocturna/xepa,referencia de página válida
vida nocturna/xepa/xepa vn (2).jpg,1,/vida-nocturna/xepa,referencia de página válida
vida nocturna/beco do rato/Beco do rato  vn  (4).jpg,1,/vida-nocturna/beco-do-rato,referencia de página válida
vida nocturna/beco do rato/Beco do rato  vn  (7).jpg,1,/vida-nocturna/beco-do-rato,referencia de página válida
vida nocturna/beco do rato/Beco do rato  vn  (9).jpg,1,/vida-nocturna/beco-do-rato,referencia de página válida
vida nocturna/beco do rato/Beco do rato  vn  (2).jpg,1,/vida-nocturna/beco-do-rato,referencia de página válida
vida nocturna/beco do rato/Beco do rato  vn  (10).jpg,1,/vida-nocturna/beco-do-rato,referencia de página válida
vida nocturna/beco do rato/Beco do rato  vn  (3).jpg,1,/vida-nocturna/beco-do-rato,referencia de página válida
vida nocturna/beco do rato/Beco do rato  vn  (1).jpeg,1,/vida-nocturna/beco-do-rato,referencia de página válida
vida nocturna/beco do rato/Beco do rato  vn  (6).jpg,1,/vida-nocturna/beco-do-rato,referencia de página válida
vida nocturna/beco do rato/Beco do rato  vn  (5).jpg,1,/vida-nocturna/beco-do-rato,referencia de página válida
vida nocturna/beco do rato/Beco do rato  vn  (8).jpg,1,/vida-nocturna/beco-do-rato,referencia de página válida
vida nocturna/beco do rato/Beco do rato  vn  (1).jpg,1,/vida-nocturna/beco-do-rato,referencia de página válida
vida nocturna/Renascença Clube/renacenca clube vn (2).jpg,1,/vida-nocturna/renascenca-clube,referencia de página válida
vida nocturna/Renascença Clube/renacenca clube vn (1).jpg,1,/vida-nocturna/renascenca-clube,referencia de página válida
vida nocturna/Renascença Clube/renacenca clube vn (5).jpg,1,/vida-nocturna/renascenca-clube,referencia de página válida
vida nocturna/Renascença Clube/renacenca clube vn (4).jpg,1,/vida-nocturna/renascenca-clube,referencia de página válida
vida nocturna/Renascença Clube/renacenca clube vn (3).jpg,1,/vida-nocturna/renascenca-clube,referencia de página válida
vida nocturna/secadura154/secadura154 vnvidas  (2).jpg,1,/vida-nocturna/sacadura-154,referencia de página válida
vida nocturna/secadura154/secadura154 vnvidas  (5).jpg,1,/vida-nocturna/sacadura-154,referencia de página válida
vida nocturna/secadura154/secadura154 vnvidas  (1).jpg,1,/vida-nocturna/sacadura-154,referencia de página válida
vida nocturna/secadura154/secadura154 vnvidas  (4).jpg,1,/vida-nocturna/sacadura-154,referencia de página válida
vida nocturna/secadura154/secadura154 vnvidas  (6).jpg,1,/vida-nocturna/sacadura-154,referencia de página válida
vida nocturna/secadura154/secadura154 vnvidas  (3).jpg,1,/vida-nocturna/sacadura-154,referencia de página válida
vida nocturna/All In/all in barra da tijuca.jpg,1,/vida-nocturna/all-in,referencia de página válida
vida nocturna/All In/all in (1).jpg,1,/vida-nocturna/all-in,referencia de página válida
vida nocturna/All In/all in (6).jpg,1,/vida-nocturna/all-in,referencia de página válida
vida nocturna/All In/all in (4).jpg,1,/vida-nocturna/all-in,referencia de página válida
vida nocturna/All In/all in (2).jpg,1,/vida-nocturna/all-in,referencia de página válida
vida nocturna/All In/all in (3).jpg,1,/vida-nocturna/all-in,referencia de página válida
vida nocturna/All In/all in (5).jpg,1,/vida-nocturna/all-in,referencia de página válida
vida nocturna/coordenadas bar/coordenadas bar vn (6).jpg,1,/vida-nocturna/coordenadas-bar,referencia de página válida
vida nocturna/coordenadas bar/coordenadas bar vn (1).jpg,1,/vida-nocturna/coordenadas-bar,referencia de página válida
vida nocturna/coordenadas bar/coordenadas bar vn (5).jpg,1,/vida-nocturna/coordenadas-bar,referencia de página válida
vida nocturna/coordenadas bar/coordenadas bar vn (3).jpg,1,/vida-nocturna/coordenadas-bar,referencia de página válida
vida nocturna/coordenadas bar/coordenadas bar vn (2).jpg,1,/vida-nocturna/coordenadas-bar,referencia de página válida
vida nocturna/coordenadas bar/coordenadas bar vn (4).jpg,1,/vida-nocturna/coordenadas-bar,referencia de página válida
vida nocturna/Blue Note Rio/blue noite vn (3).jpg,1,/vida-nocturna/blue-note-rio,referencia de página válida
vida nocturna/Blue Note Rio/blue noite vn (1).jpg,1,/vida-nocturna/blue-note-rio,referencia de página válida
vida nocturna/Blue Note Rio/blue noite vn (4).jpg,1,/vida-nocturna/blue-note-rio,referencia de página válida
vida nocturna/Blue Note Rio/blue noite vn (5).jpg,1,/vida-nocturna/blue-note-rio,referencia de página válida
vida nocturna/Blue Note Rio/blue noite vn (2).jpg,1,/vida-nocturna/blue-note-rio,referencia de página válida
vida nocturna/Blue Note Rio/blue noite vn (6).jpg,1,/vida-nocturna/blue-note-rio,referencia de página válida
vida nocturna/Quadra da Mangueira/mangueria vn (1).jpg,1,/vida-nocturna/quadra-mangueira,referencia de página válida
vida nocturna/Quadra da Mangueira/mangueria vn (3).jpg,1,/vida-nocturna/quadra-mangueira,referencia de página válida
vida nocturna/Quadra da Mangueira/mangueria vn (5).jpg,1,/vida-nocturna/quadra-mangueira,referencia de página válida
vida nocturna/Quadra da Mangueira/mangueria vn (6).jpg,1,/vida-nocturna/quadra-mangueira,referencia de página válida
vida nocturna/Quadra da Mangueira/mangueria vn (2).jpg,1,/vida-nocturna/quadra-mangueira,referencia de página válida
vida nocturna/Quadra da Mangueira/mangueria vn (4).jpg,1,/vida-nocturna/quadra-mangueira,referencia de página válida
vida nocturna/Beco das Garrafas/beco-das-garrafas vn (3).jpg,1,/vida-nocturna/beco-das-garrafas,referencia de página válida
vida nocturna/Beco das Garrafas/beco-das-garrafas vn (5).jpg,1,/vida-nocturna/beco-das-garrafas,referencia de página válida
vida nocturna/Beco das Garrafas/beco-das-garrafas vn (2).jpg,1,/vida-nocturna/beco-das-garrafas,referencia de página válida
vida nocturna/Beco das Garrafas/beco-das-garrafas vn (4).jpg,1,/vida-nocturna/beco-das-garrafas,referencia de página válida
vida nocturna/Beco das Garrafas/beco-das-garrafas vn (6).jpg,1,/vida-nocturna/beco-das-garrafas,referencia de página válida
vida nocturna/Beco das Garrafas/beco-das-garrafas vn (1).jpg,1,/vida-nocturna/beco-das-garrafas,referencia de página válida
vida nocturna/Bar Bukowski/bar-bukowski (4).jpg,1,/vida-nocturna/bar-bukowski,referencia de página válida
vida nocturna/Bar Bukowski/bar-bukowski (1).jpg,1,/vida-nocturna/bar-bukowski,referencia de página válida
vida nocturna/Bar Bukowski/bar-bukowski (5).jpg,1,/vida-nocturna/bar-bukowski,referencia de página válida
vida nocturna/Bar Bukowski/bar-bukowski (3).jpg,1,/vida-nocturna/bar-bukowski,referencia de página válida
vida nocturna/Bar Bukowski/bar-bukowski (2).jpg,1,/vida-nocturna/bar-bukowski,referencia de página válida
vida nocturna/Bar Bukowski/bar-bukowski (6).jpg,1,/vida-nocturna/bar-bukowski,referencia de página válida
vida nocturna/ocya ilha primeira vn/ocya ilha primeira vn (5).jpg,1,/vida-nocturna/ocya-ilha-primeira,referencia de página válida
vida nocturna/ocya ilha primeira vn/ocya ilha primeira vn (2).jpg,1,/vida-nocturna/ocya-ilha-primeira,referencia de página válida
vida nocturna/ocya ilha primeira vn/ocya ilha primeira vn (3).jpg,1,/vida-nocturna/ocya-ilha-primeira,referencia de página válida
vida nocturna/ocya ilha primeira vn/ocya ilha primeira vn (4).jpg,1,/vida-nocturna/ocya-ilha-primeira,referencia de página válida
vida nocturna/ocya ilha primeira vn/ocya ilha primeira vn (1).jpg,1,/vida-nocturna/ocya-ilha-primeira,referencia de página válida
vida nocturna/Pink Flamingo/pink flamingo vn (2).jpg,1,/vida-nocturna/pink-flamingo,referencia de página válida
vida nocturna/Pink Flamingo/pink flamingo vn (3).jpg,1,/vida-nocturna/pink-flamingo,referencia de página válida
vida nocturna/Pink Flamingo/pink flamingo vn (5).jpg,1,/vida-nocturna/pink-flamingo,referencia de página válida
vida nocturna/Pink Flamingo/pink flamingo vn (4).jpg,1,/vida-nocturna/pink-flamingo,referencia de página válida
vida nocturna/Pink Flamingo/pink flamingo vn (1).jpg,1,/vida-nocturna/pink-flamingo,referencia de página válida
MINIATURA PARA DESCRUBRE BUZIOS.jpg,1,/,referencia de página válida
transportes/VLT/vlt_Rio.jpg,1,/transportes/vlt,referencia de página válida
transportes/VLT/mapa-vlt.jpg,1,/transportes/vlt,referencia de página válida
transportes/VLT/VLT.jpg,1,/transportes/vlt,referencia de página válida
transportes/METRO/metro PORTADA.jpg,2,/transportes; /transportes/metro,referencia de página válida
transportes/METRO/METRORIO MAPA2.jpg,1,/transportes/metro,referencia de página válida
transportes/METRO/DIAGRAMA METRO.jpg,1,/transportes/metro,referencia de página válida
transportes/METRO/METRORIO LINHA 2 VERDE.png,1,/transportes/metro,referencia de página válida
transportes/METRO/LINHA 1 METRO RIO.jpg,1,/transportes/metro,referencia de página válida
transportes/METRO/LINHA 2  METRO RIO.jpg,1,/transportes/metro,referencia de página válida
transportes/METRO/LINHA 4  METRO RIO.jpg,1,/transportes/metro,referencia de página válida
transportes/METRO/METRORIO MAPA.jpg,1,/transportes/metro,referencia de página válida
transportes/TRANSPORTE PRIVADO/trasnporte privado.jpg,1,/transportes/transporte-privado,referencia de página válida
transportes/bondin.jpg,1,/transportes/bonde-santa-teresa,referencia de página válida
transportes/TRANSPORTES MINIATURA ALQUILER VEHICULO.jpg,2,/transportes; /transportes/alquiler-vehiculo,referencia de página válida
transportes/ALQUILER AUTO/banner rent cars.png,0,,pendiente: diferencia de mayúsculas/minúsculas
transportes/ALQUILER AUTO/alquiler-de-coches.jpg,1,/transportes/alquiler-vehiculo,referencia de página válida
transportes/BRT/MAPA BRT.jpg,1,/transportes/brt,referencia de página válida
transportes/BRT/Rio_de_Janeiro4_BRT_system_smart_cities_Optibus_PR_rt.jpg,1,/transportes/brt,referencia de página válida
transportes/BRT/onibus-brt-rio-de-janeiro.jpg,1,/transportes/brt,referencia de página válida
transportes/BRT/brt-amarelo.png,1,/transportes/brt,referencia de página válida
transportes/TRANSPORTES MINIATURA brt.jpg,2,/transportes; /transportes/brt,referencia de página válida
transportes/TRANSPORTES miniatura uber.jpg,2,/transportes; /transportes/uber,referencia de página válida
transportes/TRANSPORTES miniatura itau.jpg,2,/transportes; /transportes/bicicletas,referencia de página válida
transportes/TRANSPORTES MINIATURA SDU.jpg,2,/guia/aeropuertos; /transportes,referencia de página válida
transportes/TRANSPORTES MINIATURAaeroporto galeao.jpg,2,/guia/aeropuertos; /transportes,referencia de página válida
transportes/BIKE ITAU/foto aplicativo bike itau.jpg,1,/transportes/bicicletas,referencia de página válida
transportes/BIKE ITAU/bike itau transporte (3).jpg,1,/transportes/bicicletas,referencia de página válida
transportes/BIKE ITAU/bike itau transporte (2).jpg,1,/transportes/bicicletas,referencia de página válida
transportes/BIKE ITAU/mapa ciclovias.jpg,1,/transportes/bicicletas,referencia de página válida
transportes/BIKE ITAU/bike itau transporte (5).jpg,1,/transportes/bicicletas,referencia de página válida
transportes/BIKE ITAU/bike itau transporte (4).jpg,1,/transportes/bicicletas,referencia de página válida
transportes/BIKE ITAU/bike itau transporte (1).jpg,1,/transportes/bicicletas,referencia de página válida
transportes/TRANSPORTE MINIATURA BARCA.jpg,2,/transportes; /transportes/barcas,referencia de página válida
transportes/TRANSPORTES miniatura VLT CARIOCA.jpg,2,/transportes; /transportes/vlt,referencia de página válida
transportes/supervia.jpg,2,/transportes; /transportes/trenes,referencia de página válida
transportes/UBER/uber transporte 2.jpg,1,/transportes/uber,referencia de página válida
transportes/UBER/uber tt (2).jpg,1,/transportes/uber,referencia de página válida
transportes/UBER/uber transoorte 1.jpeg,1,/transportes/uber,referencia de página válida
transportes/UBER/uber trnasporte 2.webp,1,/transportes/uber,referencia de página válida
transportes/BARCA/BARCAS3.jpg,1,/transportes/barcas,referencia de página válida
transportes/BARCA/BARCAS 1.jpg,1,/transportes/barcas,referencia de página válida
transportes/BARCA/BARCAS 2.jpg,1,/transportes/barcas,referencia de página válida
transportes/BONDINHO/BONDINHO 2.jpg,1,/transportes/bonde-santa-teresa,referencia de página válida
transportes/BONDINHO/BONDINHO 1.jpg,1,/transportes/bonde-santa-teresa,referencia de página válida
transportes/BONDINHO/BONDINHO MAPA.jpg,1,/transportes/bonde-santa-teresa,referencia de página válida
transportes/BONDINHO/BONDINHO ERNESTINHO.jpg,1,/transportes/bonde-santa-teresa,referencia de página válida
transportes/BONDINHO/BONDINHO 3.jpg,1,/transportes/bonde-santa-teresa,referencia de página válida
transportes/TRANSPORTE MINIATURA AUTOBUS.jpg,2,/transportes; /transportes/onibus,referencia de página válida
transportes/TRANSPORTES MINIATURA RODOVIARIA.jpg,2,/guia/terminales; /transportes,referencia de página válida
transportes/TRANSPORTE MINIATURA TRANSPORTE PRIVADO.jpg,2,/transportes; /transportes/transporte-privado,referencia de página válida
transportes/ONIBUS/transporte micro.jpg,1,/transportes/onibus,referencia de página válida
PORTADA EXPERIENCIAS.png,2,/; /experiencias,referencia de página válida
PORTADA FULL DAY RIO.png,3,/; /experiencias; /experiencias/full-day-rio,referencia de página válida
PORTADA GIIA DE RIO.png,2,/; /guia,referencia de página válida
PORTADA FAMILIAS.png,2,/; /familia,referencia de página válida
PORTADA PLAYAS.png,2,/; /playas,referencia de página válida
EXPERIENCIAS PORTADA ARRAIAL.jpg,3,/; /experiencias; /experiencias/arraial-do-cabo,referencia de página válida
TIEMPO VIENTO Y MAR/CAMARAS COPACABANA.jpg,1,/,referencia de página válida
TIEMPO VIENTO Y MAR/CAMARAS CRISTO.jpg,1,/,referencia de página válida
TIEMPO VIENTO Y MAR/CAMARAS PAO DE AZUCAR.png,1,/,referencia de página válida
TIEMPO VIENTO Y MAR/CAMARA OTRAS PLAYAS.jpg,1,/,referencia de página válida
PORTADA GASTRONOMIA.png,2,/; /gastronomia,referencia de página válida
PORTADA TRANSPORTE.png,2,/; /transportes,referencia de página válida
PORTADA BARRIOS.png,2,/; /barrios,referencia de página válida
FOTOGRAFIA/FOTOGRAFIA ENSENADA BOTAFOGO.jpg,2,/barrios/botafogo; /fotografia,referencia de página válida
FOTOGRAFIA/FOTOGRAFIA CATEDRAL.jpg,2,/cultura/catedral-metropolitana; /fotografia,referencia de página válida
FOTOGRAFIA/FOTOGRAFIA PARQUE LAGE.jpg,2,/atracciones/parque-lage; /fotografia,referencia de página válida
FOTOGRAFIA/FOTOGRAFIA MIRANTE DO RONCADOR.jpg,2,/barrios/recreio; /fotografia,referencia de página válida
FOTOGRAFIA/FOTOGRAFIA CRISTO REDENTOR.jpg,2,/atracciones/cristo-redentor; /fotografia,referencia de página válida
FOTOGRAFIA/FOTOGRAFIA PEDRA DO ARPOADOR.jpg,2,/fotografia; /playas/arpoador,referencia de página válida
FOTOGRAFIA/FOTOGRAFIA URCA.jpg,2,/barrios/urca; /fotografia,referencia de página válida
FOTOGRAFIA/FOTOGRAFIA PRAIA VERMELHA.jpg,2,/fotografia; /playas/praia-vermelha,referencia de página válida
FOTOGRAFIA/FOTOGRAFIA CASCATINHA.jpg,1,/fotografia,referencia de página válida
FOTOGRAFIA/FOTOGRAFIA ATERRO FLAMENGO.jpg,2,/barrios/flamengo; /fotografia,referencia de página válida
FOTOGRAFIA/FOTOGRAFIA ESCADARIA.jpg,2,/atracciones/selaron; /fotografia,referencia de página válida
FOTOGRAFIA/FOTOGRAFIA PEDRA DA GAVEA.jpg,1,/fotografia,referencia de página válida
FOTOGRAFIA/FOTOGRAFIA VISTA CHINESA.jpg,2,/barrios/tijuca; /fotografia,referencia de página válida
FOTOGRAFIA/FOTOGRAFIA MESA DO EMPERADOR.jpg,2,/barrios/tijuca; /fotografia,referencia de página válida
FOTOGRAFIA/FOTOGRAFIA PERDA DO TELEGRAFO.jpg,2,/experiencias/pedra-telegrafo; /fotografia,referencia de página válida
FOTOGRAFIA/FOTOGRAFIA DONA MARTA.jpg,2,/atracciones/cristo-redentor; /fotografia,referencia de página válida
FOTOGRAFIA/FOTOGRAFIA PAN AZUCAR.jpg,2,/atracciones/pao-de-acucar; /fotografia,referencia de página válida
FOTOGRAFIA/FOTOGRAFIA ILHA DA GIGOIA.jpeg,2,/barrios/ilha-da-gigoia; /fotografia,referencia de página válida
FOTOGRAFIA/FOTOGRAFIA BONDINHO.jpg,2,/atracciones/pao-de-acucar; /fotografia,referencia de página válida
FOTOGRAFIA/FOTOGRAFIA PARQUE DAS RUINAS.jpg,2,/barrios/santa-teresa; /fotografia,referencia de página válida
FOTOGRAFIA/FOTOGRAFIA ARCOS DA LAPA.jpg,2,/barrios/lapa; /fotografia,referencia de página válida
FOTOGRAFIA/FOTOGRAFIA FORTE SANTA CRUZ.jpg,1,/fotografia,referencia de página válida
FOTOGRAFIA/FOTOGRAFIA CALCADAO COPACABANA.jpg,2,/fotografia; /playas/copacabana,referencia de página válida
FOTOGRAFIA/FOTOGRAFIA FORTE COPACABANA.jpg,2,/cultura/forte-copacabana; /fotografia,referencia de página válida
FOTOGRAFIA/FOTOGRAFIA MIRANTE DO LEBLON.jpg,2,/barrios/leblon; /fotografia,referencia de página válida
FOTOGRAFIA/FOTOGRAFIA TEATRO MUNICIPAL.png,2,/cultura/theatro-municipal; /fotografia,referencia de página válida
FOTOGRAFIA/FOTOGRAFIA PRAIA JOATINGA.jpg,2,/fotografia; /playas/joatinga,referencia de página válida
FOTOGRAFIA/FOTOGRAFIA MORRO DOIS IRMAOS.jpg,2,/experiencias/morro-dois-irmaos; /fotografia,referencia de página válida
FOTOGRAFIA/FOTOGRAFIA PRACA MAHUA Y MUSEO DO AMANHA.jpg,2,/barrios/centro-maua; /fotografia,referencia de página válida
FOTOGRAFIA/FOTOGRAFIA PRAIA GRUMARI.jpg,2,/fotografia; /playas/grumari,referencia de página válida
FOTOGRAFIA/FOTOGRAFIA MURAL ETNIAS.jpg,2,/barrios/centro-maua; /fotografia,referencia de página válida
FOTOGRAFIA/FOTOGRAFIA COLOMBO.jpg,2,/fotografia; /gastronomia/confeitaria-colombo,referencia de página válida
FOTOGRAFIA/FOTOGRAFIA REAL GABINETE.jpg,2,/cultura/real-gabinete; /fotografia,referencia de página válida
FOTOGRAFIA/FOTOGRAFIAS MAC NITEROI.jpg,2,/cultura/mac-niteroi; /fotografia,referencia de página válida
EXPERIENCIAS/paraquedas/fdba8d85-8575-4a49-85c8-f5f589dbe284 (1).jpg,1,/experiencias/paracaidas,referencia de página válida
EXPERIENCIAS/paraquedas/MNJG9388.JPG,2,/experiencias; /experiencias/paracaidas,referencia de página válida
EXPERIENCIAS/BUZIOS/Escuna_Ilha_Feia_-_Búzios.jpg,1,/experiencias/buzios,referencia de página válida
EXPERIENCIAS/BUZIOS/praia-da-tartaruga-0.jpg,1,/experiencias/buzios,referencia de página válida
EXPERIENCIAS/BUZIOS/mapa-onde-fica-buzios-rj.jpg,1,/experiencias/buzios,referencia de página válida
EXPERIENCIAS/BUZIOS/264918-joao-fernandes-beach-buzios-2560x1440.jpg,1,/experiencias/buzios,referencia de página válida
EXPERIENCIAS/BUZIOS/rua das pedras.jpeg,1,/experiencias/buzios,referencia de página válida
EXPERIENCIAS/ASA DELTA/asa delta (4).jpeg,1,/experiencias/ala-delta,referencia de página válida
EXPERIENCIAS/ASA DELTA/asa delta (3).jpeg,1,/experiencias/ala-delta,referencia de página válida
EXPERIENCIAS/ASA DELTA/asa delta (2).jpeg,1,/experiencias/ala-delta,referencia de página válida
EXPERIENCIAS/ASA DELTA/asa delta (1).jpeg,1,/experiencias/ala-delta,referencia de página válida
EXPERIENCIAS/ASA DELTA/asa delta experiencia portada.jpeg,1,/experiencias/ala-delta,referencia de página válida
EXPERIENCIAS/ASA DELTA/asa delta (6).jpeg,1,/experiencias/ala-delta,referencia de página válida
EXPERIENCIAS/ASA DELTA/asa delta (5).jpeg,1,/experiencias/ala-delta,referencia de página válida
EXPERIENCIAS/PORTADA EXPERIENCIA BUZIOS.jpg,0,,pendiente: sin referencia exacta
EXPERIENCIAS/PEQUEÑA AFRICA/pedra-do-sal-pequena-africa.jpg,2,/experiencias; /experiencias/pequena-africa,referencia de página válida
EXPERIENCIAS/FAVELA VIDIGAL/FAVELA VIDIGAL.jpg,2,/experiencias; /experiencias/vidigal,referencia de página válida
EXPERIENCIAS/PEDRA DO TELEGRAFO/EXPERIENCIAS PEDRA DO TELEGRAFO (1).jpeg,2,/experiencias; /experiencias/pedra-telegrafo,referencia de página válida
EXPERIENCIAS/PEDRA DO TELEGRAFO/EXPERIENCIAS PEDRA DO TELEGRAFO (6).jpg,1,/experiencias/pedra-telegrafo,referencia de página válida
EXPERIENCIAS/PEDRA DO TELEGRAFO/EXPERIENCIAS PEDRA DO TELEGRAFO (1).jpg,1,/experiencias/pedra-telegrafo,referencia de página válida
EXPERIENCIAS/PEDRA DO TELEGRAFO/EXPERIENCIAS PEDRA DO TELEGRAFO (4).jpg,1,/experiencias/pedra-telegrafo,referencia de página válida
EXPERIENCIAS/PEDRA DO TELEGRAFO/EXPERIENCIAS PEDRA DO TELEGRAFO (5).jpg,1,/experiencias/pedra-telegrafo,referencia de página válida
EXPERIENCIAS/PEDRA DO TELEGRAFO/EXPERIENCIAS PEDRA DO TELEGRAFO (7).jpg,1,/experiencias/pedra-telegrafo,referencia de página válida
EXPERIENCIAS/PEDRA DO TELEGRAFO/EXPERIENCIAS PEDRA DO TELEGRAFO (3).jpg,1,/experiencias/pedra-telegrafo,referencia de página válida
EXPERIENCIAS/PEDRA DO TELEGRAFO/EXPERIENCIAS PEDRA DO TELEGRAFO (2).jpeg,1,/experiencias/pedra-telegrafo,referencia de página válida
EXPERIENCIAS/PEDRA DO TELEGRAFO/EXPERIENCIAS PEDRA DO TELEGRAFO (2).jpg,1,/experiencias/pedra-telegrafo,referencia de página válida
EXPERIENCIAS/ARRAIAL/PRAIA DO FORNO.jpeg,1,/experiencias/arraial-do-cabo,referencia de página válida
EXPERIENCIAS/ARRAIAL/ARRAIAL.jpg,1,/experiencias/arraial-do-cabo,referencia de página válida
EXPERIENCIAS/ARRAIAL/PRAINHA DO PONTAL.jpg,1,/experiencias/arraial-do-cabo,referencia de página válida
EXPERIENCIAS/ARRAIAL/PRAIA DO FAROL.jpg,1,/experiencias/arraial-do-cabo,referencia de página válida
EXPERIENCIAS/parasail/parasail 1.jpg,2,/experiencias; /experiencias/parasail,referencia de página válida
EXPERIENCIAS/parasail/parasail3.jpg,1,/experiencias/parasail,referencia de página válida
EXPERIENCIAS/parasail/caption (3).jpg,1,/experiencias/parasail,referencia de página válida
EXPERIENCIAS/parasail/H.jpg,1,/experiencias/parasail,referencia de página válida
EXPERIENCIAS/parasail/parasail4.jpg,1,/experiencias/parasail,referencia de página válida
EXPERIENCIAS/parasail/caption.jpg,1,/experiencias/parasail,referencia de página válida
EXPERIENCIAS/parasail/parasail 2.jpg,1,/experiencias/parasail,referencia de página válida
EXPERIENCIAS/parasail/caption (1).jpg,1,/experiencias/parasail,referencia de página válida
EXPERIENCIAS/parapente/WhatsApp Image 2026-09-03 at 10.50.28 (1).jpeg,1,/experiencias/vuelo-en-parapente,referencia de página válida
EXPERIENCIAS/parapente/WhatsApp Image 2026-09-03 at 10.50.28 (3).jpeg,1,/experiencias/vuelo-en-parapente,referencia de página válida
EXPERIENCIAS/parapente/WhatsApp Image 2026-09-03 at 10.50.28 (2).jpeg,1,/experiencias/vuelo-en-parapente,referencia de página válida
EXPERIENCIAS/parapente/Snapshot_20230256_050200.JPG,3,/; /experiencias; /experiencias/vuelo-en-parapente,referencia de página válida
EXPERIENCIAS/ROCINHA/EXPERIENCIA ROCINHA (1).jpg,1,/experiencias/rocinha,referencia de página válida
EXPERIENCIAS/ROCINHA/EXPERIENCIA ROCINHA (1).JPEG,1,/experiencias/rocinha,referencia de página válida
EXPERIENCIAS/ROCINHA/EXPERIENCIA ROCINHA 10.jpg,1,/experiencias/rocinha,referencia de página válida
EXPERIENCIAS/carnaval experience/carnaval experience ec (17).jpg,1,/experiencias/carnaval-experience,referencia de página válida
EXPERIENCIAS/carnaval experience/carnaval experience ec (21).jpg,1,/experiencias/carnaval-experience,referencia de página válida
EXPERIENCIAS/carnaval experience/carnaval experience ec (11).jpg,1,/experiencias/carnaval-experience,referencia de página válida
EXPERIENCIAS/carnaval experience/carnaval experience ec (7).jpg,1,/experiencias/carnaval-experience,referencia de página válida
EXPERIENCIAS/carnaval experience/carnaval experience ec (13).jpg,1,/experiencias/carnaval-experience,referencia de página válida
EXPERIENCIAS/carnaval experience/carnaval experience ec (14).jpg,1,/experiencias/carnaval-experience,referencia de página válida
EXPERIENCIAS/carnaval experience/carnaval experience ec (5).jpg,1,/experiencias/carnaval-experience,referencia de página válida
EXPERIENCIAS/carnaval experience/carnaval experience ec (10).jpg,1,/experiencias/carnaval-experience,referencia de página válida
EXPERIENCIAS/carnaval experience/carnaval experience ec (1).jpeg,1,/experiencias/carnaval-experience,referencia de página válida
EXPERIENCIAS/carnaval experience/carnaval experience ec (19).jpg,1,/experiencias/carnaval-experience,referencia de página válida
EXPERIENCIAS/carnaval experience/carnaval experience ec (15).jpg,1,/experiencias/carnaval-experience,referencia de página válida
EXPERIENCIAS/carnaval experience/carnaval experience ec (22).jpg,1,/experiencias/carnaval-experience,referencia de página válida
EXPERIENCIAS/carnaval experience/carnaval experience ec (8).jpg,1,/experiencias/carnaval-experience,referencia de página válida
EXPERIENCIAS/carnaval experience/carnaval experience ec (20).jpg,1,/experiencias/carnaval-experience,referencia de página válida
EXPERIENCIAS/carnaval experience/carnaval experience ec (2).jpg,1,/experiencias/carnaval-experience,referencia de página válida
EXPERIENCIAS/carnaval experience/carnaval experience ec (23).jpg,1,/experiencias/carnaval-experience,referencia de página válida
EXPERIENCIAS/carnaval experience/carnaval experience ec (6).jpg,1,/experiencias/carnaval-experience,referencia de página válida
EXPERIENCIAS/carnaval experience/carnaval experience ec (12).jpg,1,/experiencias/carnaval-experience,referencia de página válida
EXPERIENCIAS/carnaval experience/carnaval experience ec (1).jpg,3,/; /experiencias; /experiencias/carnaval-experience,referencia de página válida
EXPERIENCIAS/carnaval experience/carnaval experience ec (4).jpg,1,/experiencias/carnaval-experience,referencia de página válida
EXPERIENCIAS/carnaval experience/carnaval experience ec (18).jpg,1,/experiencias/carnaval-experience,referencia de página válida
EXPERIENCIAS/carnaval experience/carnaval experience ec (3).jpg,1,/experiencias/carnaval-experience,referencia de página válida
EXPERIENCIAS/carnaval experience/carnaval experience ec (16).jpg,1,/experiencias/carnaval-experience,referencia de página válida
EXPERIENCIAS/carnaval experience/carnaval experience ec (9).jpg,1,/experiencias/carnaval-experience,referencia de página válida
EXPERIENCIAS/rapel/RAPEL (3).jpg,1,/experiencias/rapel,referencia de página válida
EXPERIENCIAS/rapel/RAPEL (4).jpg,1,/experiencias/rapel,referencia de página válida
EXPERIENCIAS/rapel/RAPEL (1).jpg,2,/experiencias; /experiencias/rapel,referencia de página válida
EXPERIENCIAS/rapel/RAPEL (2).jpg,1,/experiencias/rapel,referencia de página válida
EXPERIENCIAS/PORTADA EXPERIENCIA LANCHAS.jpg,1,/experiencias/lancha-privada,referencia de página válida
EXPERIENCIAS/MARACANA TOUR/MARACANA TOUR (2).jpg,1,/experiencias/maracana-experience,referencia de página válida
EXPERIENCIAS/MARACANA TOUR/MARACANA TOUR (1).jpg,1,/experiencias/maracana-experience,referencia de página válida
EXPERIENCIAS/MARACANA TOUR/MARACANA TOUR (3).jpg,1,/experiencias/maracana-experience,referencia de página válida
EXPERIENCIAS/MARACANA TOUR/MAR.jpg,1,/experiencias/maracana-experience,referencia de página válida
EXPERIENCIAS/MARACANA TOUR/MARACANA TOUR (1).jpeg,1,/experiencias/maracana-experience,referencia de página válida
EXPERIENCIAS/MARACANA TOUR/MARACANA TOUR (4).jpg,1,/experiencias/maracana-experience,referencia de página válida
EXPERIENCIAS/MARACANA TOUR/PORTADA MARACANA TOUR.jpg,2,/experiencias; /experiencias/maracana-experience,referencia de página válida
EXPERIENCIAS/MARACANA TOUR/como-e-o-tour-pelo-maracana-todos-os-caminhos-2-scaled.jpg,1,/experiencias/maracana-experience,referencia de página válida
EXPERIENCIAS/MARACANA TOUR/MARACANA TOUR (1).avif,1,/experiencias/maracana-experience,referencia de página válida
EXPERIENCIAS/MARACANA TOUR/como-e-o-tour-pelo-maracana-todos-os-caminhos-5-scaled.jpg,1,/experiencias/maracana-experience,referencia de página válida
EXPERIENCIAS/favela santa marta/FAVELA SANTA MARTA (7).jpg,1,/experiencias/santa-marta,referencia de página válida
EXPERIENCIAS/favela santa marta/FAVELA SANTA MARTA (1).jpg,2,/experiencias; /experiencias/santa-marta,referencia de página válida
EXPERIENCIAS/favela santa marta/FAVELA SANTA MARTA (4).jpg,1,/experiencias/santa-marta,referencia de página válida
EXPERIENCIAS/favela santa marta/FAVELA SANTA MARTA (9).png,1,/experiencias/santa-marta,referencia de página válida
EXPERIENCIAS/favela santa marta/FAVELA SANTA MARTA (6).jpg,1,/experiencias/santa-marta,referencia de página válida
EXPERIENCIAS/favela santa marta/FAVELA SANTA MARTA (5).jpg,1,/experiencias/santa-marta,referencia de página válida
EXPERIENCIAS/favela santa marta/FAVELA SANTA MARTA (8).jpg,1,/experiencias/santa-marta,referencia de página válida
EXPERIENCIAS/favela santa marta/FAVELA SANTA MARTA (3).jpg,1,/experiencias/santa-marta,referencia de página válida
EXPERIENCIAS/favela santa marta/FAVELA SANTA MARTA (2).jpg,1,/experiencias/santa-marta,referencia de página válida
EXPERIENCIAS/helicoptero/WhatsApp Image 2026-09-03 at 10.09.20.jpeg,2,/experiencias; /experiencias/helicoptero,referencia de página válida
EXPERIENCIAS/helicoptero/be.jpg,1,/experiencias/helicoptero,referencia de página válida
EXPERIENCIAS/helicoptero/7c.jpg,1,/experiencias/helicoptero,referencia de página válida
EXPERIENCIAS/helicoptero/caption (6).jpg,1,/experiencias/helicoptero,referencia de página válida
EXPERIENCIAS/helicoptero/caption (7).jpg,1,/experiencias/helicoptero,referencia de página válida
EXPERIENCIAS/helicoptero/caption (3).jpg,1,/experiencias/helicoptero,referencia de página válida
"EXPERIENCIAS/helicoptero/ChatGPT Image Sep 3, 2026, 10_27_46 AM.png",1,/experiencias/helicoptero,referencia de página válida
EXPERIENCIAS/helicoptero/WhatsApp Image 2026-09-03 at 10.11.23.jpeg,1,/experiencias/helicoptero,referencia de página válida
EXPERIENCIAS/helicoptero/caption (4).jpg,1,/experiencias/helicoptero,referencia de página válida
EXPERIENCIAS/helicoptero/caption (2).jpg,1,/experiencias/helicoptero,referencia de página válida
EXPERIENCIAS/helicoptero/caption (5).jpg,1,/experiencias/helicoptero,referencia de página válida
EXPERIENCIAS/helicoptero/caption.jpg,1,/experiencias/helicoptero,referencia de página válida
EXPERIENCIAS/helicoptero/caption (1).jpg,1,/experiencias/helicoptero,referencia de página válida
EXPERIENCIAS/MORRO DOIS IRMAOS/MORRO DOIS IRMAOS (6).jpg,1,/experiencias/morro-dois-irmaos,referencia de página válida
EXPERIENCIAS/MORRO DOIS IRMAOS/MORRO DOIS IRMAOS (13).jpg,1,/experiencias/morro-dois-irmaos,referencia de página válida
EXPERIENCIAS/MORRO DOIS IRMAOS/MORRO DOIS IRMAOS (8).jpg,1,/experiencias/morro-dois-irmaos,referencia de página válida
EXPERIENCIAS/MORRO DOIS IRMAOS/MORRO DOIS IRMAOS (9).jpg,1,/experiencias/morro-dois-irmaos,referencia de página válida
EXPERIENCIAS/MORRO DOIS IRMAOS/MORRO DOIS IRMAOS (7).jpg,1,/experiencias/morro-dois-irmaos,referencia de página válida
EXPERIENCIAS/MORRO DOIS IRMAOS/MORRO DOIS IRMAOS (3).jpg,2,/experiencias; /experiencias/morro-dois-irmaos,referencia de página válida
EXPERIENCIAS/MORRO DOIS IRMAOS/MORRO DOIS IRMAOS (12).jpg,1,/experiencias/morro-dois-irmaos,referencia de página válida
EXPERIENCIAS/MORRO DOIS IRMAOS/MORRO DOIS IRMAOS (10).jpg,1,/experiencias/morro-dois-irmaos,referencia de página válida
EXPERIENCIAS/MORRO DOIS IRMAOS/MORRO DOIS IRMAOS (2).jpg,1,/experiencias/morro-dois-irmaos,referencia de página válida
EXPERIENCIAS/MORRO DOIS IRMAOS/MORRO DOIS IRMAOS (5).jpg,1,/experiencias/morro-dois-irmaos,referencia de página válida
EXPERIENCIAS/MORRO DOIS IRMAOS/MORRO DOIS IRMAOS (11).jpg,1,/experiencias/morro-dois-irmaos,referencia de página válida
EXPERIENCIAS/MORRO DOIS IRMAOS/MORRO DOIS IRMAOS (1).jpg,1,/experiencias/morro-dois-irmaos,referencia de página válida
EXPERIENCIAS/MORRO DOIS IRMAOS/MORRO DOIS IRMAOS (4).jpg,1,/experiencias/morro-dois-irmaos,referencia de página válida
EXPERIENCIAS/ANGRA/SANTANA.jpg,1,/experiencias/angra-ilha-grande,referencia de página válida
EXPERIENCIAS/ANGRA/lagoa-azul.jpg,1,/experiencias/angra-ilha-grande,referencia de página válida
EXPERIENCIAS/ANGRA/ilha-grande-angra-dos-reis-ilha-cataguases.jpg,1,/experiencias/angra-ilha-grande,referencia de página válida
EXPERIENCIAS/ANGRA/fotos-de-arraial-do-cabo-rj.jpg,1,/experiencias/angra-ilha-grande,referencia de página válida
EXPERIENCIAS/ANGRA/caption (2).jpg,1,/experiencias/angra-ilha-grande,referencia de página válida
EXPERIENCIAS/ANGRA/caption.jpg,1,/experiencias/angra-ilha-grande,referencia de página válida
EXPERIENCIAS/ANGRA/caption (1).jpg,1,/experiencias/angra-ilha-grande,referencia de página válida
EXPERIENCIAS/ANGRA/japaris-beach.jpg,1,/experiencias/angra-ilha-grande,referencia de página válida
EXPERIENCIAS/asa delta experiencia portada.jpeg,1,/experiencias/ala-delta,referencia de página válida
EXPERIENCIAS/PEDRA BONITA/PEDRA BONITA (4).jpg,1,/experiencias/pedra-bonita,referencia de página válida
EXPERIENCIAS/PEDRA BONITA/PEDRA BONITA (12).jpg,1,/experiencias/pedra-bonita,referencia de página válida
EXPERIENCIAS/PEDRA BONITA/PEDRA BONITA (8).jpg,1,/experiencias/pedra-bonita,referencia de página válida
EXPERIENCIAS/PEDRA BONITA/PEDRA BONITA (1).jpg,2,/experiencias; /experiencias/pedra-bonita,referencia de página válida
EXPERIENCIAS/PEDRA BONITA/PEDRA BONITA (3).jpg,1,/experiencias/pedra-bonita,referencia de página válida
EXPERIENCIAS/PEDRA BONITA/PEDRA BONITA (9).jpg,1,/experiencias/pedra-bonita,referencia de página válida
EXPERIENCIAS/PEDRA BONITA/PEDRA BONITA (2).jpg,1,/experiencias/pedra-bonita,referencia de página válida
EXPERIENCIAS/PEDRA BONITA/PEDRA BONITA (7).jpg,1,/experiencias/pedra-bonita,referencia de página válida
EXPERIENCIAS/PEDRA BONITA/PEDRA BONITA (6).jpg,1,/experiencias/pedra-bonita,referencia de página válida
EXPERIENCIAS/PEDRA BONITA/PEDRA BONITA (13).jpg,1,/experiencias/pedra-bonita,referencia de página válida
EXPERIENCIAS/PEDRA BONITA/PEDRA BONITA (11).jpg,1,/experiencias/pedra-bonita,referencia de página válida
EXPERIENCIAS/PEDRA BONITA/PEDRA BONITA (10).jpg,1,/experiencias/pedra-bonita,referencia de página válida
EXPERIENCIAS/PEDRA BONITA/PEDRA BONITA (5).jpg,1,/experiencias/pedra-bonita,referencia de página válida
EXPERIENCIAS/FULL DAY/MARACANA.jpg,2,/experiencias/cristo-city-tour; /experiencias/full-day-rio,referencia de página válida
EXPERIENCIAS/FULL DAY/FLORESTA TIJUCA.jpg,1,/experiencias/full-day-rio,referencia de página válida
EXPERIENCIAS/FULL DAY/CRISTO REDENTOR.jpg,2,/experiencias/cristo-city-tour; /experiencias/full-day-rio,referencia de página válida
EXPERIENCIAS/FULL DAY/CATEDRAL.jpg,2,/experiencias/cristo-city-tour; /experiencias/full-day-rio,referencia de página válida
EXPERIENCIAS/FULL DAY/SAMBODROMO.jpg,2,/experiencias/cristo-city-tour; /experiencias/full-day-rio,referencia de página válida
EXPERIENCIAS/FULL DAY/ESCALERA.jpg,2,/experiencias/cristo-city-tour; /experiencias/full-day-rio,referencia de página válida
EXPERIENCIAS/FULL DAY/ALMUEROBUFFET.jpg,1,/experiencias/full-day-rio,referencia de página válida
EXPERIENCIAS/FULL DAY/PAN DE AZUCAR.jpeg,1,/experiencias/full-day-rio,referencia de página válida
EXPERIENCIAS/lancha/PORTADA ABAJO TITULO.jpg,2,/experiencias; /experiencias/lancha-privada,referencia de página válida
EXPERIENCIAS/lancha/EXPERIENCIA LANCHAS (8).jpg,1,/experiencias/lancha-privada,referencia de página válida
EXPERIENCIAS/lancha/EXPERIENCIA LANCHAS (6).jpg,1,/experiencias/lancha-privada,referencia de página válida
EXPERIENCIAS/lancha/EXPERIENCIA LANCHAS (3).jpg,1,/experiencias/lancha-privada,referencia de página válida
EXPERIENCIAS/lancha/EXPERIENCIA LANCHAS (1).png,1,/experiencias/lancha-privada,referencia de página válida
EXPERIENCIAS/lancha/EXPERIENCIA LANCHAS (7).jpg,1,/experiencias/lancha-privada,referencia de página válida
EXPERIENCIAS/RIO SAMBA BUS/RIO SAMBA BUS NOCHE (3).jpg,1,/experiencias/rio-samba-bus,referencia de página válida
EXPERIENCIAS/RIO SAMBA BUS/RIO SAMBA BUS (1).jpg,2,/experiencias; /experiencias/rio-samba-bus,referencia de página válida
EXPERIENCIAS/RIO SAMBA BUS/RIO SAMBA BUS NOCHE (4).jpg,1,/experiencias/rio-samba-bus,referencia de página válida
EXPERIENCIAS/RIO SAMBA BUS/RIO SAMBA BUS (4).jpg,2,/; /experiencias/rio-samba-bus,referencia de página válida
EXPERIENCIAS/RIO SAMBA BUS/RIO SAMBA BUS (7).jpg,1,/experiencias/rio-samba-bus,referencia de página válida
EXPERIENCIAS/RIO SAMBA BUS/RIO SAMBA BUS (2).jpg,1,/experiencias/rio-samba-bus,referencia de página válida
EXPERIENCIAS/RIO SAMBA BUS/RIO SAMBA BUS (3).jpg,1,/experiencias/rio-samba-bus,referencia de página válida
EXPERIENCIAS/RIO SAMBA BUS/RIO SAMBA BUS (6).jpg,1,/experiencias/rio-samba-bus,referencia de página válida
EXPERIENCIAS/RIO SAMBA BUS/RIO SAMBA BUS NOCHE (2).jpg,1,/experiencias/rio-samba-bus,referencia de página válida
EXPERIENCIAS/RIO SAMBA BUS/RIO SAMBA BUS (9).jpg,1,/experiencias/rio-samba-bus,referencia de página válida
EXPERIENCIAS/RIO SAMBA BUS/RIO SAMBA BUS NOCHE (1).jpg,1,/experiencias/rio-samba-bus,referencia de página válida
EXPERIENCIAS/RIO SAMBA BUS/RIO SAMBA BUS (8).jpg,1,/experiencias/rio-samba-bus,referencia de página válida
PORTADA ARTE Y CULTURA.jpg,2,/; /cultura,referencia de página válida
eventos/maratona do rio 12.jpeg,1,/eventos,referencia de página válida
eventos/festival do rio trofeo.jpg,1,/eventos,referencia de página válida
eventos/bienal do libro.jpg,1,/eventos,referencia de página válida
eventos/rock in rio/ROCK IN RIO (2).jpg,1,/eventos,referencia de página válida
eventos/rock in rio/ROCK IN RIO (4).jpg,1,/eventos,referencia de página válida
eventos/rock in rio/ROCK IN RIO (3).jpg,1,/eventos,referencia de página válida
eventos/rock in rio/ROCK IN RIO (1).png,1,/eventos,referencia de página válida
eventos/rock in rio/ROCK IN RIO (6).jpg,1,/eventos,referencia de página válida
eventos/rock in rio/PORTADA ROCK IN RIO.jpg,1,/eventos,referencia de página válida
eventos/rock in rio/ROCK IN RIO (5).jpg,1,/eventos,referencia de página válida
eventos/rock in rio/ROCK IN RIO (1).jpg,1,/eventos,referencia de página válida
eventos/povos indigenas12.jpg,1,/eventos,referencia de página válida
eventos/saquarema-2019.jpeg,1,/eventos,referencia de página válida
eventos/ArtRio-2024_BR0854.jpg,1,/eventos,referencia de página válida
eventos/flip-paraty-2025.jpg,1,/eventos,referencia de página válida
eventos/IEMANJA/324565888_570176921640758_7412196473913778850_n(1).jpg,1,/eventos,referencia de página válida
eventos/IEMANJA/iemanja 1324.jpg,1,/eventos,referencia de página válida
eventos/Rio-das-Ostras-Jazz-Blues-Festival-se-apresenta-como-caso-de-sucesso-Foto-Mauricio-Rocha-1024x678.jpg,1,/eventos,referencia de página válida
eventos/sao sebastiao rj.jpg,1,/eventos,referencia de página válida
eventos/carnaval/BLOCOS RIO.webp,1,/eventos,referencia de página válida
eventos/carnaval/carnaval experience para carnaval.jpg,1,/eventos,referencia de página válida
eventos/carnaval/maestre sala y porta bandeira.jpg,1,/eventos,referencia de página válida
eventos/carnaval/alegorias.jpg,1,/eventos,referencia de página válida
eventos/carnaval/bloco ipanema.jpg,1,/eventos,referencia de página válida
eventos/carnaval/bateria carnaval.jpg,1,/eventos,referencia de página válida
eventos/carnaval/foto carnaval historica.jpg,1,/eventos,referencia de página válida
eventos/carnaval/blocos da rua.jpg,1,/eventos,referencia de página válida
eventos/carnaval/serie de ouro.jpg,1,/eventos,referencia de página válida
eventos/carnaval/desfile campeones apuracao.jpg,1,/eventos,referencia de página válida
eventos/carnaval/ensaio-tecnico.jpg,1,/eventos,referencia de página válida
eventos/carnaval/carro alegorico 1920.jpg,1,/eventos,referencia de página válida
eventos/carnaval/Mapa-do-Sambodromo.jpg,1,/eventos,referencia de página válida
eventos/carnaval/bloco bairro.jpg,1,/eventos,referencia de página válida
eventos/carnaval/foto historica blocos.jpg,1,/eventos,referencia de página válida
eventos/carnaval/sapucai eventos.jpeg,1,/eventos,referencia de página válida
eventos/carnaval/ensaio de rua.jpg,1,/eventos,referencia de página válida
eventos/carnaval/comissao da frente.jpg,1,/eventos,referencia de página válida
eventos/carnaval/construccion sapucai.jpg,1,/eventos,referencia de página válida
eventos/carnaval/ERNESTINHO SELFIE BLOC ATRAS.JPG,1,/eventos,referencia de página válida
eventos/carnaval/ensaio de rua 2.jpg,1,/eventos,referencia de página válida
eventos/carnaval/cidadedosamba.jpg,1,/eventos,referencia de página válida
eventos/carnaval/grupo especial.jpg,1,/eventos,referencia de página válida
eventos/carnaval/SAPUCAI CARNAVAL.jpg,1,/eventos,referencia de página válida
eventos/sao pedro dos pescadores.jpg,1,/eventos,referencia de página válida
eventos/reveillon/REVEILLON (3).jpg,1,/eventos,referencia de página válida
eventos/reveillon/reveillon portada.jpg,1,/eventos,referencia de página válida
eventos/reveillon/REVEILLON (2).jpg,1,/eventos,referencia de página válida
eventos/reveillon/policia revisando familia.jpeg,1,/eventos,referencia de página válida
eventos/reveillon/policia revisando ingreso a playa.jpeg,1,/eventos,referencia de página válida
eventos/reveillon/REVEILLON (1).jpg,1,/eventos,referencia de página válida
eventos/reveillon/REVEILLON (5).jpg,1,/eventos,referencia de página válida
eventos/reveillon/policia reveillon.jpg,1,/eventos,referencia de página válida
eventos/reveillon/seguridad reveillon.jpeg,1,/eventos,referencia de página válida
eventos/reveillon/REVEILLON (4).jpg,1,/eventos,referencia de página válida
eventos/primavera carioca.jpg,1,/eventos,referencia de página válida
eventos/NATAL/caravana-de-natal-da-coca-cola-leva-magia-natalina-1068x602.jpg,1,/eventos,referencia de página válida
eventos/NATAL/NATAL natal barra shopping.jpeg,1,/eventos,referencia de página válida
eventos/NATAL/NATAL arbore botafogo natal.jpg,1,/eventos,referencia de página válida
eventos/NATAL/NATAL Caravana-de-Natal-Coca-Cola.jpg,1,/eventos,referencia de página válida
eventos/NATAL/NATAL natal barra shopping2.jpg,1,/eventos,referencia de página válida
eventos/NATAL/NATAL barra shopping arbore.webp,1,/eventos,referencia de página válida
eventos/NATAL/coca-cola caravana natal.jpeg,1,/eventos,referencia de página válida
eventos/NATAL/NATAL arbore botafogo 2.jpg,1,/eventos,referencia de página válida
eventos/NATAL/NATAL lagoa arbore natal.jpg,1,/eventos,referencia de página válida
eventos/parada orgullo gay.JPG,1,/eventos,referencia de página válida
eventos/carnaval y blocos/181552798-MOB.jpg,1,/eventos,referencia de página válida
eventos/carnaval y blocos/IMG_20230225_224027029.jpg,1,/eventos,referencia de página válida
eventos/Sao-Jorge-02-1536x1131.jpg,1,/eventos,referencia de página válida
eventos/rio-gastro-festival-capa.jpg,1,/eventos,referencia de página válida
eventos/festa da penha.jpg,1,/eventos,referencia de página válida
eventos/festa junina.jpg,1,/eventos,referencia de página válida
eventos/rio open 123.jpg,1,/eventos,referencia de página válida
