ruta_hostinger,pagina,archivo_fuente,validacion
restaurantes/Casa Cavé/casa cave fuera.jpg,/gastronomia/casa-cave,assets/js/bulk-photo-references.js,ruta exacta en inventario y referencia presente en código
restaurantes/Casa Cavé/Casa Cavé1.jpg,/gastronomia/casa-cave,assets/js/bulk-photo-references.js,ruta exacta en inventario y referencia presente en código
restaurantes/Casa Cavé/Casa Cavé2.jpg,/gastronomia/casa-cave,assets/js/bulk-photo-references.js,ruta exacta en inventario y referencia presente en código
restaurantes/Casa Cavé/Casa Cavé22.jpg,/gastronomia/casa-cave,assets/js/bulk-photo-references.js,ruta exacta en inventario y referencia presente en código
restaurantes/Casa Cavé/casa cave4.jpg,/gastronomia/casa-cave,assets/js/bulk-photo-references.js,ruta exacta en inventario y referencia presente en código
restaurantes/Casa Cavé/interior-del-cafecasa cave.jpg,/gastronomia/casa-cave,assets/js/bulk-photo-references.js,ruta exacta en inventario y referencia presente en código
restaurantes/k08/nosso-visual k08.jpg,/gastronomia/k08,assets/js/bulk-photo-references.js,ruta exacta en inventario y referencia presente en código
restaurantes/k08/k08.jpg,/gastronomia/k08,assets/js/bulk-photo-references.js; gastronomia/k08/index.html,ruta exacta en inventario y referencia presente en código
restaurantes/k08/almoco-no-k08.jpg,/gastronomia/k08,assets/js/bulk-photo-references.js; gastronomia/k08/index.html,ruta exacta en inventario y referencia presente en código
restaurantes/k08/k08d.jpg,/gastronomia/k08,assets/js/bulk-photo-references.js; gastronomia/k08/index.html,ruta exacta en inventario y referencia presente en código
restaurantes/k08/k08c.jpg,/gastronomia/k08,assets/js/bulk-photo-references.js; gastronomia/k08/index.html,ruta exacta en inventario y referencia presente en código
restaurantes/Sushi Leblon/atum-fresco-ovas-negras Sushi Leblon.jpg,/gastronomia/sushi-leblon,assets/js/bulk-photo-references.js,ruta exacta en inventario y referencia presente en código
restaurantes/Sushi Leblon/Sushi Leblon1.jpg,/gastronomia/sushi-leblon,assets/js/bulk-photo-references.js,ruta exacta en inventario y referencia presente en código
restaurantes/Sushi Leblon/Sushi Leblon1qw.jpg,/gastronomia/sushi-leblon,assets/js/bulk-photo-references.js,ruta exacta en inventario y referencia presente en código
restaurantes/Sushi Leblon/sushi-leblon 4.jpg,/gastronomia/sushi-leblon,assets/js/bulk-photo-references.js,ruta exacta en inventario y referencia presente en código
restaurantes/Sushi Leblon/sushi-leblon salon.jpg,/gastronomia/sushi-leblon,assets/js/bulk-photo-references.js,ruta exacta en inventario y referencia presente en código
restaurantes/Sushi Leblon/um-pouquinho-da-nossa Sushi Leblon.jpg,/gastronomia/sushi-leblon,assets/js/bulk-photo-references.js,ruta exacta en inventario y referencia presente en código
restaurantes/Sushi Leblon/sushi-lebloninetd.jpg,/gastronomia/sushi-leblon,assets/js/bulk-photo-references.js; gastronomia/sushi-leblon/index.html,ruta exacta en inventario y referencia presente en código
restaurantes/Casa Porto/Casa Porto1.jpg,/gastronomia/casa-porto,assets/js/bulk-photo-references.js,ruta exacta en inventario y referencia presente en código
restaurantes/Casa Porto/Casa Porto2.jpg,/gastronomia/casa-porto,assets/js/bulk-photo-references.js,ruta exacta en inventario y referencia presente en código
restaurantes/Casa Porto/Casa Porto3.jpg,/gastronomia/casa-porto,assets/js/bulk-photo-references.js,ruta exacta en inventario y referencia presente en código
restaurantes/Casa Porto/Casa Porto4.jpg,/gastronomia/casa-porto,assets/js/bulk-photo-references.js,ruta exacta en inventario y referencia presente en código
restaurantes/Casa Porto/Casa Porto5.jpg,/gastronomia/casa-porto,assets/js/bulk-photo-references.js,ruta exacta en inventario y referencia presente en código
restaurantes/Casa Porto/Casa Porto6.jpg,/gastronomia/casa-porto,assets/js/bulk-photo-references.js,ruta exacta en inventario y referencia presente en código
restaurantes/Casa Porto/Casa Porto7.jpg,/gastronomia/casa-porto,assets/js/bulk-photo-references.js,ruta exacta en inventario y referencia presente en código
restaurantes/Quitéria/cafe-da-manha Quitéria.jpg,/gastronomia/quiteria,assets/js/bulk-photo-references.js,ruta exacta en inventario y referencia presente en código
restaurantes/Quitéria/fachada-incrivel Quitéria.jpg,/gastronomia/quiteria,assets/js/bulk-photo-references.js,ruta exacta en inventario y referencia presente en código
restaurantes/Quitéria/file-mignon Quitéria.jpg,/gastronomia/quiteria,assets/js/bulk-photo-references.js,ruta exacta en inventario y referencia presente en código
restaurantes/Quitéria/more-shots-of-the-restaurant Quitéria.jpg,/gastronomia/quiteria,assets/js/bulk-photo-references.js,ruta exacta en inventario y referencia presente en código
restaurantes/Quitéria/Quitéria 1.jpg,/gastronomia/quiteria,assets/js/bulk-photo-references.js,ruta exacta en inventario y referencia presente en código
restaurantes/Quitéria/Quitéria 5.jpg,/gastronomia/quiteria,assets/js/bulk-photo-references.js,ruta exacta en inventario y referencia presente en código
restaurantes/Quitéria/quiteria-cozinha-brasileira Quitéria.jpg,/gastronomia/quiteria,assets/js/bulk-photo-references.js,ruta exacta en inventario y referencia presente en código
restaurantes/Quitéria/quiteria-restaurante Quitéria 3.jpg,/gastronomia/quiteria,assets/js/bulk-photo-references.js,ruta exacta en inventario y referencia presente en código
restaurantes/Alfaia/alfaia 1.jpg,/gastronomia/alfaia,assets/js/bulk-photo-references.js,ruta exacta en inventario y referencia presente en código
restaurantes/Alfaia/alfaia 2.jpg,/gastronomia/alfaia,assets/js/bulk-photo-references.js,ruta exacta en inventario y referencia presente en código
restaurantes/Alfaia/alfaia 3.jpg,/gastronomia/alfaia,assets/js/bulk-photo-references.js,ruta exacta en inventario y referencia presente en código
restaurantes/Alfaia/alfaia 4.jpg,/gastronomia/alfaia,assets/js/bulk-photo-references.js,ruta exacta en inventario y referencia presente en código
restaurantes/Alfaia/alfaia 5.jpg,/gastronomia/alfaia,assets/js/bulk-photo-references.js,ruta exacta en inventario y referencia presente en código
restaurantes/Alfaia/Alfaia 6.jpg,/gastronomia/alfaia,assets/js/bulk-photo-references.js,ruta exacta en inventario y referencia presente en código
restaurantes/Alfaia/Alfaia 7.jpg,/gastronomia/alfaia,assets/js/bulk-photo-references.js,ruta exacta en inventario y referencia presente en código
restaurantes/Giuseppe Mar/Giuseppe Mar1.jpg,/gastronomia/giuseppe-mar,assets/js/bulk-photo-references.js,ruta exacta en inventario y referencia presente en código
restaurantes/Giuseppe Mar/Giuseppe Mar12.jpg,/gastronomia/giuseppe-mar,assets/js/bulk-photo-references.js,ruta exacta en inventario y referencia presente en código
restaurantes/Giuseppe Mar/Giuseppe Mar2.jpg,/gastronomia/giuseppe-mar,assets/js/bulk-photo-references.js,ruta exacta en inventario y referencia presente en código
restaurantes/Giuseppe Mar/Giuseppe Mar23.jpg,/gastronomia/giuseppe-mar,assets/js/bulk-photo-references.js,ruta exacta en inventario y referencia presente en código
restaurantes/Giuseppe Mar/made-in-japan Giuseppe Mar.jpg,/gastronomia/giuseppe-mar,assets/js/bulk-photo-references.js,ruta exacta en inventario y referencia presente en código
restaurantes/Giuseppe Mar/made-in-japanGiuseppe Marr.jpg,/gastronomia/giuseppe-mar,assets/js/bulk-photo-references.js,ruta exacta en inventario y referencia presente en código
restaurantes/Giuseppe Mar/plateau-de-frutos-do Giuseppe Mar.jpg,/gastronomia/giuseppe-mar,assets/js/bulk-photo-references.js,ruta exacta en inventario y referencia presente en código
restaurantes/Bar do Momo/Bar do Momo 1.jpg,/gastronomia/bar-do-momo,assets/js/bulk-photo-references.js,ruta exacta en inventario y referencia presente en código
restaurantes/Bar do Momo/Bar do Momo cfroqr.jpg,/gastronomia/bar-do-momo,assets/js/bulk-photo-references.js,ruta exacta en inventario y referencia presente en código
restaurantes/Bar do Momo/Bar do Momo hamb.jpg,/gastronomia/bar-do-momo,assets/js/bulk-photo-references.js,ruta exacta en inventario y referencia presente en código
restaurantes/Bar do Momo/Bar do Momo.jpg,/gastronomia/bar-do-momo,assets/js/bulk-photo-references.js,ruta exacta en inventario y referencia presente en código
restaurantes/Bar do Momo/bar-do-momo 4.jpg,/gastronomia/bar-do-momo,assets/js/bulk-photo-references.js,ruta exacta en inventario y referencia presente en código
restaurantes/Bar do Momo/bolinho-de-arroz-e-pasteis Bar do Momo.jpg,/gastronomia/bar-do-momo,assets/js/bulk-photo-references.js,ruta exacta en inventario y referencia presente en código
restaurantes/Bar do Mineiro/Bar do Mineiro1.jpg,/gastronomia/bar-do-mineiro,assets/js/bulk-photo-references.js,ruta exacta en inventario y referencia presente en código
restaurantes/Bar do Mineiro/Bar do Mineiro5.jpg,/gastronomia/bar-do-mineiro,assets/js/bulk-photo-references.js,ruta exacta en inventario y referencia presente en código
restaurantes/Bar do Mineiro/feijoada-do-bar-do-mineiro Bar do Mineiro.jpg,/gastronomia/bar-do-mineiro,assets/js/bulk-photo-references.js,ruta exacta en inventario y referencia presente en código
restaurantes/Bar do Mineiro/frango-com-quiabo-e-angu Bar do Mineiro.jpg,/gastronomia/bar-do-mineiro,assets/js/bulk-photo-references.js,ruta exacta en inventario y referencia presente en código
restaurantes/Bar do Mineiro/petisco-concorrente-do Bar do Mineiro.jpg,/gastronomia/bar-do-mineiro,assets/js/bulk-photo-references.js,ruta exacta en inventario y referencia presente en código
restaurantes/Delírio Tropical RIO SUL/Delírio Tropical RIO SUL 2.jpg,/gastronomia/delirio-tropical-rio-sul,assets/js/bulk-photo-references.js,ruta exacta en inventario y referencia presente en código
restaurantes/Delírio Tropical RIO SUL/Delírio Tropical RIO SUL3.jpg,/gastronomia/delirio-tropical-rio-sul,assets/js/bulk-photo-references.js,ruta exacta en inventario y referencia presente en código
restaurantes/Delírio Tropical RIO SUL/Delírio Tropical RIO SUL4.jpg,/gastronomia/delirio-tropical-rio-sul,assets/js/bulk-photo-references.js,ruta exacta en inventario y referencia presente en código
restaurantes/Delírio Tropical RIO SUL/Delírio Tropical RIO SUL5.jpg,/gastronomia/delirio-tropical-rio-sul,assets/js/bulk-photo-references.js,ruta exacta en inventario y referencia presente en código
restaurantes/Delírio Tropical RIO SUL/fachada-02 Delírio Tropical RIO SUL.jpg,/gastronomia/delirio-tropical-rio-sul,assets/js/bulk-photo-references.js,ruta exacta en inventario y referencia presente en código
restaurantes/BB Lanches/BB Lanches1.jpg,/gastronomia/bb-lanches,assets/js/bulk-photo-references.js,ruta exacta en inventario y referencia presente en código
restaurantes/BB Lanches/BB Lanches2.jpg,/gastronomia/bb-lanches,assets/js/bulk-photo-references.js,ruta exacta en inventario y referencia presente en código
restaurantes/BB Lanches/bb-lanches3.jpg,/gastronomia/bb-lanches,assets/js/bulk-photo-references.js; gastronomia/bb-lanches/index.html,ruta exacta en inventario y referencia presente en código
restaurantes/BB Lanches/bb-lanches5.jpg,/gastronomia/bb-lanches,assets/js/bulk-photo-references.js; gastronomia/bb-lanches/index.html,ruta exacta en inventario y referencia presente en código
restaurantes/BB Lanches/bb-lanches4.jpg,/gastronomia/bb-lanches,assets/js/bulk-photo-references.js; gastronomia/bb-lanches/index.html,ruta exacta en inventario y referencia presente en código
restaurantes/Temperarte Bolivar/frutas Temperarte Bolivar.jpg,/gastronomia/temperarte-bolivar,assets/js/bulk-photo-references.js,ruta exacta en inventario y referencia presente en código
restaurantes/Temperarte Bolivar/molhos Temperarte Bolivar.jpg,/gastronomia/temperarte-bolivar,assets/js/bulk-photo-references.js,ruta exacta en inventario y referencia presente en código
restaurantes/Temperarte Bolivar/saladas-variadas Temperarte Bolivar.jpg,/gastronomia/temperarte-bolivar,assets/js/bulk-photo-references.js,ruta exacta en inventario y referencia presente en código
restaurantes/Temperarte Bolivar/salao-principal Temperarte Bolivar.jpg,/gastronomia/temperarte-bolivar,assets/js/bulk-photo-references.js,ruta exacta en inventario y referencia presente en código
restaurantes/Temperarte Bolivar/temperarte Temperarte Bolivar.jpg,/gastronomia/temperarte-bolivar,assets/js/bulk-photo-references.js,ruta exacta en inventario y referencia presente en código
restaurantes/Temperarte Bolivar/temperarte Temperarte Bolivar1.jpg,/gastronomia/temperarte-bolivar,assets/js/bulk-photo-references.js,ruta exacta en inventario y referencia presente en código
restaurantes/Casa 201/Casa 2012.jpg,/gastronomia/casa-201,assets/js/bulk-photo-references.js,ruta exacta en inventario y referencia presente en código
restaurantes/Casa 201/Casa 2013.jpg,/gastronomia/casa-201,assets/js/bulk-photo-references.js,ruta exacta en inventario y referencia presente en código
restaurantes/Casa 201/Casa 2015.jpg,/gastronomia/casa-201,assets/js/bulk-photo-references.js,ruta exacta en inventario y referencia presente en código
restaurantes/Casa 201/Casa 2016.jpg,/gastronomia/casa-201,assets/js/bulk-photo-references.js,ruta exacta en inventario y referencia presente en código
restaurantes/Casa 201/nhoque-de-beterraba-molho Casa 201.jpg,/gastronomia/casa-201,assets/js/bulk-photo-references.js,ruta exacta en inventario y referencia presente en código
restaurantes/Carretão Lido/Carretão Lido 2.jpg,/gastronomia/carretao-lido,assets/js/bulk-photo-references.js,ruta exacta en inventario y referencia presente en código
restaurantes/Carretão Lido/Carretão Lido exterior.jpg,/gastronomia/carretao-lido,assets/js/bulk-photo-references.js,ruta exacta en inventario y referencia presente en código
restaurantes/Carretão Lido/comida-japonesa Carretão Lido.jpg,/gastronomia/carretao-lido,assets/js/bulk-photo-references.js,ruta exacta en inventario y referencia presente en código
restaurantes/Carretão Lido/drinkes-variados Carretão Lido.jpg,/gastronomia/carretao-lido,assets/js/bulk-photo-references.js,ruta exacta en inventario y referencia presente en código
restaurantes/Carretão Lido/french-rack Carretão Lido.jpg,/gastronomia/carretao-lido,assets/js/bulk-photo-references.js,ruta exacta en inventario y referencia presente en código
restaurantes/Carretão Lido/picanha Carretão Lido.jpg,/gastronomia/carretao-lido,assets/js/bulk-photo-references.js,ruta exacta en inventario y referencia presente en código
restaurantes/Carretão Lido/picanha-fatiada Carretão Lido.jpg,/gastronomia/carretao-lido,assets/js/bulk-photo-references.js,ruta exacta en inventario y referencia presente en código
restaurantes/Carretão Lido/salao-principal Carretão Lido.jpg,/gastronomia/carretao-lido,assets/js/bulk-photo-references.js,ruta exacta en inventario y referencia presente en código
restaurantes/Stalos/and-deserts Stalos.jpg,/gastronomia/stalos,assets/js/bulk-photo-references.js,ruta exacta en inventario y referencia presente en código
restaurantes/Stalos/de la calle.jpg,/gastronomia/stalos,assets/js/bulk-photo-references.js,ruta exacta en inventario y referencia presente en código
restaurantes/Stalos/stalos 2.jpg,/gastronomia/stalos,assets/js/bulk-photo-references.js,ruta exacta en inventario y referencia presente en código
restaurantes/Stalos/stalos camarao.jpg,/gastronomia/stalos,assets/js/bulk-photo-references.js,ruta exacta en inventario y referencia presente en código
restaurantes/Stalos/Stalos dentro.jpg,/gastronomia/stalos,assets/js/bulk-photo-references.js,ruta exacta en inventario y referencia presente en código
restaurantes/Stalos/Stalos pizzas.jpg,/gastronomia/stalos,assets/js/bulk-photo-references.js,ruta exacta en inventario y referencia presente en código
restaurantes/Stalos/Stalos pizzs.jpg,/gastronomia/stalos,assets/js/bulk-photo-references.js,ruta exacta en inventario y referencia presente en código
restaurantes/Bar Madrid/Bar Madrid2.jpg,/gastronomia/bar-madrid,assets/js/bulk-photo-references.js,ruta exacta en inventario y referencia presente en código
restaurantes/Bar Madrid/Bar Madrid4.jpg,/gastronomia/bar-madrid,assets/js/bulk-photo-references.js,ruta exacta en inventario y referencia presente en código
restaurantes/Bar Madrid/Bar Madrid5.jpg,/gastronomia/bar-madrid,assets/js/bulk-photo-references.js,ruta exacta en inventario y referencia presente en código
restaurantes/Bar Madrid/bar-madrid3.jpg,/gastronomia/bar-madrid,assets/js/bulk-photo-references.js; gastronomia/bar-madrid/index.html,ruta exacta en inventario y referencia presente en código
restaurantes/Bar Madrid/bar-madrid1.jpg,/gastronomia/bar-madrid,assets/js/bulk-photo-references.js; gastronomia/bar-madrid/index.html,ruta exacta en inventario y referencia presente en código
restaurantes/spesso/spesso 2.jpg,/gastronomia/spesso,assets/js/bulk-photo-references.js,ruta exacta en inventario y referencia presente en código
restaurantes/spesso/spesso 3.jpg,/gastronomia/spesso,assets/js/bulk-photo-references.js,ruta exacta en inventario y referencia presente en código
restaurantes/spesso/spesso 4.jpg,/gastronomia/spesso,assets/js/bulk-photo-references.js,ruta exacta en inventario y referencia presente en código
restaurantes/spesso/spesso 43.jpg,/gastronomia/spesso,assets/js/bulk-photo-references.js,ruta exacta en inventario y referencia presente en código
restaurantes/spesso/spesso 5.jpg,/gastronomia/spesso,assets/js/bulk-photo-references.js,ruta exacta en inventario y referencia presente en código
restaurantes/spesso/spesso 7.jpg,/gastronomia/spesso,assets/js/bulk-photo-references.js,ruta exacta en inventario y referencia presente en código
restaurantes/spesso/te-levamos-a-atmosfera spesso.jpg,/gastronomia/spesso,assets/js/bulk-photo-references.js,ruta exacta en inventario y referencia presente en código
restaurantes/Koral/area-interna Koral rest.jpg,/gastronomia/koral,assets/js/bulk-photo-references.js,ruta exacta en inventario y referencia presente en código
restaurantes/Koral/Koral rest int.jpg,/gastronomia/koral,assets/js/bulk-photo-references.js,ruta exacta en inventario y referencia presente en código
restaurantes/Koral/Koral rest1.jpg,/gastronomia/koral,assets/js/bulk-photo-references.js,ruta exacta en inventario y referencia presente en código
restaurantes/Koral/Koral rest2.jpg,/gastronomia/koral,assets/js/bulk-photo-references.js,ruta exacta en inventario y referencia presente en código
restaurantes/Koral/Koral rest3.jpg,/gastronomia/koral,assets/js/bulk-photo-references.js,ruta exacta en inventario y referencia presente en código
restaurantes/Koral/Koral rest4.jpg,/gastronomia/koral,assets/js/bulk-photo-references.js,ruta exacta en inventario y referencia presente en código
restaurantes/Koral/Koral rest46.jpg,/gastronomia/koral,assets/js/bulk-photo-references.js,ruta exacta en inventario y referencia presente en código
restaurantes/Naga/captionNaga.jpg,/gastronomia/naga,assets/js/bulk-photo-references.js,ruta exacta en inventario y referencia presente en código
restaurantes/Naga/img-20200923-192345-largejpgNaga.jpg,/gastronomia/naga,assets/js/bulk-photo-references.js,ruta exacta en inventario y referencia presente en código
restaurantes/Naga/img-20200923-195933-largejpgNaga.jpg,/gastronomia/naga,assets/js/bulk-photo-references.js,ruta exacta en inventario y referencia presente en código
restaurantes/Naga/naga-restaurante-1024x654.jpg,/gastronomia/naga,assets/js/bulk-photo-references.js,ruta exacta en inventario y referencia presente en código
restaurantes/Naga/Naga12.jpg,/gastronomia/naga,assets/js/bulk-photo-references.js,ruta exacta en inventario y referencia presente en código
restaurantes/Naga/restaurante-de-culinariaNaga.jpg,/gastronomia/naga,assets/js/bulk-photo-references.js,ruta exacta en inventario y referencia presente en código
restaurantes/rio scenarium/Rio Scenarium salon.jpg,/gastronomia/rio-scenarium,assets/js/bulk-photo-references.js,ruta exacta en inventario y referencia presente en código
restaurantes/rio scenarium/Rio Scenarium externo.jpg,/gastronomia/rio-scenarium,assets/js/bulk-photo-references.js; gastronomia/rio-scenarium/index.html,ruta exacta en inventario y referencia presente en código
restaurantes/rio scenarium/Rio Scenarium deco.jpg,/gastronomia/rio-scenarium,assets/js/bulk-photo-references.js; gastronomia/rio-scenarium/index.html,ruta exacta en inventario y referencia presente en código
restaurantes/rio scenarium/feijoada rio escenarium 2.jpg,/gastronomia/rio-scenarium,assets/js/bulk-photo-references.js; gastronomia/rio-scenarium/index.html,ruta exacta en inventario y referencia presente en código
restaurantes/rio scenarium/feijoada rio escenarium4.jpg,/gastronomia/rio-scenarium,assets/js/bulk-photo-references.js; gastronomia/rio-scenarium/index.html,ruta exacta en inventario y referencia presente en código
restaurantes/rio scenarium/Rio Scenarium drinks.jpg,/gastronomia/rio-scenarium,assets/js/bulk-photo-references.js; gastronomia/rio-scenarium/index.html,ruta exacta en inventario y referencia presente en código
restaurantes/rio scenarium/feijoada rio escenarium.jpg,/gastronomia/rio-scenarium,assets/js/bulk-photo-references.js; gastronomia/rio-scenarium/index.html,ruta exacta en inventario y referencia presente en código
restaurantes/rio scenarium/rio scenarium.jpg,/gastronomia/rio-scenarium,assets/js/bulk-photo-references.js; gastronomia/rio-scenarium/index.html,ruta exacta en inventario y referencia presente en código
restaurantes/rio scenarium/Rio Scenarium inteior.jpg,/gastronomia/rio-scenarium,assets/js/bulk-photo-references.js; gastronomia/rio-scenarium/index.html,ruta exacta en inventario y referencia presente en código
restaurantes/rio scenarium/rio-scenarium salon.jpg,/gastronomia/rio-scenarium,assets/js/bulk-photo-references.js; gastronomia/rio-scenarium/index.html,ruta exacta en inventario y referencia presente en código
restaurantes/Babbo Osteria/Babbo Osteria2.jpg,/gastronomia/babbo-osteria,assets/js/bulk-photo-references.js,ruta exacta en inventario y referencia presente en código
restaurantes/Babbo Osteria/Babbo Osteria3.jpg,/gastronomia/babbo-osteria,assets/js/bulk-photo-references.js,ruta exacta en inventario y referencia presente en código
restaurantes/Babbo Osteria/Babbo Osteria4.jpg,/gastronomia/babbo-osteria,assets/js/bulk-photo-references.js,ruta exacta en inventario y referencia presente en código
restaurantes/Babbo Osteria/Babbo Osteria5.jpg,/gastronomia/babbo-osteria,assets/js/bulk-photo-references.js,ruta exacta en inventario y referencia presente en código
restaurantes/Babbo Osteria/Babbo Osteria6.jpg,/gastronomia/babbo-osteria,assets/js/bulk-photo-references.js,ruta exacta en inventario y referencia presente en código
restaurantes/Babbo Osteria/parmigiana-di-melanzane Babbo Osteria.jpg,/gastronomia/babbo-osteria,assets/js/bulk-photo-references.js,ruta exacta en inventario y referencia presente en código
restaurantes/Don Pascual/Don Pascual1.jpg,/gastronomia/don-pascual,assets/js/bulk-photo-references.js,ruta exacta en inventario y referencia presente en código
restaurantes/Don Pascual/Don Pascual2.jpg,/gastronomia/don-pascual,assets/js/bulk-photo-references.js,ruta exacta en inventario y referencia presente en código
restaurantes/Don Pascual/Don Pascual3.jpg,/gastronomia/don-pascual,assets/js/bulk-photo-references.js,ruta exacta en inventario y referencia presente en código
restaurantes/Don Pascual/Don Pascual4.jpg,/gastronomia/don-pascual,assets/js/bulk-photo-references.js,ruta exacta en inventario y referencia presente en código
restaurantes/Don Pascual/Don Pascual5.jpg,/gastronomia/don-pascual,assets/js/bulk-photo-references.js,ruta exacta en inventario y referencia presente en código
restaurantes/Don Pascual/Don Pascual51.jpg,/gastronomia/don-pascual,assets/js/bulk-photo-references.js,ruta exacta en inventario y referencia presente en código
restaurantes/labuta bar/labuta bar1.jpg,/gastronomia/labuta-bar,assets/js/bulk-photo-references.js,ruta exacta en inventario y referencia presente en código
restaurantes/labuta bar/labuta bar2.jpg,/gastronomia/labuta-bar,assets/js/bulk-photo-references.js,ruta exacta en inventario y referencia presente en código
restaurantes/labuta bar/labuta bar23.jpg,/gastronomia/labuta-bar,assets/js/bulk-photo-references.js,ruta exacta en inventario y referencia presente en código
restaurantes/labuta bar/labuta bar5.jpg,/gastronomia/labuta-bar,assets/js/bulk-photo-references.js,ruta exacta en inventario y referencia presente en código
restaurantes/labuta bar/labuta bar6.jpg,/gastronomia/labuta-bar,assets/js/bulk-photo-references.js,ruta exacta en inventario y referencia presente en código
restaurantes/gruta do fado/bacalhau-do-chefgruta do fado.jpg,/gastronomia/gruta-do-fado,assets/js/bulk-photo-references.js,ruta exacta en inventario y referencia presente en código
restaurantes/gruta do fado/camarao-a-bulhao-pato gruta do  xzc.jpg,/gastronomia/gruta-do-fado,assets/js/bulk-photo-references.js,ruta exacta en inventario y referencia presente en código
restaurantes/gruta do fado/camarao-a-bulhao-pato gruta do fado.jpg,/gastronomia/gruta-do-fado,assets/js/bulk-photo-references.js,ruta exacta en inventario y referencia presente en código
restaurantes/gruta do fado/gruta do fado3.jpg,/gastronomia/gruta-do-fado,assets/js/bulk-photo-references.js,ruta exacta en inventario y referencia presente en código
restaurantes/gruta do fado/gruta do fado4.jpg,/gastronomia/gruta-do-fado,assets/js/bulk-photo-references.js,ruta exacta en inventario y referencia presente en código
restaurantes/gruta do fado/gruta do fado5.jpg,/gastronomia/gruta-do-fado,assets/js/bulk-photo-references.js,ruta exacta en inventario y referencia presente en código
restaurantes/Rufino Parrilla/Rufino Parrilla 1.jpg,/gastronomia/rufino-parrilla,assets/js/bulk-photo-references.js,ruta exacta en inventario y referencia presente en código
restaurantes/Rufino Parrilla/Rufino Parrilla2.jpg,/gastronomia/rufino-parrilla,assets/js/bulk-photo-references.js,ruta exacta en inventario y referencia presente en código
restaurantes/Rufino Parrilla/Rufino Parrilla3.jpg,/gastronomia/rufino-parrilla,assets/js/bulk-photo-references.js,ruta exacta en inventario y referencia presente en código
restaurantes/Rufino Parrilla/Rufino Parrilla4.jpg,/gastronomia/rufino-parrilla,assets/js/bulk-photo-references.js,ruta exacta en inventario y referencia presente en código
restaurantes/Rufino Parrilla/Rufino Parrilla5.jpg,/gastronomia/rufino-parrilla,assets/js/bulk-photo-references.js,ruta exacta en inventario y referencia presente en código
restaurantes/Rufino Parrilla/Rufino Parrilla6.jpg,/gastronomia/rufino-parrilla,assets/js/bulk-photo-references.js,ruta exacta en inventario y referencia presente en código
restaurantes/Bira de Guaratiba/Bira de Guaratiba 2.jpg,/gastronomia/bira-de-guaratiba,assets/js/bulk-photo-references.js,ruta exacta en inventario y referencia presente en código
restaurantes/Bira de Guaratiba/Bira de Guaratiba exrt.jpg,/gastronomia/bira-de-guaratiba,assets/js/bulk-photo-references.js,ruta exacta en inventario y referencia presente en código
restaurantes/Bira de Guaratiba/Bira de Guaratiba peixada.jpg,/gastronomia/bira-de-guaratiba,assets/js/bulk-photo-references.js,ruta exacta en inventario y referencia presente en código
restaurantes/Bira de Guaratiba/bira-de-guaratiba 3.jpg,/gastronomia/bira-de-guaratiba,assets/js/bulk-photo-references.js,ruta exacta en inventario y referencia presente en código
restaurantes/Bira de Guaratiba/bira-de-guaratiba 4.jpg,/gastronomia/bira-de-guaratiba,assets/js/bulk-photo-references.js,ruta exacta en inventario y referencia presente en código
restaurantes/Bira de Guaratiba/bira-de-guaratiba 6.jpg,/gastronomia/bira-de-guaratiba,assets/js/bulk-photo-references.js,ruta exacta en inventario y referencia presente en código
restaurantes/Bira de Guaratiba/bira-de-guaratiba exterior vista.jpg,/gastronomia/bira-de-guaratiba,assets/js/bulk-photo-references.js,ruta exacta en inventario y referencia presente en código
restaurantes/Bira de Guaratiba/sobremesa Bira de Guaratiba.jpg,/gastronomia/bira-de-guaratiba,assets/js/bulk-photo-references.js,ruta exacta en inventario y referencia presente en código
restaurantes/bira-de-guaratiba.jpg,/gastronomia/bira-de-guaratiba,assets/js/bulk-photo-references.js,ruta exacta en inventario y referencia presente en código
restaurantes/la fiorentina ipanema/la fiorentina ipanema 1.jpg,/gastronomia/la-fiorentina-ipanema,assets/js/bulk-photo-references.js,ruta exacta en inventario y referencia presente en código
restaurantes/la fiorentina.jpg,/gastronomia/la-fiorentina-ipanema,assets/js/bulk-photo-references.js,ruta exacta en inventario y referencia presente en código
restaurantes/Quartinho/QUARTINHO BAR (1).jpg,/gastronomia/quartinho,assets/js/bulk-photo-references.js,ruta exacta en inventario y referencia presente en código
restaurantes/Quartinho/QUARTINHO BAR (2).jpg,/gastronomia/quartinho,assets/js/bulk-photo-references.js,ruta exacta en inventario y referencia presente en código
restaurantes/Quartinho/QUARTINHO BAR (3).jpg,/gastronomia/quartinho,assets/js/bulk-photo-references.js,ruta exacta en inventario y referencia presente en código
restaurantes/Quartinho/QUARTINHO BAR (4).jpg,/gastronomia/quartinho,assets/js/bulk-photo-references.js,ruta exacta en inventario y referencia presente en código
restaurantes/Marius Degustare/carne-grelhada Marius Degustare.jpg,/gastronomia/marius-degustare,assets/js/bulk-photo-references.js,ruta exacta en inventario y referencia presente en código
restaurantes/Marius Degustare/decoracao-restaurante Marius Degustare.jpg,/gastronomia/marius-degustare,assets/js/bulk-photo-references.js,ruta exacta en inventario y referencia presente en código
restaurantes/Marius Degustare/marius deustare1.jpg,/gastronomia/marius-degustare,assets/js/bulk-photo-references.js,ruta exacta en inventario y referencia presente en código
restaurantes/Marius Degustare/polvo-grelhado Marius Degustare.jpg,/gastronomia/marius-degustare,assets/js/bulk-photo-references.js,ruta exacta en inventario y referencia presente en código
restaurantes/Marius Degustare/mariusdegustare.jpg,/gastronomia/marius-degustare,assets/js/bulk-photo-references.js; gastronomia/marius-degustare/index.html,ruta exacta en inventario y referencia presente en código
restaurantes/Frontera Ipanema/Frontera Ipanema1.jpg,/gastronomia/frontera-ipanema,assets/js/bulk-photo-references.js,ruta exacta en inventario y referencia presente en código
restaurantes/Frontera Ipanema/Frontera Ipanema2.jpg,/gastronomia/frontera-ipanema,assets/js/bulk-photo-references.js,ruta exacta en inventario y referencia presente en código
restaurantes/Frontera Ipanema/Frontera Ipanema3.jpg,/gastronomia/frontera-ipanema,assets/js/bulk-photo-references.js,ruta exacta en inventario y referencia presente en código
restaurantes/Frontera Ipanema/Frontera Ipanema4.jpg,/gastronomia/frontera-ipanema,assets/js/bulk-photo-references.js,ruta exacta en inventario y referencia presente en código
restaurantes/Xian/ambiente-super-agradavel Xian.jpg,/gastronomia/xian,assets/js/bulk-photo-references.js,ruta exacta en inventario y referencia presente en código
restaurantes/Xian/pad-thai-um-dos-pratos Xian.jpg,/gastronomia/xian,assets/js/bulk-photo-references.js,ruta exacta en inventario y referencia presente en código
restaurantes/Xian/salao-do-restaurante Xian.jpg,/gastronomia/xian,assets/js/bulk-photo-references.js,ruta exacta en inventario y referencia presente en código
restaurantes/Xian/Xian4.jpg,/gastronomia/xian,assets/js/bulk-photo-references.js; gastronomia/xian/index.html,ruta exacta en inventario y referencia presente en código
restaurantes/Xian/Xian6.jpg,/gastronomia/xian,assets/js/bulk-photo-references.js; gastronomia/xian/index.html,ruta exacta en inventario y referencia presente en código
restaurantes/Xian/Xian3.jpg,/gastronomia/xian,assets/js/bulk-photo-references.js; gastronomia/xian/index.html,ruta exacta en inventario y referencia presente en código
restaurantes/Xian/varanda-do-restauranteXian.jpg,/gastronomia/xian,assets/js/bulk-photo-references.js; gastronomia/xian/index.html,ruta exacta en inventario y referencia presente en código
restaurantes/confeitaria manon/confeitaria manon1.jpg,/gastronomia/confeitaria-manon,assets/js/bulk-photo-references.js,ruta exacta en inventario y referencia presente en código
restaurantes/confeitaria manon/confeitaria manon2.jpg,/gastronomia/confeitaria-manon,assets/js/bulk-photo-references.js,ruta exacta en inventario y referencia presente en código
restaurantes/confeitaria manon/confeitaria manon3.jpg,/gastronomia/confeitaria-manon,assets/js/bulk-photo-references.js,ruta exacta en inventario y referencia presente en código
restaurantes/confeitaria manon/confeitaria manon4.jpg,/gastronomia/confeitaria-manon,assets/js/bulk-photo-references.js,ruta exacta en inventario y referencia presente en código
restaurantes/confeitaria manon/confeitaria manon5.jpg,/gastronomia/confeitaria-manon,assets/js/bulk-photo-references.js,ruta exacta en inventario y referencia presente en código
restaurantes/confeitaria manon/confeitaria-manon-ouvidor.jpg,/gastronomia/confeitaria-manon,assets/js/bulk-photo-references.js; gastronomia/confeitaria-manon/index.html,ruta exacta en inventario y referencia presente en código
restaurantes/Espaço 7zero6/Espaço 7zero6 1.jpg,/gastronomia/espaco-7zero6,assets/js/bulk-photo-references.js,ruta exacta en inventario y referencia presente en código
restaurantes/Espaço 7zero6/Espaço 7zero6 2.jpg,/gastronomia/espaco-7zero6,assets/js/bulk-photo-references.js,ruta exacta en inventario y referencia presente en código
restaurantes/Espaço 7zero6/Espaço 7zero6 3.jpg,/gastronomia/espaco-7zero6,assets/js/bulk-photo-references.js,ruta exacta en inventario y referencia presente en código
restaurantes/Espaço 7zero6/Espaço 7zero6 4.jpg,/gastronomia/espaco-7zero6,assets/js/bulk-photo-references.js,ruta exacta en inventario y referencia presente en código
restaurantes/Espaço 7zero6/Espaço 7zero6 5.jpg,/gastronomia/espaco-7zero6,assets/js/bulk-photo-references.js,ruta exacta en inventario y referencia presente en código
restaurantes/Espaço 7zero6/Espaço 7zero6 6.jpg,/gastronomia/espaco-7zero6,assets/js/bulk-photo-references.js,ruta exacta en inventario y referencia presente en código
restaurantes/Espaço 7zero6/Espaço 7zero6 7.jpg,/gastronomia/espaco-7zero6,assets/js/bulk-photo-references.js,ruta exacta en inventario y referencia presente en código
restaurantes/Armazém São Thiago/Armazém São Thiago2.jpg,/gastronomia/armazem-sao-thiago,assets/js/bulk-photo-references.js,ruta exacta en inventario y referencia presente en código
restaurantes/Armazém São Thiago/Armazém São Thiago6.jpg,/gastronomia/armazem-sao-thiago,assets/js/bulk-photo-references.js,ruta exacta en inventario y referencia presente en código
restaurantes/Armazém São Thiago/bar-armazem-sao-thiago Armazém São Thiago.jpg,/gastronomia/armazem-sao-thiago,assets/js/bulk-photo-references.js,ruta exacta en inventario y referencia presente en código
restaurantes/Armazém São Thiago/petisco-armazem-sao-thiago Armazém São Thiago.jpg,/gastronomia/armazem-sao-thiago,assets/js/bulk-photo-references.js,ruta exacta en inventario y referencia presente en código
restaurantes/Armazém São Thiago/petisco-pancetinha-do Armazém São Thiago.jpg,/gastronomia/armazem-sao-thiago,assets/js/bulk-photo-references.js,ruta exacta en inventario y referencia presente en código
restaurantes/Armazém São Thiago/petisco-porquinho-enrolado Armazém São Thiago.jpg,/gastronomia/armazem-sao-thiago,assets/js/bulk-photo-references.js,ruta exacta en inventario y referencia presente en código
restaurantes/Hollandaise/atum-em-crosta-de-mix Hollandaise.jpg,/gastronomia/hollandaise,assets/js/bulk-photo-references.js,ruta exacta en inventario y referencia presente en código
restaurantes/Hollandaise/costeleta-de-cordeiro Hollandaise.jpg,/gastronomia/hollandaise,assets/js/bulk-photo-references.js,ruta exacta en inventario y referencia presente en código
restaurantes/Hollandaise/Hollandaise externo.jpg,/gastronomia/hollandaise,assets/js/bulk-photo-references.js,ruta exacta en inventario y referencia presente en código
restaurantes/Hollandaise/Hollandaise salmao.jpg,/gastronomia/hollandaise,assets/js/bulk-photo-references.js,ruta exacta en inventario y referencia presente en código
restaurantes/Hollandaise/namorado-grelhado-com Hollandaise.jpg,/gastronomia/hollandaise,assets/js/bulk-photo-references.js,ruta exacta en inventario y referencia presente en código
restaurantes/Hollandaise/salao-principal Hollandaise.jpg,/gastronomia/hollandaise,assets/js/bulk-photo-references.js,ruta exacta en inventario y referencia presente en código
restaurantes/Hollandaise/talharim-ao-funghi Hollandaise.jpg,/gastronomia/hollandaise,assets/js/bulk-photo-references.js,ruta exacta en inventario y referencia presente en código
restaurantes/Hollandaise/hollandaise.jpg,/gastronomia/hollandaise,assets/js/bulk-photo-references.js; gastronomia/hollandaise/index.html,ruta exacta en inventario y referencia presente en código
restaurantes/jobi/jobi 1.jpg,/gastronomia/jobi,assets/js/bulk-photo-references.js,ruta exacta en inventario y referencia presente en código
restaurantes/jobi/jobi 2.jpg,/gastronomia/jobi,assets/js/bulk-photo-references.js,ruta exacta en inventario y referencia presente en código
restaurantes/jobi/jobi 3.jpg,/gastronomia/jobi,assets/js/bulk-photo-references.js,ruta exacta en inventario y referencia presente en código
restaurantes/jobi/jobi 4.jpg,/gastronomia/jobi,assets/js/bulk-photo-references.js,ruta exacta en inventario y referencia presente en código
restaurantes/jobi/jobi 5.jpg,/gastronomia/jobi,assets/js/bulk-photo-references.js,ruta exacta en inventario y referencia presente en código
restaurantes/jobi/jobi 6.jpg,/gastronomia/jobi,assets/js/bulk-photo-references.js,ruta exacta en inventario y referencia presente en código
restaurantes/jobi/jobi.jpg,/gastronomia/jobi,assets/js/bulk-photo-references.js,ruta exacta en inventario y referencia presente en código
restaurantes/Mocellin Steak/carne-nobres.jpg,/gastronomia/mocellin-steak,assets/js/bulk-photo-references.js,ruta exacta en inventario y referencia presente en código
restaurantes/Mocellin Steak/Mocellin Steak carnes.jpg,/gastronomia/mocellin-steak,assets/js/bulk-photo-references.js,ruta exacta en inventario y referencia presente en código
restaurantes/Mocellin Steak/Mocellin Steak salon.jpg,/gastronomia/mocellin-steak,assets/js/bulk-photo-references.js,ruta exacta en inventario y referencia presente en código
restaurantes/Mocellin Steak/mocellin-steak rissoto.jpg,/gastronomia/mocellin-steak,assets/js/bulk-photo-references.js,ruta exacta en inventario y referencia presente en código
restaurantes/Mocellin Steak/mocellin-steaksushi.jpg,/gastronomia/mocellin-steak,assets/js/bulk-photo-references.js; gastronomia/mocellin-steak/index.html,ruta exacta en inventario y referencia presente en código
restaurantes/Mocellin Steak/mocellin-steak.jpg,/gastronomia/mocellin-steak,assets/js/bulk-photo-references.js; gastronomia/mocellin-steak/index.html,ruta exacta en inventario y referencia presente en código
restaurantes/Bar Luiz/Bar Luiz 1.JPG,/gastronomia/bar-luiz,assets/js/bulk-photo-references.js,ruta exacta en inventario y referencia presente en código
restaurantes/Bar Luiz/Bar Luiz 2.jpg,/gastronomia/bar-luiz,assets/js/bulk-photo-references.js,ruta exacta en inventario y referencia presente en código
restaurantes/Bar Luiz/bar luiz ext.jpg,/gastronomia/bar-luiz,assets/js/bulk-photo-references.js,ruta exacta en inventario y referencia presente en código
restaurantes/Bar Luiz/bar luiz puerta.jpg,/gastronomia/bar-luiz,assets/js/bulk-photo-references.js,ruta exacta en inventario y referencia presente en código
restaurantes/Bar Luiz/bar-luiz-rio-de-janeiro.jpeg,/gastronomia/bar-luiz,assets/js/bulk-photo-references.js,ruta exacta en inventario y referencia presente en código
restaurantes/Bar Luiz/BARLUIZ.jpg,/gastronomia/bar-luiz,assets/js/bulk-photo-references.js; gastronomia/bar-luiz/index.html,ruta exacta en inventario y referencia presente en código
restaurantes/Bar Luiz/bar-luiz-Bar-mais-antigo-do-centro-do-RJ-vai-fechar-as-portas.jpg,/gastronomia/bar-luiz,assets/js/bulk-photo-references.js; gastronomia/bar-luiz/index.html,ruta exacta en inventario y referencia presente en código
restaurantes/Café do Alto/Café do Alto2.jpg,/gastronomia/cafe-do-alto,assets/js/bulk-photo-references.js,ruta exacta en inventario y referencia presente en código
restaurantes/Café do Alto/Café do Alto3.jpg,/gastronomia/cafe-do-alto,assets/js/bulk-photo-references.js,ruta exacta en inventario y referencia presente en código
restaurantes/Café do Alto/Café do Alto4.jpg,/gastronomia/cafe-do-alto,assets/js/bulk-photo-references.js,ruta exacta en inventario y referencia presente en código
restaurantes/Café do Alto/Café do Alto5.jpg,/gastronomia/cafe-do-alto,assets/js/bulk-photo-references.js,ruta exacta en inventario y referencia presente en código
restaurantes/Café do Alto/linda-decoracao Café do Alto.jpg,/gastronomia/cafe-do-alto,assets/js/bulk-photo-references.js,ruta exacta en inventario y referencia presente en código
restaurantes/cachambeer/cachambeer 1.jpg,/gastronomia/cachambeer,assets/js/bulk-photo-references.js,ruta exacta en inventario y referencia presente en código
restaurantes/cachambeer/cachambeer 2.jpg,/gastronomia/cachambeer,assets/js/bulk-photo-references.js,ruta exacta en inventario y referencia presente en código
restaurantes/cachambeer/cachambeer costela.jpg,/gastronomia/cachambeer,assets/js/bulk-photo-references.js,ruta exacta en inventario y referencia presente en código
restaurantes/cachambeer/espaguete-de-camarao cachambeer.jpg,/gastronomia/cachambeer,assets/js/bulk-photo-references.js,ruta exacta en inventario y referencia presente en código
restaurantes/cachambeer/file-de-dourado-a-belle cachambeer.jpg,/gastronomia/cachambeer,assets/js/bulk-photo-references.js,ruta exacta en inventario y referencia presente en código
restaurantes/cachambeer/joelhao-a-pururuca-completo cachambeer.jpg,/gastronomia/cachambeer,assets/js/bulk-photo-references.js,ruta exacta en inventario y referencia presente en código
restaurantes/cachambeer/palmito-in-natura-palmitao cachambeer.jpg,/gastronomia/cachambeer,assets/js/bulk-photo-references.js,ruta exacta en inventario y referencia presente en código
restaurantes/Flor do Céu/Flor do Céu2.jpg,/gastronomia/flor-do-ceu,assets/js/bulk-photo-references.js,ruta exacta en inventario y referencia presente en código
restaurantes/Flor do Céu/Flor do Céu3.jpg,/gastronomia/flor-do-ceu,assets/js/bulk-photo-references.js,ruta exacta en inventario y referencia presente en código
restaurantes/Flor do Céu/Flor do Céu4.jpg,/gastronomia/flor-do-ceu,assets/js/bulk-photo-references.js,ruta exacta en inventario y referencia presente en código
restaurantes/Flor do Céu/Flor do Céu5.jpg,/gastronomia/flor-do-ceu,assets/js/bulk-photo-references.js,ruta exacta en inventario y referencia presente en código
restaurantes/Flor do Céu/Flor do Céu7.jpg,/gastronomia/flor-do-ceu,assets/js/bulk-photo-references.js,ruta exacta en inventario y referencia presente en código
restaurantes/Flor do Céu/nosso-espaco Flor do Céu.jpg,/gastronomia/flor-do-ceu,assets/js/bulk-photo-references.js,ruta exacta en inventario y referencia presente en código
restaurantes/Satyricon/Satyricon 3.jpg,/gastronomia/satyricon,assets/js/bulk-photo-references.js,ruta exacta en inventario y referencia presente en código
restaurantes/Satyricon/Satyricon 4.jpg,/gastronomia/satyricon,assets/js/bulk-photo-references.js,ruta exacta en inventario y referencia presente en código
restaurantes/Satyricon/Satyricon 6.jpg,/gastronomia/satyricon,assets/js/bulk-photo-references.js,ruta exacta en inventario y referencia presente en código
restaurantes/Satyricon/satyricon2.jpg,/gastronomia/satyricon,assets/js/bulk-photo-references.js; gastronomia/satyricon/index.html,ruta exacta en inventario y referencia presente en código
restaurantes/Satyricon/seafood-platterSatyricon.jpg,/gastronomia/satyricon,assets/js/bulk-photo-references.js; gastronomia/satyricon/index.html,ruta exacta en inventario y referencia presente en código
restaurantes/Satyricon/Satyricon7.jpg,/gastronomia/satyricon,assets/js/bulk-photo-references.js; gastronomia/satyricon/index.html,ruta exacta en inventario y referencia presente en código
restaurantes/Satyricon/satyricon1.jpg,/gastronomia/satyricon,assets/js/bulk-photo-references.js; gastronomia/satyricon/index.html,ruta exacta en inventario y referencia presente en código
restaurantes/Mosteiro/bacalhau-a-moda-do-porto Mosteiro.jpg,/gastronomia/mosteiro,assets/js/bulk-photo-references.js,ruta exacta en inventario y referencia presente en código
restaurantes/Mosteiro/bacalhau-bom-e-bacalhau Mosteiro.jpg,/gastronomia/mosteiro,assets/js/bulk-photo-references.js,ruta exacta en inventario y referencia presente en código
restaurantes/Mosteiro/camarao-vg Mosteiro.jpg,/gastronomia/mosteiro,assets/js/bulk-photo-references.js,ruta exacta en inventario y referencia presente en código
restaurantes/Mosteiro/linguado-mosteiro Mosteiro.jpg,/gastronomia/mosteiro,assets/js/bulk-photo-references.js,ruta exacta en inventario y referencia presente en código
restaurantes/Mosteiro/Mosteiro5 resto.jpg,/gastronomia/mosteiro,assets/js/bulk-photo-references.js,ruta exacta en inventario y referencia presente en código
restaurantes/Mosteiro/salao-classico Mosteiro.jpg,/gastronomia/mosteiro,assets/js/bulk-photo-references.js,ruta exacta en inventario y referencia presente en código
restaurantes/Mosteiro/super-bacalhau-com-um Mosteiro.jpg,/gastronomia/mosteiro,assets/js/bulk-photo-references.js,ruta exacta en inventario y referencia presente en código
restaurantes/Curto Café/Curto Café 1.jpg,/gastronomia/curto-cafe,assets/js/bulk-photo-references.js,ruta exacta en inventario y referencia presente en código
restaurantes/Curto Café/Curto Café2.jpg,/gastronomia/curto-cafe,assets/js/bulk-photo-references.js,ruta exacta en inventario y referencia presente en código
restaurantes/Curto Café/Curto Café4.jpg,/gastronomia/curto-cafe,assets/js/bulk-photo-references.js,ruta exacta en inventario y referencia presente en código
restaurantes/Curto Café/mini-brownies Curto Café.jpg,/gastronomia/curto-cafe,assets/js/bulk-photo-references.js,ruta exacta en inventario y referencia presente en código
restaurantes/Pesqueiro/gastronomia-de-excelencia Pesqueiro.jpg,/gastronomia/pesqueiro,assets/js/bulk-photo-references.js,ruta exacta en inventario y referencia presente en código
restaurantes/Pesqueiro/mix-de-frutos-do-mar Pesqueiro.jpg,/gastronomia/pesqueiro,assets/js/bulk-photo-references.js,ruta exacta en inventario y referencia presente en código
restaurantes/Pesqueiro/pesqueirinho-e-caneca Pesqueiro.jpg,/gastronomia/pesqueiro,assets/js/bulk-photo-references.js,ruta exacta en inventario y referencia presente en código
restaurantes/Pesqueiro/pesqueiro-e-vinho-tinto Pesqueiro.jpg,/gastronomia/pesqueiro,assets/js/bulk-photo-references.js,ruta exacta en inventario y referencia presente en código
restaurantes/Pesqueiro/restaurante Pesqueiro.jpg,/gastronomia/pesqueiro,assets/js/bulk-photo-references.js,ruta exacta en inventario y referencia presente en código
restaurantes/Pesqueiro/vista-inesquecivel Pesqueiro.jpg,/gastronomia/pesqueiro,assets/js/bulk-photo-references.js,ruta exacta en inventario y referencia presente en código
restaurantes/Don Camillo/dom-camilo 5.jpg,/gastronomia/don-camillo,assets/js/bulk-photo-references.js,ruta exacta en inventario y referencia presente en código
restaurantes/Don Camillo/dom-camilo 6.jpg,/gastronomia/don-camillo,assets/js/bulk-photo-references.js,ruta exacta en inventario y referencia presente en código
restaurantes/Don Camillo/Don Camillo 1.jpg,/gastronomia/don-camillo,assets/js/bulk-photo-references.js,ruta exacta en inventario y referencia presente en código
restaurantes/Don Camillo/Don Camillo 2.jpg,/gastronomia/don-camillo,assets/js/bulk-photo-references.js,ruta exacta en inventario y referencia presente en código
restaurantes/Don Camillo/Don Camillo 3.jpg,/gastronomia/don-camillo,assets/js/bulk-photo-references.js,ruta exacta en inventario y referencia presente en código
restaurantes/Don Camillo/Don Camillo 4.jpg,/gastronomia/don-camillo,assets/js/bulk-photo-references.js,ruta exacta en inventario y referencia presente en código
restaurantes/Don Camillo/Don Camillo 7.jpg,/gastronomia/don-camillo,assets/js/bulk-photo-references.js,ruta exacta en inventario y referencia presente en código
restaurantes/Don Camillo/insalata-don-camillo Don Camillo.jpg,/gastronomia/don-camillo,assets/js/bulk-photo-references.js,ruta exacta en inventario y referencia presente en código
restaurantes/Arp Bar/Arp Bar 3.jpg,/gastronomia/arp-bar,assets/js/bulk-photo-references.js,ruta exacta en inventario y referencia presente en código
restaurantes/Arp Bar/Arp Bar 4.jpg,/gastronomia/arp-bar,assets/js/bulk-photo-references.js,ruta exacta en inventario y referencia presente en código
restaurantes/Arp Bar/Arp Bar 5.jpg,/gastronomia/arp-bar,assets/js/bulk-photo-references.js,ruta exacta en inventario y referencia presente en código
restaurantes/Arp Bar/Arp Bar 6.jpg,/gastronomia/arp-bar,assets/js/bulk-photo-references.js,ruta exacta en inventario y referencia presente en código
restaurantes/Arp Bar/Arp Bar 7.jpg,/gastronomia/arp-bar,assets/js/bulk-photo-references.js,ruta exacta en inventario y referencia presente en código
restaurantes/Arp Bar/Arp Barc2.jpg,/gastronomia/arp-bar,assets/js/bulk-photo-references.js,ruta exacta en inventario y referencia presente en código
restaurantes/Arp Bar/by-the-sea-and-full-of Arp Bar.jpg,/gastronomia/arp-bar,assets/js/bulk-photo-references.js,ruta exacta en inventario y referencia presente en código
restaurantes/Arp Bar/by-the-sea-and-full-of Arp Bar7.jpg,/gastronomia/arp-bar,assets/js/bulk-photo-references.js,ruta exacta en inventario y referencia presente en código
restaurantes/Margutta Ipanema/grelhada-do-mar Margutta Ipanema.jpg,/gastronomia/margutta-ipanema,assets/js/bulk-photo-references.js,ruta exacta en inventario y referencia presente en código
restaurantes/Margutta Ipanema/nossa-casa Margutta Ipanema.jpg,/gastronomia/margutta-ipanema,assets/js/bulk-photo-references.js,ruta exacta en inventario y referencia presente en código
restaurantes/Margutta Ipanema/nossa-casaMargutta Ipanema.jpg,/gastronomia/margutta-ipanema,assets/js/bulk-photo-references.js,ruta exacta en inventario y referencia presente en código
restaurantes/Margutta Ipanema/nossas-lagostas-ja-preparadas Margutta Ipanema.jpg,/gastronomia/margutta-ipanema,assets/js/bulk-photo-references.js,ruta exacta en inventario y referencia presente en código
restaurantes/Margutta Ipanema/risotto-com-vieirasMargutta Ipanema.jpg,/gastronomia/margutta-ipanema,assets/js/bulk-photo-references.js,ruta exacta en inventario y referencia presente en código
restaurantes/Margutta Ipanema/salao-1-andarMargutta Ipanema.jpg,/gastronomia/margutta-ipanema,assets/js/bulk-photo-references.js,ruta exacta en inventario y referencia presente en código
restaurantes/Angu do Gomes/Angu do Gomes 2.jpg,/gastronomia/angu-do-gomes,assets/js/bulk-photo-references.js,ruta exacta en inventario y referencia presente en código
restaurantes/Angu do Gomes/Angu do Gomes 5.jpg,/gastronomia/angu-do-gomes,assets/js/bulk-photo-references.js,ruta exacta en inventario y referencia presente en código
restaurantes/Angu do Gomes/Angu do Gomes port 2.jpg,/gastronomia/angu-do-gomes,assets/js/bulk-photo-references.js,ruta exacta en inventario y referencia presente en código
restaurantes/Angu do Gomes/Angu do Gomes.jpg,/gastronomia/angu-do-gomes,assets/js/bulk-photo-references.js,ruta exacta en inventario y referencia presente en código
restaurantes/Angu do Gomes/Angu do Gomes3.jpg,/gastronomia/angu-do-gomes,assets/js/bulk-photo-references.js,ruta exacta en inventario y referencia presente en código
restaurantes/Angu do Gomes/Angu do Gomes4.jpg,/gastronomia/angu-do-gomes,assets/js/bulk-photo-references.js,ruta exacta en inventario y referencia presente en código
restaurantes/Angu do Gomes/tradicional-boteco-carioca Angu do Gomes.jpg,/gastronomia/angu-do-gomes,assets/js/bulk-photo-references.js,ruta exacta en inventario y referencia presente en código
restaurantes/Coisa de Carioca/Coisa de Carioca 8.avif,/gastronomia/coisa-de-carioca,assets/js/bulk-photo-references.js,ruta exacta en inventario y referencia presente en código
restaurantes/Coisa de Carioca/Coisa de Carioca 1.jpg,/gastronomia/coisa-de-carioca,assets/js/bulk-photo-references.js; gastronomia/coisa-de-carioca/index.html,ruta exacta en inventario y referencia presente en código
restaurantes/Coisa de Carioca/Coisa de Carioca 4.jpg,/gastronomia/coisa-de-carioca,assets/js/bulk-photo-references.js; gastronomia/coisa-de-carioca/index.html,ruta exacta en inventario y referencia presente en código
restaurantes/Coisa de Carioca/Coisa de Carioca 6.jpg,/gastronomia/coisa-de-carioca,assets/js/bulk-photo-references.js; gastronomia/coisa-de-carioca/index.html,ruta exacta en inventario y referencia presente en código
restaurantes/Coisa de Carioca/Coisa de Carioca 5.jpg,/gastronomia/coisa-de-carioca,assets/js/bulk-photo-references.js; gastronomia/coisa-de-carioca/index.html,ruta exacta en inventario y referencia presente en código
restaurantes/Coisa de Carioca/Coisa de Carioca 3.jpg,/gastronomia/coisa-de-carioca,assets/js/bulk-photo-references.js; gastronomia/coisa-de-carioca/index.html,ruta exacta en inventario y referencia presente en código
restaurantes/Coisa de Carioca/Coisa de Carioca 2.jpg,/gastronomia/coisa-de-carioca,assets/js/bulk-photo-references.js; gastronomia/coisa-de-carioca/index.html,ruta exacta en inventario y referencia presente en código
restaurantes/Coisa de Carioca/Coisa de Carioca 61.jpg,/gastronomia/coisa-de-carioca,assets/js/bulk-photo-references.js; gastronomia/coisa-de-carioca/index.html,ruta exacta en inventario y referencia presente en código
restaurantes/Coisa de Carioca/Coisa de Carioca principal.jpg,/gastronomia/coisa-de-carioca,assets/js/bulk-photo-references.js; gastronomia/coisa-de-carioca/index.html,ruta exacta en inventario y referencia presente en código
restaurantes/Coisa de Carioca/Coisa de Carioca 7.jpg,/gastronomia/coisa-de-carioca,assets/js/bulk-photo-references.js; gastronomia/coisa-de-carioca/index.html,ruta exacta en inventario y referencia presente en código
restaurantes/Casa do Sardo/Casa do Sardo1.jpg,/gastronomia/casa-do-sardo,assets/js/bulk-photo-references.js,ruta exacta en inventario y referencia presente en código
restaurantes/Casa do Sardo/Casa do Sardo2.jpg,/gastronomia/casa-do-sardo,assets/js/bulk-photo-references.js,ruta exacta en inventario y referencia presente en código
restaurantes/Casa do Sardo/Casa do Sardo3.jpg,/gastronomia/casa-do-sardo,assets/js/bulk-photo-references.js,ruta exacta en inventario y referencia presente en código
restaurantes/Casa do Sardo/Casa do Sardo4.jpg,/gastronomia/casa-do-sardo,assets/js/bulk-photo-references.js,ruta exacta en inventario y referencia presente en código
restaurantes/Casa do Sardo/Casa do Sardo5.jpg,/gastronomia/casa-do-sardo,assets/js/bulk-photo-references.js,ruta exacta en inventario y referencia presente en código
restaurantes/Casa do Sardo/tabua-de-frios-e-paesCasa do Sardo.jpg,/gastronomia/casa-do-sardo,assets/js/bulk-photo-references.js,ruta exacta en inventario y referencia presente en código
restaurantes/Polvo Marisqueria/DPolvo Marisqueria.jpg,/gastronomia/polvo-marisqueria,assets/js/bulk-photo-references.js,ruta exacta en inventario y referencia presente en código
restaurantes/Polvo Marisqueria/Polvo Marisqueria 5.jpg,/gastronomia/polvo-marisqueria,assets/js/bulk-photo-references.js,ruta exacta en inventario y referencia presente en código
restaurantes/Polvo Marisqueria/Polvo Marisqueria1.jpg,/gastronomia/polvo-marisqueria,assets/js/bulk-photo-references.js,ruta exacta en inventario y referencia presente en código
restaurantes/Polvo Marisqueria/Polvo MarisqueriaENTRADA.jpg,/gastronomia/polvo-marisqueria,assets/js/bulk-photo-references.js,ruta exacta en inventario y referencia presente en código
restaurantes/Polvo Marisqueria/pratos-divinos-preparados Polvo Marisqueria.jpg,/gastronomia/polvo-marisqueria,assets/js/bulk-photo-references.js,ruta exacta en inventario y referencia presente en código
restaurantes/Polvo Marisqueria/pratos-divinos-preparadosPolvo Marisqueria.jpg,/gastronomia/polvo-marisqueria,assets/js/bulk-photo-references.js,ruta exacta en inventario y referencia presente en código
restaurantes/Café Lamas/Café Lamas2.jpg,/gastronomia/cafe-lamas,assets/js/bulk-photo-references.js,ruta exacta en inventario y referencia presente en código
restaurantes/Café Lamas/Café Lamas3.jpg,/gastronomia/cafe-lamas,assets/js/bulk-photo-references.js,ruta exacta en inventario y referencia presente en código
restaurantes/Café Lamas/Café Lamas4.jpg,/gastronomia/cafe-lamas,assets/js/bulk-photo-references.js,ruta exacta en inventario y referencia presente en código
restaurantes/Café Lamas/Café Lamas5.jpg,/gastronomia/cafe-lamas,assets/js/bulk-photo-references.js,ruta exacta en inventario y referencia presente en código
restaurantes/Café Lamas/Café Lamas6.jpg,/gastronomia/cafe-lamas,assets/js/bulk-photo-references.js,ruta exacta en inventario y referencia presente en código
restaurantes/Café Lamas/Café Lamas7.jpg,/gastronomia/cafe-lamas,assets/js/bulk-photo-references.js,ruta exacta en inventario y referencia presente en código
restaurantes/Café Lamas/cafe-lamas1.jpg,/gastronomia/cafe-lamas,assets/js/bulk-photo-references.js; gastronomia/cafe-lamas/index.html,ruta exacta en inventario y referencia presente en código
restaurantes/Pobre Juan/alta-gastronomia-em-carnes Pobre Juan.jpg,/gastronomia/pobre-juan,assets/js/bulk-photo-references.js,ruta exacta en inventario y referencia presente en código
restaurantes/Pobre Juan/fachadae Pobre Juan.jpg,/gastronomia/pobre-juan,assets/js/bulk-photo-references.js,ruta exacta en inventario y referencia presente en código
restaurantes/Pobre Juan/Pobre Juan 2.jpg,/gastronomia/pobre-juan,assets/js/bulk-photo-references.js,ruta exacta en inventario y referencia presente en código
restaurantes/Pobre Juan/Pobre Juan 3.jpg,/gastronomia/pobre-juan,assets/js/bulk-photo-references.js,ruta exacta en inventario y referencia presente en código
restaurantes/Pobre Juan/Pobre Juan 31.jpg,/gastronomia/pobre-juan,assets/js/bulk-photo-references.js,ruta exacta en inventario y referencia presente en código
restaurantes/Pobre Juan/salmao-com-risoto-de Pobre Juan.jpg,/gastronomia/pobre-juan,assets/js/bulk-photo-references.js,ruta exacta en inventario y referencia presente en código
restaurantes/Pobre Juan/pobre-juan-barra-da-tijuca.jpg,/gastronomia/pobre-juan,assets/js/bulk-photo-references.js,ruta exacta en inventario y referencia presente en código
restaurantes/pobre-juan-barra-da-tijuca.jpg,/gastronomia/pobre-juan,assets/js/bulk-photo-references.js,ruta exacta en inventario y referencia presente en código
restaurantes/Yūsha/made-in-japan Yūsha.jpg,/gastronomia/yusha,assets/js/bulk-photo-references.js,ruta exacta en inventario y referencia presente en código
restaurantes/Yūsha/Yūsha6.jpg,/gastronomia/yusha,assets/js/bulk-photo-references.js; gastronomia/yusha/index.html,ruta exacta en inventario y referencia presente en código
restaurantes/Yūsha/Yūsha2.jpg,/gastronomia/yusha,assets/js/bulk-photo-references.js; gastronomia/yusha/index.html,ruta exacta en inventario y referencia presente en código
restaurantes/Yūsha/Yūsha7.jpg,/gastronomia/yusha,assets/js/bulk-photo-references.js; gastronomia/yusha/index.html,ruta exacta en inventario y referencia presente en código
restaurantes/Yūsha/Yūsha5.jpg,/gastronomia/yusha,assets/js/bulk-photo-references.js; gastronomia/yusha/index.html,ruta exacta en inventario y referencia presente en código
restaurantes/Yūsha/Yūsha8.jpg,/gastronomia/yusha,assets/js/bulk-photo-references.js; gastronomia/yusha/index.html,ruta exacta en inventario y referencia presente en código
restaurantes/Yūsha/Yūsha4.jpg,/gastronomia/yusha,assets/js/bulk-photo-references.js; gastronomia/yusha/index.html,ruta exacta en inventario y referencia presente en código
restaurantes/Yūsha/Yūsha3.jpg,/gastronomia/yusha,assets/js/bulk-photo-references.js; gastronomia/yusha/index.html,ruta exacta en inventario y referencia presente en código
restaurantes/Reino Vegetal/Reino Vegetal1.jpg,/gastronomia/reino-vegetal,assets/js/bulk-photo-references.js,ruta exacta en inventario y referencia presente en código
restaurantes/Reino Vegetal/Reino Vegetal2.jpg,/gastronomia/reino-vegetal,assets/js/bulk-photo-references.js,ruta exacta en inventario y referencia presente en código
restaurantes/Reino Vegetal/Reino Vegetal3.jpg,/gastronomia/reino-vegetal,assets/js/bulk-photo-references.js,ruta exacta en inventario y referencia presente en código
restaurantes/Reino Vegetal/Reino Vegetal4.jpg,/gastronomia/reino-vegetal,assets/js/bulk-photo-references.js,ruta exacta en inventario y referencia presente en código
restaurantes/Reino Vegetal/Reino Vegetal5.jpg,/gastronomia/reino-vegetal,assets/js/bulk-photo-references.js,ruta exacta en inventario y referencia presente en código
restaurantes/Cais do Oriente/area-externa-o-melhor Cais do Oriente.jpg,/gastronomia/cais-do-oriente,assets/js/bulk-photo-references.js,ruta exacta en inventario y referencia presente en código
restaurantes/Cais do Oriente/burrata-com-parma-e-figos Cais do Oriente.jpg,/gastronomia/cais-do-oriente,assets/js/bulk-photo-references.js,ruta exacta en inventario y referencia presente en código
restaurantes/Cais do Oriente/Cais do Oriente 2.jpg,/gastronomia/cais-do-oriente,assets/js/bulk-photo-references.js,ruta exacta en inventario y referencia presente en código
restaurantes/Cais do Oriente/Cais do Oriente carne.jpg,/gastronomia/cais-do-oriente,assets/js/bulk-photo-references.js,ruta exacta en inventario y referencia presente en código
restaurantes/Cais do Oriente/jardim-do-cais-para-os Cais do Oriente.jpg,/gastronomia/cais-do-oriente,assets/js/bulk-photo-references.js,ruta exacta en inventario y referencia presente en código
restaurantes/Cais do Oriente/nhoque-com-molho-rustico Cais do Oriente.jpg,/gastronomia/cais-do-oriente,assets/js/bulk-photo-references.js,ruta exacta en inventario y referencia presente en código
restaurantes/Cais do Oriente/salmao-grelhado-com-musseline Cais do Oriente.jpg,/gastronomia/cais-do-oriente,assets/js/bulk-photo-references.js,ruta exacta en inventario y referencia presente en código
restaurantes/cais do oriente.jpg,/gastronomia/cais-do-oriente,assets/js/bulk-photo-references.js,ruta exacta en inventario y referencia presente en código
restaurantes/Talho Capixaba IPANEMA/Talho Capixaba IPANEMA.jpg,/gastronomia/talho-capixaba-ipanema,assets/js/bulk-photo-references.js,ruta exacta en inventario y referencia presente en código
restaurantes/Talho Capixaba IPANEMA/Talho Capixaba IPANEMA1.jpg,/gastronomia/talho-capixaba-ipanema,assets/js/bulk-photo-references.js,ruta exacta en inventario y referencia presente en código
restaurantes/Talho Capixaba IPANEMA/Talho Capixaba IPANEMA3.jpg,/gastronomia/talho-capixaba-ipanema,assets/js/bulk-photo-references.js,ruta exacta en inventario y referencia presente en código
restaurantes/Talho Capixaba IPANEMA/Talho Capixaba IPANEMA4.jpg,/gastronomia/talho-capixaba-ipanema,assets/js/bulk-photo-references.js,ruta exacta en inventario y referencia presente en código
restaurantes/Talho Capixaba IPANEMA/Talho Capixaba IPANEMA5.jpg,/gastronomia/talho-capixaba-ipanema,assets/js/bulk-photo-references.js,ruta exacta en inventario y referencia presente en código
restaurantes/Talho Capixaba IPANEMA/Talho Capixaba IPANEMA6.jpg,/gastronomia/talho-capixaba-ipanema,assets/js/bulk-photo-references.js,ruta exacta en inventario y referencia presente en código
restaurantes/Talho Capixaba IPANEMA/Talho Capixaba IPANEMA7.jpg,/gastronomia/talho-capixaba-ipanema,assets/js/bulk-photo-references.js,ruta exacta en inventario y referencia presente en código
restaurantes/Talho Capixaba IPANEMA/Talho Capixaba IPANEMA8.jpg,/gastronomia/talho-capixaba-ipanema,assets/js/bulk-photo-references.js,ruta exacta en inventario y referencia presente en código
restaurantes/Joaquina/bolo-de-chocolate-com Joaquina.jpg,/gastronomia/joaquina,assets/js/bulk-photo-references.js,ruta exacta en inventario y referencia presente en código
restaurantes/Joaquina/classicos Joaquina.jpg,/gastronomia/joaquina,assets/js/bulk-photo-references.js,ruta exacta en inventario y referencia presente en código
restaurantes/Joaquina/feijao-vermelho-arroz Joaquina.jpg,/gastronomia/joaquina,assets/js/bulk-photo-references.js,ruta exacta en inventario y referencia presente en código
restaurantes/Joaquina/Joaquina 2.jpg,/gastronomia/joaquina,assets/js/bulk-photo-references.js,ruta exacta en inventario y referencia presente en código
restaurantes/Joaquina/Joaquina 5.jpg,/gastronomia/joaquina,assets/js/bulk-photo-references.js,ruta exacta en inventario y referencia presente en código
restaurantes/Joaquina/Joaquina 6.jpg,/gastronomia/joaquina,assets/js/bulk-photo-references.js,ruta exacta en inventario y referencia presente en código
restaurantes/Joaquina/Joaquina 7.jpg,/gastronomia/joaquina,assets/js/bulk-photo-references.js,ruta exacta en inventario y referencia presente en código
restaurantes/Joaquina/mini-hamburguer-de-camarao Joaquina.jpg,/gastronomia/joaquina,assets/js/bulk-photo-references.js,ruta exacta en inventario y referencia presente en código
restaurantes/Basha/Basha cardapio.jpg,/gastronomia/basha,assets/js/bulk-photo-references.js,ruta exacta en inventario y referencia presente en código
restaurantes/Basha/basha-comida-libanesa (1).jpg,/gastronomia/basha,assets/js/bulk-photo-references.js,ruta exacta en inventario y referencia presente en código
restaurantes/Basha/basha-comida-libanesa.jpg,/gastronomia/basha,assets/js/bulk-photo-references.js,ruta exacta en inventario y referencia presente en código
restaurantes/Basha/Basha.jpg,/gastronomia/basha,assets/js/bulk-photo-references.js,ruta exacta en inventario y referencia presente en código
restaurantes/Basha/cardapio-basha (1) Basha.jpg,/gastronomia/basha,assets/js/bulk-photo-references.js,ruta exacta en inventario y referencia presente en código
restaurantes/Basha/cardapio-basha.jpg,/gastronomia/basha,assets/js/bulk-photo-references.js,ruta exacta en inventario y referencia presente en código
restaurantes/Basha/misto-grelhado Basha.jpg,/gastronomia/basha,assets/js/bulk-photo-references.js,ruta exacta en inventario y referencia presente en código
restaurantes/Basha/salada-fatouch Basha.jpg,/gastronomia/basha,assets/js/bulk-photo-references.js,ruta exacta en inventario y referencia presente en código
restaurantes/venga ipanema/balcony venga ipanema.jpg,/gastronomia/venga-ipanema,assets/js/bulk-photo-references.js,ruta exacta en inventario y referencia presente en código
restaurantes/venga ipanema/charcuteria venga ipanema.jpg,/gastronomia/venga-ipanema,assets/js/bulk-photo-references.js,ruta exacta en inventario y referencia presente en código
restaurantes/venga ipanema/drinks venga ipanema.jpg,/gastronomia/venga-ipanema,assets/js/bulk-photo-references.js,ruta exacta en inventario y referencia presente en código
restaurantes/venga ipanema/paella venga ipanema.jpg,/gastronomia/venga-ipanema,assets/js/bulk-photo-references.js,ruta exacta en inventario y referencia presente en código
restaurantes/venga ipanema/second-floor-viewvenga ipanema.jpg,/gastronomia/venga-ipanema,assets/js/bulk-photo-references.js,ruta exacta en inventario y referencia presente en código
restaurantes/venga ipanema/tapasvenga ipanema.jpg,/gastronomia/venga-ipanema,assets/js/bulk-photo-references.js,ruta exacta en inventario y referencia presente en código
restaurantes/venga ipanema/venga ipanema 2.jpg,/gastronomia/venga-ipanema,assets/js/bulk-photo-references.js,ruta exacta en inventario y referencia presente en código
restaurantes/venga ipanema/venga ipanema4.jpg,/gastronomia/venga-ipanema,assets/js/bulk-photo-references.js,ruta exacta en inventario y referencia presente en código
restaurantes/cervantes copacabana/cervantes copa 2.jpg,/gastronomia/cervantes-copacabana,assets/js/bulk-photo-references.js,ruta exacta en inventario y referencia presente en código
restaurantes/cervantes copacabana/cervantes copa 3.jpg,/gastronomia/cervantes-copacabana,assets/js/bulk-photo-references.js,ruta exacta en inventario y referencia presente en código
restaurantes/cervantes copacabana/cervantes copa 4.jpg,/gastronomia/cervantes-copacabana,assets/js/bulk-photo-references.js,ruta exacta en inventario y referencia presente en código
restaurantes/cervantes copacabana/cervantes copa 5.jpg,/gastronomia/cervantes-copacabana,assets/js/bulk-photo-references.js,ruta exacta en inventario y referencia presente en código
restaurantes/cervantes copacabana/cervantes copa 6.jpg,/gastronomia/cervantes-copacabana,assets/js/bulk-photo-references.js,ruta exacta en inventario y referencia presente en código
restaurantes/cervantes copacabana/cervantes copacabana 1.jpg,/gastronomia/cervantes-copacabana,assets/js/bulk-photo-references.js,ruta exacta en inventario y referencia presente en código
restaurantes/cervantes copa.jpg,/gastronomia/cervantes-copacabana,assets/js/bulk-photo-references.js,ruta exacta en inventario y referencia presente en código
restaurantes/Escama/mesa-farta Escama.jpg,/gastronomia/escama,assets/js/bulk-photo-references.js,ruta exacta en inventario y referencia presente en código
restaurantes/Escama/na-mesa Escama.jpg,/gastronomia/escama,assets/js/bulk-photo-references.js,ruta exacta en inventario y referencia presente en código
restaurantes/Escama/Escama6.jpg,/gastronomia/escama,assets/js/bulk-photo-references.js; gastronomia/escama/index.html,ruta exacta en inventario y referencia presente en código
restaurantes/Escama/ambiente-do-escama1.jpg,/gastronomia/escama,assets/js/bulk-photo-references.js; gastronomia/escama/index.html,ruta exacta en inventario y referencia presente en código
restaurantes/Escama/na-brasaEscama.jpg,/gastronomia/escama,assets/js/bulk-photo-references.js; gastronomia/escama/index.html,ruta exacta en inventario y referencia presente en código
restaurantes/Escama/do-mar-a-mesaEscama.jpg,/gastronomia/escama,assets/js/bulk-photo-references.js; gastronomia/escama/index.html,ruta exacta en inventario y referencia presente en código
restaurantes/Rotisseria Sírio Libanesa/Rotisseria Sírio Libanesa.jpg,/gastronomia/rotisseria-sirio-libanesa,assets/js/bulk-photo-references.js,ruta exacta en inventario y referencia presente en código
restaurantes/Rotisseria Sírio Libanesa/Rotisseria Sírio Libanesa2.jpg,/gastronomia/rotisseria-sirio-libanesa,assets/js/bulk-photo-references.js,ruta exacta en inventario y referencia presente en código
restaurantes/Rotisseria Sírio Libanesa/Rotisseria Sírio Libanesa3.jpg,/gastronomia/rotisseria-sirio-libanesa,assets/js/bulk-photo-references.js,ruta exacta en inventario y referencia presente en código
restaurantes/Rotisseria Sírio Libanesa/Rotisseria Sírio Libanesa4.jpg,/gastronomia/rotisseria-sirio-libanesa,assets/js/bulk-photo-references.js,ruta exacta en inventario y referencia presente en código
restaurantes/Rotisseria Sírio Libanesa/Rotisseria Sírio Libanesa5.jpg,/gastronomia/rotisseria-sirio-libanesa,assets/js/bulk-photo-references.js,ruta exacta en inventario y referencia presente en código
restaurantes/Rotisseria Sírio Libanesa/rotisseria-sirio-libanesa1.jpg,/gastronomia/rotisseria-sirio-libanesa,assets/js/bulk-photo-references.js; gastronomia/rotisseria-sirio-libanesa/index.html,ruta exacta en inventario y referencia presente en código
restaurantes/Tacacá do Norte/Tacacá do Norte.jpg,/gastronomia/tacaca-do-norte,assets/js/bulk-photo-references.js,ruta exacta en inventario y referencia presente en código
restaurantes/Tacacá do Norte/Tacacá do Norte1.jpg,/gastronomia/tacaca-do-norte,assets/js/bulk-photo-references.js,ruta exacta en inventario y referencia presente en código
restaurantes/Tacacá do Norte/Tacacá do Norte2.jpg,/gastronomia/tacaca-do-norte,assets/js/bulk-photo-references.js,ruta exacta en inventario y referencia presente en código
restaurantes/Tacacá do Norte/Tacacá do Norte3.jpg,/gastronomia/tacaca-do-norte,assets/js/bulk-photo-references.js,ruta exacta en inventario y referencia presente en código
restaurantes/Tacacá do Norte/Tacacá do Norte4.jpg,/gastronomia/tacaca-do-norte,assets/js/bulk-photo-references.js,ruta exacta en inventario y referencia presente en código
restaurantes/Tacacá do Norte/tacaca-do-norte5.jpg,/gastronomia/tacaca-do-norte,assets/js/bulk-photo-references.js; gastronomia/tacaca-do-norte/index.html,ruta exacta en inventario y referencia presente en código
restaurantes/Bar da Gema/Bar da Gema2.jpg,/gastronomia/bar-da-gema,assets/js/bulk-photo-references.js,ruta exacta en inventario y referencia presente en código
restaurantes/Bar da Gema/Bar da Gema3.jpg,/gastronomia/bar-da-gema,assets/js/bulk-photo-references.js,ruta exacta en inventario y referencia presente en código
restaurantes/Bar da Gema/Bar da Gema5.jpg,/gastronomia/bar-da-gema,assets/js/bulk-photo-references.js,ruta exacta en inventario y referencia presente en código
restaurantes/Bar da Gema/bar-da-gema34.jpg,/gastronomia/bar-da-gema,assets/js/bulk-photo-references.js; gastronomia/bar-da-gema/index.html,ruta exacta en inventario y referencia presente en código
restaurantes/Bar da Gema/bar-da-gema1.jpg,/gastronomia/bar-da-gema,assets/js/bulk-photo-references.js; gastronomia/bar-da-gema/index.html,ruta exacta en inventario y referencia presente en código
restaurantes/assador/assador 2.jpg,/gastronomia/assador,assets/js/bulk-photo-references.js,ruta exacta en inventario y referencia presente en código
restaurantes/assador/Assador 3.jpg,/gastronomia/assador,assets/js/bulk-photo-references.js,ruta exacta en inventario y referencia presente en código
restaurantes/assador/Assador 4.jpg,/gastronomia/assador,assets/js/bulk-photo-references.js,ruta exacta en inventario y referencia presente en código
restaurantes/assador/carne Assador.jpg,/gastronomia/assador,assets/js/bulk-photo-references.js,ruta exacta en inventario y referencia presente en código
restaurantes/assador/entrada Assador.jpg,/gastronomia/assador,assets/js/bulk-photo-references.js,ruta exacta en inventario y referencia presente en código
restaurantes/assador/saao Assador.jpg,/gastronomia/assador,assets/js/bulk-photo-references.js,ruta exacta en inventario y referencia presente en código
restaurantes/assador/sobremesa Assador.jpg,/gastronomia/assador,assets/js/bulk-photo-references.js,ruta exacta en inventario y referencia presente en código
restaurantes/KILOGRAMA CENTRO/KILOGRAMA CENTRO1.jpg,/gastronomia/kilograma-centro,assets/js/bulk-photo-references.js,ruta exacta en inventario y referencia presente en código
restaurantes/KILOGRAMA CENTRO/KILOGRAMA CENTRO2.jpg,/gastronomia/kilograma-centro,assets/js/bulk-photo-references.js,ruta exacta en inventario y referencia presente en código
restaurantes/KILOGRAMA CENTRO/KILOGRAMA CENTRO3.jpg,/gastronomia/kilograma-centro,assets/js/bulk-photo-references.js,ruta exacta en inventario y referencia presente en código
restaurantes/KILOGRAMA CENTRO/KILOGRAMA CENTRO4.jpg,/gastronomia/kilograma-centro,assets/js/bulk-photo-references.js,ruta exacta en inventario y referencia presente en código
restaurantes/KILOGRAMA CENTRO/KILOGRAMA CENTRO5.jpg,/gastronomia/kilograma-centro,assets/js/bulk-photo-references.js,ruta exacta en inventario y referencia presente en código
restaurantes/Chez Claude/cherne-com-banana Chez Claude.jpg,/gastronomia/chez-claude,assets/js/bulk-photo-references.js,ruta exacta en inventario y referencia presente en código
restaurantes/Chez Claude/Chez Claude 4.jpg,/gastronomia/chez-claude,assets/js/bulk-photo-references.js,ruta exacta en inventario y referencia presente en código
restaurantes/Chez Claude/Chez Claude cocina.jpg,/gastronomia/chez-claude,assets/js/bulk-photo-references.js,ruta exacta en inventario y referencia presente en código
restaurantes/Chez Claude/Chez Claude2.jpg,/gastronomia/chez-claude,assets/js/bulk-photo-references.js,ruta exacta en inventario y referencia presente en código
restaurantes/Chez Claude/ovo-caviar Chez Claude.jpg,/gastronomia/chez-claude,assets/js/bulk-photo-references.js,ruta exacta en inventario y referencia presente en código
restaurantes/Chez Claude/salao-interno Chez Claude.jpg,/gastronomia/chez-claude,assets/js/bulk-photo-references.js,ruta exacta en inventario y referencia presente en código
restaurantes/Point de Grumari/Point de Grumari1.jpg,/gastronomia/point-de-grumari,assets/js/bulk-photo-references.js,ruta exacta en inventario y referencia presente en código
restaurantes/Point de Grumari/Point de Grumari2.jpg,/gastronomia/point-de-grumari,assets/js/bulk-photo-references.js,ruta exacta en inventario y referencia presente en código
restaurantes/Point de Grumari/Point de Grumari3.jpg,/gastronomia/point-de-grumari,assets/js/bulk-photo-references.js,ruta exacta en inventario y referencia presente en código
restaurantes/Point de Grumari/Point de Grumari4.jpg,/gastronomia/point-de-grumari,assets/js/bulk-photo-references.js,ruta exacta en inventario y referencia presente en código
restaurantes/Point de Grumari/Point de Grumari5.jpg,/gastronomia/point-de-grumari,assets/js/bulk-photo-references.js,ruta exacta en inventario y referencia presente en código
restaurantes/Tia Palmira/area Tia Palmira.jpg,/gastronomia/tia-palmira,assets/js/bulk-photo-references.js,ruta exacta en inventario y referencia presente en código
restaurantes/Tia Palmira/parte-externa Tia Palmira.jpg,/gastronomia/tia-palmira,assets/js/bulk-photo-references.js,ruta exacta en inventario y referencia presente en código
restaurantes/Tia Palmira/Tia Palmira 3.jpg,/gastronomia/tia-palmira,assets/js/bulk-photo-references.js,ruta exacta en inventario y referencia presente en código
restaurantes/Tia Palmira/Tia Palmira 4.jpg,/gastronomia/tia-palmira,assets/js/bulk-photo-references.js,ruta exacta en inventario y referencia presente en código
restaurantes/Tia Palmira/Tia Palmira 5.jpg,/gastronomia/tia-palmira,assets/js/bulk-photo-references.js,ruta exacta en inventario y referencia presente en código
restaurantes/Tia Palmira/tia-palmira 2.jpg,/gastronomia/tia-palmira,assets/js/bulk-photo-references.js,ruta exacta en inventario y referencia presente en código
restaurantes/Tia Palmira/tia-palmira msr.jpg,/gastronomia/tia-palmira,assets/js/bulk-photo-references.js,ruta exacta en inventario y referencia presente en código
restaurantes/Tia Palmira/entradas-pastel-de-camarao.jpg,/gastronomia/tia-palmira,assets/js/bulk-photo-references.js; gastronomia/tia-palmira/index.html,ruta exacta en inventario y referencia presente en código
restaurantes/Tia Palmira.jpg,/gastronomia/tia-palmira,assets/js/bulk-photo-references.js,ruta exacta en inventario y referencia presente en código
restaurantes/churrascaria palace/churrpalace.jpg,/gastronomia/churrascaria-palace,assets/js/bulk-photo-references.js,ruta exacta en inventario y referencia presente en código
restaurantes/churrascaria palace/costela prime.jpeg,/gastronomia/churrascaria-palace,assets/js/bulk-photo-references.js; gastronomia/churrascaria-palace/index.html,ruta exacta en inventario y referencia presente en código
restaurantes/churrascaria palace/ostras-400x250.jpg,/gastronomia/churrascaria-palace,assets/js/bulk-photo-references.js; gastronomia/churrascaria-palace/index.html,ruta exacta en inventario y referencia presente en código
restaurantes/churrascaria palace/caipirinha churrascaria palace.jpg,/gastronomia/churrascaria-palace,assets/js/bulk-photo-references.js; gastronomia/churrascaria-palace/index.html,ruta exacta en inventario y referencia presente en código
restaurantes/churrascaria palace/churrascaria palace entrada.jpg,/gastronomia/churrascaria-palace,assets/js/bulk-photo-references.js; gastronomia/churrascaria-palace/index.html,ruta exacta en inventario y referencia presente en código
restaurantes/churrascaria palace/bar churracarria palace.jpg,/gastronomia/churrascaria-palace,assets/js/bulk-photo-references.js; gastronomia/churrascaria-palace/index.html,ruta exacta en inventario y referencia presente en código
restaurantes/churrascaria palace/churrascaria_palace_carne_picanha-borboleta-400x250.jpg,/gastronomia/churrascaria-palace,assets/js/bulk-photo-references.js; gastronomia/churrascaria-palace/index.html,ruta exacta en inventario y referencia presente en código
restaurantes/churrascaria palace/churrpalace2.jpg,/gastronomia/churrascaria-palace,assets/js/bulk-photo-references.js; gastronomia/churrascaria-palace/index.html,ruta exacta en inventario y referencia presente en código
restaurantes/churrascaria palace/picanha de espeto-400x250.jpeg,/gastronomia/churrascaria-palace,assets/js/bulk-photo-references.js; gastronomia/churrascaria-palace/index.html,ruta exacta en inventario y referencia presente en código
restaurantes/churrascaria palace/QUINDIM-A-VINICIUS-lofi-400x250.jpg,/gastronomia/churrascaria-palace,assets/js/bulk-photo-references.js; gastronomia/churrascaria-palace/index.html,ruta exacta en inventario y referencia presente en código
restaurantes/churrascaria palace/churrascaria salon.jpg,/gastronomia/churrascaria-palace,assets/js/bulk-photo-references.js; gastronomia/churrascaria-palace/index.html,ruta exacta en inventario y referencia presente en código
restaurantes/Mäska/Mäska ipenema1.jpg,/gastronomia/maska,assets/js/bulk-photo-references.js,ruta exacta en inventario y referencia presente en código
restaurantes/Mäska/Mäska ipenema3.jpg,/gastronomia/maska,assets/js/bulk-photo-references.js,ruta exacta en inventario y referencia presente en código
restaurantes/Mäska/Mäska ipenema4.jpg,/gastronomia/maska,assets/js/bulk-photo-references.js,ruta exacta en inventario y referencia presente en código
restaurantes/Mäska/Mäska ipenema5.jpg,/gastronomia/maska,assets/js/bulk-photo-references.js,ruta exacta en inventario y referencia presente en código
restaurantes/Mäska/Mäska ipenema6.jpg,/gastronomia/maska,assets/js/bulk-photo-references.js,ruta exacta en inventario y referencia presente en código
restaurantes/Mäska/Mäska ipenema7.jpg,/gastronomia/maska,assets/js/bulk-photo-references.js,ruta exacta en inventario y referencia presente en código
restaurantes/Mäska/maska2Mäska ipenema.jpg,/gastronomia/maska,assets/js/bulk-photo-references.js,ruta exacta en inventario y referencia presente en código
restaurantes/Clássico Beach Club Barra/camarao-ao-vinho Clássico Beach Club Barra.jpg,/gastronomia/classico-beach-club-barra,assets/js/bulk-photo-references.js,ruta exacta en inventario y referencia presente en código
restaurantes/Clássico Beach Club Barra/Clássico Beach Club Barra1.jpg,/gastronomia/classico-beach-club-barra,assets/js/bulk-photo-references.js,ruta exacta en inventario y referencia presente en código
restaurantes/Clássico Beach Club Barra/Clássico Beach Club Barra3.jpg,/gastronomia/classico-beach-club-barra,assets/js/bulk-photo-references.js,ruta exacta en inventario y referencia presente en código
restaurantes/Clássico Beach Club Barra/Clássico Beach Club Barra5.jpg,/gastronomia/classico-beach-club-barra,assets/js/bulk-photo-references.js,ruta exacta en inventario y referencia presente en código
restaurantes/Clássico Beach Club Barra/Clássico Beach Club Barra6.jpg,/gastronomia/classico-beach-club-barra,assets/js/bulk-photo-references.js,ruta exacta en inventario y referencia presente en código
restaurantes/Clássico Beach Club Barra/um-lugarzinho-perfeito Clássico Beach Club Barra.jpg,/gastronomia/classico-beach-club-barra,assets/js/bulk-photo-references.js,ruta exacta en inventario y referencia presente en código
restaurantes/canton/canton 1.jpg,/gastronomia/canton,assets/js/bulk-photo-references.js,ruta exacta en inventario y referencia presente en código
restaurantes/canton/canton 4.jpg,/gastronomia/canton,assets/js/bulk-photo-references.js,ruta exacta en inventario y referencia presente en código
restaurantes/canton/canton dsd.jpg,/gastronomia/canton,assets/js/bulk-photo-references.js,ruta exacta en inventario y referencia presente en código
restaurantes/canton/canton-peruvian-chinese (1).jpg,/gastronomia/canton,assets/js/bulk-photo-references.js,ruta exacta en inventario y referencia presente en código
restaurantes/canton/canton-peruvian-chinese (2).jpg,/gastronomia/canton,assets/js/bulk-photo-references.js,ruta exacta en inventario y referencia presente en código
restaurantes/canton/canton-peruvian-chinese (3).jpg,/gastronomia/canton,assets/js/bulk-photo-references.js,ruta exacta en inventario y referencia presente en código
restaurantes/canton/canton-peruvian-chinese.jpg,/gastronomia/canton,assets/js/bulk-photo-references.js; gastronomia/canton/index.html,ruta exacta en inventario y referencia presente en código
restaurantes/canton/bar-canton.jpg,/gastronomia/canton,assets/js/bulk-photo-references.js; gastronomia/canton/index.html,ruta exacta en inventario y referencia presente en código
restaurantes/Bar do Omar/Bar do Omar2.jpg,/gastronomia/bar-do-omar,assets/js/bulk-photo-references.js,ruta exacta en inventario y referencia presente en código
restaurantes/Bar do Omar/Bar do Omar6.jpg,/gastronomia/bar-do-omar,assets/js/bulk-photo-references.js,ruta exacta en inventario y referencia presente en código
restaurantes/Bar do Omar/camarao Bar do Omar.jpg,/gastronomia/bar-do-omar,assets/js/bulk-photo-references.js,ruta exacta en inventario y referencia presente en código
restaurantes/Bar do Omar/camarao-da-casa Bar do Omar.jpg,/gastronomia/bar-do-omar,assets/js/bulk-photo-references.js,ruta exacta en inventario y referencia presente en código
restaurantes/Bar do Omar/omacburguer-duplo Bar do Omar.jpg,/gastronomia/bar-do-omar,assets/js/bulk-photo-references.js,ruta exacta en inventario y referencia presente en código
restaurantes/Bar do Omar/os-diversos-convidados Bar do Omar.jpg,/gastronomia/bar-do-omar,assets/js/bulk-photo-references.js,ruta exacta en inventario y referencia presente en código
restaurantes/Bar do Omar/bar-do-omar1.jpg,/gastronomia/bar-do-omar,assets/js/bulk-photo-references.js; gastronomia/bar-do-omar/index.html,ruta exacta en inventario y referencia presente en código
restaurantes/Deck Buffet/Deck Buffet 54.jpg,/gastronomia/deck-buffet,assets/js/bulk-photo-references.js,ruta exacta en inventario y referencia presente en código
restaurantes/Deck Buffet/Deck Buffet1.jpg,/gastronomia/deck-buffet,assets/js/bulk-photo-references.js,ruta exacta en inventario y referencia presente en código
restaurantes/Deck Buffet/Deck Buffet3.jpg,/gastronomia/deck-buffet,assets/js/bulk-photo-references.js,ruta exacta en inventario y referencia presente en código
restaurantes/Deck Buffet/Deck Buffet4.jpg,/gastronomia/deck-buffet,assets/js/bulk-photo-references.js,ruta exacta en inventario y referencia presente en código
restaurantes/Deck Buffet/Deck Buffet45.jpg,/gastronomia/deck-buffet,assets/js/bulk-photo-references.js,ruta exacta en inventario y referencia presente en código
restaurantes/Deck Buffet/Deck Buffet5.jpg,/gastronomia/deck-buffet,assets/js/bulk-photo-references.js,ruta exacta en inventario y referencia presente en código
restaurantes/Deck Buffet/Deck Buffet7.jpg,/gastronomia/deck-buffet,assets/js/bulk-photo-references.js,ruta exacta en inventario y referencia presente en código
restaurantes/Kurt LEBLON/Kurt LEBLON1.jpg,/gastronomia/kurt-leblon,assets/js/bulk-photo-references.js,ruta exacta en inventario y referencia presente en código
restaurantes/Kurt LEBLON/Kurt LEBLON3.jpg,/gastronomia/kurt-leblon,assets/js/bulk-photo-references.js,ruta exacta en inventario y referencia presente en código
restaurantes/Kurt LEBLON/Kurt LEBLON4.jpg,/gastronomia/kurt-leblon,assets/js/bulk-photo-references.js,ruta exacta en inventario y referencia presente en código
restaurantes/Kurt LEBLON/Kurt LEBLON5.jpg,/gastronomia/kurt-leblon,assets/js/bulk-photo-references.js,ruta exacta en inventario y referencia presente en código
restaurantes/Kurt LEBLON/Kurt LEBLON6.jpg,/gastronomia/kurt-leblon,assets/js/bulk-photo-references.js,ruta exacta en inventario y referencia presente en código
restaurantes/Kurt LEBLON/Kurt LEBLON7.jpg,/gastronomia/kurt-leblon,assets/js/bulk-photo-references.js,ruta exacta en inventario y referencia presente en código
restaurantes/Kurt LEBLON/confeitaria-kurt-leblon.jpg,/gastronomia/kurt-leblon,assets/js/bulk-photo-references.js; gastronomia/kurt-leblon/index.html,ruta exacta en inventario y referencia presente en código
restaurantes/Oficina do Peixe/Oficina do Peixe1.jpg,/gastronomia/oficina-do-peixe,assets/js/bulk-photo-references.js,ruta exacta en inventario y referencia presente en código
restaurantes/Oficina do Peixe/Oficina do Peixe2.jpg,/gastronomia/oficina-do-peixe,assets/js/bulk-photo-references.js,ruta exacta en inventario y referencia presente en código
restaurantes/Oficina do Peixe/Oficina do Peixe3.jpg,/gastronomia/oficina-do-peixe,assets/js/bulk-photo-references.js,ruta exacta en inventario y referencia presente en código
restaurantes/Oficina do Peixe/Oficina do Peixe4.jpg,/gastronomia/oficina-do-peixe,assets/js/bulk-photo-references.js,ruta exacta en inventario y referencia presente en código
restaurantes/Oficina do Peixe/Oficina do Peixe5.jpg,/gastronomia/oficina-do-peixe,assets/js/bulk-photo-references.js,ruta exacta en inventario y referencia presente en código
restaurantes/Pilograma Prime Grill/Pilograma Prime Grill1.jpg,/gastronomia/pilograma-prime-grill,assets/js/bulk-photo-references.js,ruta exacta en inventario y referencia presente en código
restaurantes/Pilograma Prime Grill/Pilograma Prime Grill2.jpg,/gastronomia/pilograma-prime-grill,assets/js/bulk-photo-references.js,ruta exacta en inventario y referencia presente en código
restaurantes/Pilograma Prime Grill/Pilograma Prime Grill3.jpg,/gastronomia/pilograma-prime-grill,assets/js/bulk-photo-references.js,ruta exacta en inventario y referencia presente en código
restaurantes/Pilograma Prime Grill/Pilograma Prime Grill4.jpg,/gastronomia/pilograma-prime-grill,assets/js/bulk-photo-references.js,ruta exacta en inventario y referencia presente en código
restaurantes/Pilograma Prime Grill/Pilograma Prime Grill5.jpg,/gastronomia/pilograma-prime-grill,assets/js/bulk-photo-references.js,ruta exacta en inventario y referencia presente en código
restaurantes/Rampinha/bacalhau-ao-lagareiro Rampinha.jpg,/gastronomia/rampinha,assets/js/bulk-photo-references.js,ruta exacta en inventario y referencia presente en código
restaurantes/Rampinha/rampinha3.jpg,/gastronomia/rampinha,assets/js/bulk-photo-references.js; gastronomia/rampinha/index.html,ruta exacta en inventario y referencia presente en código
restaurantes/Rampinha/Rampinha2.jpg,/gastronomia/rampinha,assets/js/bulk-photo-references.js; gastronomia/rampinha/index.html,ruta exacta en inventario y referencia presente en código
restaurantes/Rampinha/Rampinha4.jpg,/gastronomia/rampinha,assets/js/bulk-photo-references.js; gastronomia/rampinha/index.html,ruta exacta en inventario y referencia presente en código
restaurantes/Rampinha/Rampinha5.jpg,/gastronomia/rampinha,assets/js/bulk-photo-references.js; gastronomia/rampinha/index.html,ruta exacta en inventario y referencia presente en código
restaurantes/Churrasqueira Rio/almoco-executivo-brochete Churrasqueira Rio.jpg,/gastronomia/churrasqueira-rio,assets/js/bulk-photo-references.js,ruta exacta en inventario y referencia presente en código
restaurantes/Churrasqueira Rio/churrasqueira-rio 2.jpg,/gastronomia/churrasqueira-rio,assets/js/bulk-photo-references.js,ruta exacta en inventario y referencia presente en código
restaurantes/Churrasqueira Rio/churrasqueira-rio 3.jpg,/gastronomia/churrasqueira-rio,assets/js/bulk-photo-references.js,ruta exacta en inventario y referencia presente en código
restaurantes/Churrasqueira Rio/parrilhada Churrasqueira Rio.jpg,/gastronomia/churrasqueira-rio,assets/js/bulk-photo-references.js,ruta exacta en inventario y referencia presente en código
restaurantes/Churrasqueira Rio/picanha-completa-delicia Churrasqueira Rio.jpg,/gastronomia/churrasqueira-rio,assets/js/bulk-photo-references.js,ruta exacta en inventario y referencia presente en código
restaurantes/Churrasqueira Rio/salao-do-restaurante Churrasqueira Rio.jpg,/gastronomia/churrasqueira-rio,assets/js/bulk-photo-references.js,ruta exacta en inventario y referencia presente en código
restaurantes/Churrasqueira Rio/vista-externa Churrasqueira Rio.jpg,/gastronomia/churrasqueira-rio,assets/js/bulk-photo-references.js,ruta exacta en inventario y referencia presente en código
restaurantes/Coisas de Bamba/Coisas de Bamba2.jpg,/gastronomia/coisas-de-bamba,assets/js/bulk-photo-references.js,ruta exacta en inventario y referencia presente en código
restaurantes/Coisas de Bamba/Coisas de Bamba3.jpg,/gastronomia/coisas-de-bamba,assets/js/bulk-photo-references.js,ruta exacta en inventario y referencia presente en código
restaurantes/Coisas de Bamba/Coisas de Bamba4.jpg,/gastronomia/coisas-de-bamba,assets/js/bulk-photo-references.js,ruta exacta en inventario y referencia presente en código
restaurantes/Coisas de Bamba/Coisas de Bamba5.jpg,/gastronomia/coisas-de-bamba,assets/js/bulk-photo-references.js,ruta exacta en inventario y referencia presente en código
restaurantes/Coisas de Bamba/Coisas de Bamba6.jpg,/gastronomia/coisas-de-bamba,assets/js/bulk-photo-references.js,ruta exacta en inventario y referencia presente en código
restaurantes/Coisas de Bamba/esta-foto-destaca-a-estrutura Coisas de Bamba.jpg,/gastronomia/coisas-de-bamba,assets/js/bulk-photo-references.js,ruta exacta en inventario y referencia presente en código
restaurantes/Pérgula/by-the-pool Pérgula.jpg,/gastronomia/pergula,assets/js/bulk-photo-references.js,ruta exacta en inventario y referencia presente en código
restaurantes/Pérgula/gnocchi-com-lagostins Pérgula.jpg,/gastronomia/pergula,assets/js/bulk-photo-references.js,ruta exacta en inventario y referencia presente en código
restaurantes/Pérgula/inside-pergula (1).jpg,/gastronomia/pergula,assets/js/bulk-photo-references.js,ruta exacta en inventario y referencia presente en código
restaurantes/Pérgula/Pérgula cafwe.jpg,/gastronomia/pergula,assets/js/bulk-photo-references.js,ruta exacta en inventario y referencia presente en código
restaurantes/Pérgula/Pérgula cena.jpg,/gastronomia/pergula,assets/js/bulk-photo-references.js,ruta exacta en inventario y referencia presente en código
restaurantes/Pérgula/Pérgula quesos.jpg,/gastronomia/pergula,assets/js/bulk-photo-references.js,ruta exacta en inventario y referencia presente en código
restaurantes/Pérgula/pergula-belmond-copacabana (1).jpg,/gastronomia/pergula,assets/js/bulk-photo-references.js,ruta exacta en inventario y referencia presente en código
restaurantes/Pérgula/inside-pergula.jpg,/gastronomia/pergula,assets/js/bulk-photo-references.js; gastronomia/pergula/index.html,ruta exacta en inventario y referencia presente en código
restaurantes/Pérgula/pergula-belmond-copacabana.jpg,/gastronomia/pergula,assets/js/bulk-photo-references.js; gastronomia/pergula/index.html,ruta exacta en inventario y referencia presente en código
restaurantes/Fogo de Chão Botafogo/Fogo de Chão Botafogo 1.jpg,/gastronomia/fogo-de-chao-botafogo,assets/js/bulk-photo-references.js,ruta exacta en inventario y referencia presente en código
restaurantes/Fogo de Chão Botafogo/Fogo de Chão Botafogo 2.jpg,/gastronomia/fogo-de-chao-botafogo,assets/js/bulk-photo-references.js,ruta exacta en inventario y referencia presente en código
restaurantes/Fogo de Chão Botafogo/Fogo de Chão Botafogo buffet.jpg,/gastronomia/fogo-de-chao-botafogo,assets/js/bulk-photo-references.js,ruta exacta en inventario y referencia presente en código
restaurantes/Fogo de Chão Botafogo/Fogo de Chão Botafogo externo.jpg,/gastronomia/fogo-de-chao-botafogo,assets/js/bulk-photo-references.js,ruta exacta en inventario y referencia presente en código
restaurantes/Fogo de Chão Botafogo/Fogo de Chão Botafogo interno salao.jpg,/gastronomia/fogo-de-chao-botafogo,assets/js/bulk-photo-references.js,ruta exacta en inventario y referencia presente en código
restaurantes/Fogo de Chão Botafogo/Fogo de Chão Botafogo salao.jpg,/gastronomia/fogo-de-chao-botafogo,assets/js/bulk-photo-references.js,ruta exacta en inventario y referencia presente en código
restaurantes/Fogo de Chão Botafogo/fogo de chao botafogo.jpg,/gastronomia/fogo-de-chao-botafogo,assets/js/bulk-photo-references.js,ruta exacta en inventario y referencia presente en código
restaurantes/Fogo de Chão Botafogo/fogo-de-chao carnes.jpg,/gastronomia/fogo-de-chao-botafogo,assets/js/bulk-photo-references.js,ruta exacta en inventario y referencia presente en código
restaurantes/Nino Cucina - Ipanema/Nino Cucina - Ipanema1.jpg,/gastronomia/nino-cucina-ipanema,assets/js/bulk-photo-references.js,ruta exacta en inventario y referencia presente en código
restaurantes/Nino Cucina - Ipanema/Nino Cucina - Ipanema2.jpg,/gastronomia/nino-cucina-ipanema,assets/js/bulk-photo-references.js,ruta exacta en inventario y referencia presente en código
restaurantes/Nino Cucina - Ipanema/Nino Cucina - Ipanema3.jpg,/gastronomia/nino-cucina-ipanema,assets/js/bulk-photo-references.js,ruta exacta en inventario y referencia presente en código
restaurantes/Nino Cucina - Ipanema/Nino Cucina - Ipanema4.jpg,/gastronomia/nino-cucina-ipanema,assets/js/bulk-photo-references.js,ruta exacta en inventario y referencia presente en código
restaurantes/Nino Cucina - Ipanema/Nino Cucina - Ipanema5.jpg,/gastronomia/nino-cucina-ipanema,assets/js/bulk-photo-references.js,ruta exacta en inventario y referencia presente en código
restaurantes/Nino Cucina - Ipanema/Nino Cucina - Ipanema7.jpg,/gastronomia/nino-cucina-ipanema,assets/js/bulk-photo-references.js,ruta exacta en inventario y referencia presente en código
restaurantes/Nino Cucina - Ipanema/nino-cucina-ipanema-ipanema-4.jpg,/gastronomia/nino-cucina-ipanema,assets/js/bulk-photo-references.js; gastronomia/nino-cucina-ipanema/index.html,ruta exacta en inventario y referencia presente en código
restaurantes/Ocyá Leblon/Ocyá Leblon1.jpg,/gastronomia/ocya-leblon,assets/js/bulk-photo-references.js,ruta exacta en inventario y referencia presente en código
restaurantes/Ocyá Leblon/Ocyá Leblon2.jpg,/gastronomia/ocya-leblon,assets/js/bulk-photo-references.js,ruta exacta en inventario y referencia presente en código
restaurantes/Ocyá Leblon/Ocyá Leblon3.jpg,/gastronomia/ocya-leblon,assets/js/bulk-photo-references.js,ruta exacta en inventario y referencia presente en código
restaurantes/Ocyá Leblon/Ocyá Leblon4.jpg,/gastronomia/ocya-leblon,assets/js/bulk-photo-references.js,ruta exacta en inventario y referencia presente en código
restaurantes/Ocyá Leblon/Ocyá Leblon5.jpg,/gastronomia/ocya-leblon,assets/js/bulk-photo-references.js,ruta exacta en inventario y referencia presente en código
restaurantes/Ocyá Leblon/Ocyá Leblon6.jpg,/gastronomia/ocya-leblon,assets/js/bulk-photo-references.js,ruta exacta en inventario y referencia presente en código
restaurantes/Ocyá Leblon/Ocyá Leblon7.jpg,/gastronomia/ocya-leblon,assets/js/bulk-photo-references.js,ruta exacta en inventario y referencia presente en código
restaurantes/Bafo da Prainha/Bafo da Prainha1.jpg,/gastronomia/bafo-da-prainha,assets/js/bulk-photo-references.js,ruta exacta en inventario y referencia presente en código
restaurantes/Bafo da Prainha/Bafo da Prainha2.jpg,/gastronomia/bafo-da-prainha,assets/js/bulk-photo-references.js,ruta exacta en inventario y referencia presente en código
restaurantes/Bafo da Prainha/Bafo da Prainha3.jpg,/gastronomia/bafo-da-prainha,assets/js/bulk-photo-references.js,ruta exacta en inventario y referencia presente en código
restaurantes/Bafo da Prainha/Bafo da Prainha4.jpg,/gastronomia/bafo-da-prainha,assets/js/bulk-photo-references.js,ruta exacta en inventario y referencia presente en código
restaurantes/Bafo da Prainha/Bafo da Prainha5.jpg,/gastronomia/bafo-da-prainha,assets/js/bulk-photo-references.js,ruta exacta en inventario y referencia presente en código
restaurantes/Bafo da Prainha/Bafo da Prainha51.jpg,/gastronomia/bafo-da-prainha,assets/js/bulk-photo-references.js,ruta exacta en inventario y referencia presente en código
restaurantes/Corrientes 348/348-passion Corrientes 348.jpg,/gastronomia/corrientes-348,assets/js/bulk-photo-references.js,ruta exacta en inventario y referencia presente en código
restaurantes/Corrientes 348/bife-de-chorizo Corrientes 348.jpg,/gastronomia/corrientes-348,assets/js/bulk-photo-references.js,ruta exacta en inventario y referencia presente en código
restaurantes/Corrientes 348/chinchulines Corrientes 348.jpg,/gastronomia/corrientes-348,assets/js/bulk-photo-references.js,ruta exacta en inventario y referencia presente en código
restaurantes/Corrientes 348/salmon-parrillero Corrientes 348.jpg,/gastronomia/corrientes-348,assets/js/bulk-photo-references.js,ruta exacta en inventario y referencia presente en código
restaurantes/Corrientes 348/corte-especial-348.jpg,/gastronomia/corrientes-348,assets/js/bulk-photo-references.js; gastronomia/corrientes-348/index.html,ruta exacta en inventario y referencia presente en código
restaurantes/Corrientes 348/corrientes-348-barra.jpg,/gastronomia/corrientes-348,assets/js/bulk-photo-references.js; gastronomia/corrientes-348/index.html,ruta exacta en inventario y referencia presente en código
restaurantes/MEE/MEE 1.jpg,/gastronomia/mee,assets/js/bulk-photo-references.js,ruta exacta en inventario y referencia presente en código
restaurantes/MEE/MEE 2.jpg,/gastronomia/mee,assets/js/bulk-photo-references.js,ruta exacta en inventario y referencia presente en código
restaurantes/MEE/mee 3.jpg,/gastronomia/mee,assets/js/bulk-photo-references.js,ruta exacta en inventario y referencia presente en código
restaurantes/MEE/MEE 4.jpg,/gastronomia/mee,assets/js/bulk-photo-references.js,ruta exacta en inventario y referencia presente en código
restaurantes/MEE/mee 5.jpg,/gastronomia/mee,assets/js/bulk-photo-references.js,ruta exacta en inventario y referencia presente en código
restaurantes/MEE/MEE 6.jpg,/gastronomia/mee,assets/js/bulk-photo-references.js,ruta exacta en inventario y referencia presente en código
restaurantes/MEE/MEE 7.jpg,/gastronomia/mee,assets/js/bulk-photo-references.js,ruta exacta en inventario y referencia presente en código
restaurantes/Spicy Fish/Spicy Fish frontis.jpg,/gastronomia/spicy-fish,assets/js/bulk-photo-references.js,ruta exacta en inventario y referencia presente en código
restaurantes/Spicy Fish/Spicy Fish4.jpg,/gastronomia/spicy-fish,assets/js/bulk-photo-references.js,ruta exacta en inventario y referencia presente en código
restaurantes/Spicy Fish/Spicy Fishint.jpg,/gastronomia/spicy-fish,assets/js/bulk-photo-references.js,ruta exacta en inventario y referencia presente en código
restaurantes/Spicy Fish/spicy-fish2.jpg,/gastronomia/spicy-fish,assets/js/bulk-photo-references.js,ruta exacta en inventario y referencia presente en código
restaurantes/Spicy Fish/spicy-fish1.jpg,/gastronomia/spicy-fish,assets/js/bulk-photo-references.js; gastronomia/spicy-fish/index.html,ruta exacta en inventario y referencia presente en código
restaurantes/Spicy Fish/spicy-fish6.jpg,/gastronomia/spicy-fish,assets/js/bulk-photo-references.js; gastronomia/spicy-fish/index.html,ruta exacta en inventario y referencia presente en código
restaurantes/Pescados na Brasa/Pescados na Brasa3.jpg,/gastronomia/pescados-na-brasa,assets/js/bulk-photo-references.js,ruta exacta en inventario y referencia presente en código
restaurantes/Pescados na Brasa/Pescados na Brasa4.jpg,/gastronomia/pescados-na-brasa,assets/js/bulk-photo-references.js,ruta exacta en inventario y referencia presente en código
restaurantes/Pescados na Brasa/Pescados na Brasa5.jpg,/gastronomia/pescados-na-brasa,assets/js/bulk-photo-references.js,ruta exacta en inventario y referencia presente en código
restaurantes/Pescados na Brasa/pescados-na-brasa1.jpg,/gastronomia/pescados-na-brasa,assets/js/bulk-photo-references.js; gastronomia/pescados-na-brasa/index.html,ruta exacta en inventario y referencia presente en código
restaurantes/Pescados na Brasa/pescados-na-brasa2.jpg,/gastronomia/pescados-na-brasa,assets/js/bulk-photo-references.js; gastronomia/pescados-na-brasa/index.html,ruta exacta en inventario y referencia presente en código
restaurantes/Elena/Elenahorto roof.jpg,/gastronomia/elena,assets/js/bulk-photo-references.js,ruta exacta en inventario y referencia presente en código
restaurantes/Elena/salao-principalElenahorto.jpg,/gastronomia/elena,assets/js/bulk-photo-references.js; gastronomia/elena/index.html,ruta exacta en inventario y referencia presente en código
restaurantes/Elena/Elenahorto2.jpg,/gastronomia/elena,assets/js/bulk-photo-references.js; gastronomia/elena/index.html,ruta exacta en inventario y referencia presente en código
restaurantes/Elena/Elenahorto3.jpg,/gastronomia/elena,assets/js/bulk-photo-references.js; gastronomia/elena/index.html,ruta exacta en inventario y referencia presente en código
restaurantes/Elena/Elenahorto1.jpg,/gastronomia/elena,assets/js/bulk-photo-references.js; gastronomia/elena/index.html,ruta exacta en inventario y referencia presente en código
restaurantes/Elena/Elenahorto23.jpg,/gastronomia/elena,assets/js/bulk-photo-references.js; gastronomia/elena/index.html,ruta exacta en inventario y referencia presente en código
restaurantes/Bar da Portuguesa/Bar da Portuguesa1.jpg,/gastronomia/bar-da-portuguesa,assets/js/bulk-photo-references.js,ruta exacta en inventario y referencia presente en código
restaurantes/Bar da Portuguesa/Bar da Portuguesa2.jpg,/gastronomia/bar-da-portuguesa,assets/js/bulk-photo-references.js,ruta exacta en inventario y referencia presente en código
restaurantes/Bar da Portuguesa/Bar da Portuguesa3.jpg,/gastronomia/bar-da-portuguesa,assets/js/bulk-photo-references.js,ruta exacta en inventario y referencia presente en código
restaurantes/Bar da Portuguesa/Bar da Portuguesa4.jpg,/gastronomia/bar-da-portuguesa,assets/js/bulk-photo-references.js,ruta exacta en inventario y referencia presente en código
restaurantes/Bar da Portuguesa/Bar da Portuguesa5.jpg,/gastronomia/bar-da-portuguesa,assets/js/bulk-photo-references.js,ruta exacta en inventario y referencia presente en código
restaurantes/Shiso/ambiente-do-restaurante Shiso.jpg,/gastronomia/shiso,assets/js/bulk-photo-references.js,ruta exacta en inventario y referencia presente en código
restaurantes/Shiso/ambiente-intimista Shiso.jpg,/gastronomia/shiso,assets/js/bulk-photo-references.js,ruta exacta en inventario y referencia presente en código
restaurantes/Shiso/shiso6.jpg,/gastronomia/shiso,assets/js/bulk-photo-references.js; gastronomia/shiso/index.html,ruta exacta en inventario y referencia presente en código
restaurantes/Shiso/shiso1.jpg,/gastronomia/shiso,assets/js/bulk-photo-references.js; gastronomia/shiso/index.html,ruta exacta en inventario y referencia presente en código
restaurantes/Shiso/shiso2.jpg,/gastronomia/shiso,assets/js/bulk-photo-references.js; gastronomia/shiso/index.html,ruta exacta en inventario y referencia presente en código
restaurantes/Shiso/Shiso7.jpg,/gastronomia/shiso,assets/js/bulk-photo-references.js; gastronomia/shiso/index.html,ruta exacta en inventario y referencia presente en código
restaurantes/Eclipse/bar-e-restaurante-eclipse (1).jpg,/gastronomia/eclipse,assets/js/bulk-photo-references.js,ruta exacta en inventario y referencia presente en código
restaurantes/Eclipse/Eclipse 1.jpg,/gastronomia/eclipse,assets/js/bulk-photo-references.js,ruta exacta en inventario y referencia presente en código
restaurantes/Eclipse/Eclipse 3.jpg,/gastronomia/eclipse,assets/js/bulk-photo-references.js,ruta exacta en inventario y referencia presente en código
restaurantes/Eclipse/eclipse-bar-restaurante 4.jpg,/gastronomia/eclipse,assets/js/bulk-photo-references.js,ruta exacta en inventario y referencia presente en código
restaurantes/Eclipse/telao Eclipse.jpg,/gastronomia/eclipse,assets/js/bulk-photo-references.js,ruta exacta en inventario y referencia presente en código
restaurantes/Eclipse/bar-e-restaurante-eclipse.jpg,/gastronomia/eclipse,assets/js/bulk-photo-references.js; gastronomia/eclipse/index.html,ruta exacta en inventario y referencia presente en código
restaurantes/bar da frente/bar da frente123.jpg,/gastronomia/bar-da-frente,assets/js/bulk-photo-references.js,ruta exacta en inventario y referencia presente en código
restaurantes/bar da frente/bar da frente4.jpg,/gastronomia/bar-da-frente,assets/js/bulk-photo-references.js,ruta exacta en inventario y referencia presente en código
restaurantes/bar da frente/bar da frente5.jpg,/gastronomia/bar-da-frente,assets/js/bulk-photo-references.js,ruta exacta en inventario y referencia presente en código
restaurantes/bar da frente/petiscos bar da frente.jpg,/gastronomia/bar-da-frente,assets/js/bulk-photo-references.js,ruta exacta en inventario y referencia presente en código
restaurantes/bar da frente/bar-da-frente2.jpg,/gastronomia/bar-da-frente,assets/js/bulk-photo-references.js; gastronomia/bar-da-frente/index.html,ruta exacta en inventario y referencia presente en código
restaurantes/bar da frente/bar-da-frente3.jpg,/gastronomia/bar-da-frente,assets/js/bulk-photo-references.js; gastronomia/bar-da-frente/index.html,ruta exacta en inventario y referencia presente en código
vida nocturna/nosso/bar nosso vn (1).jpg,/vida-nocturna/nosso,assets/js/bulk-photo-references.js,ruta exacta en inventario y referencia presente en código
vida nocturna/nosso/bar nosso vn (2).jpg,/vida-nocturna/nosso,assets/js/bulk-photo-references.js,ruta exacta en inventario y referencia presente en código
vida nocturna/nosso/bar nosso vn (3).jpg,/vida-nocturna/nosso,assets/js/bulk-photo-references.js,ruta exacta en inventario y referencia presente en código
vida nocturna/nosso/bar nosso vn (4).jpg,/vida-nocturna/nosso,assets/js/bulk-photo-references.js,ruta exacta en inventario y referencia presente en código
vida nocturna/nosso/bar nosso vn (5).jpg,/vida-nocturna/nosso,assets/js/bulk-photo-references.js,ruta exacta en inventario y referencia presente en código
vida nocturna/nosso/bar nosso vn (6).jpg,/vida-nocturna/nosso,assets/js/bulk-photo-references.js,ruta exacta en inventario y referencia presente en código
vida nocturna/fundicao progresso/fundicao progresso  (1).jpg,/vida-nocturna/fundicao-progresso,assets/js/bulk-photo-references.js,ruta exacta en inventario y referencia presente en código
vida nocturna/fundicao progresso/fundicao progresso  (2).jpg,/vida-nocturna/fundicao-progresso,assets/js/bulk-photo-references.js,ruta exacta en inventario y referencia presente en código
vida nocturna/fundicao progresso/fundicao progresso  (3).jpg,/vida-nocturna/fundicao-progresso,assets/js/bulk-photo-references.js,ruta exacta en inventario y referencia presente en código
vida nocturna/fundicao progresso/fundicao progresso  (4).jpg,/vida-nocturna/fundicao-progresso,assets/js/bulk-photo-references.js,ruta exacta en inventario y referencia presente en código
vida nocturna/fundicao progresso/fundicao progresso  (5).jpg,/vida-nocturna/fundicao-progresso,assets/js/bulk-photo-references.js,ruta exacta en inventario y referencia presente en código
vida nocturna/fundicao progresso/fundicao progresso  (6).jpg,/vida-nocturna/fundicao-progresso,assets/js/bulk-photo-references.js,ruta exacta en inventario y referencia presente en código
vida nocturna/Canastra Bar/canastra ba (1).jpg,/vida-nocturna/canastra-bar,assets/js/bulk-photo-references.js,ruta exacta en inventario y referencia presente en código
vida nocturna/Canastra Bar/canastra ba (2).jpg,/vida-nocturna/canastra-bar,assets/js/bulk-photo-references.js,ruta exacta en inventario y referencia presente en código
vida nocturna/Canastra Bar/canastra ba (3).jpg,/vida-nocturna/canastra-bar,assets/js/bulk-photo-references.js,ruta exacta en inventario y referencia presente en código
vida nocturna/Canastra Bar/canastra ba (4).jpg,/vida-nocturna/canastra-bar,assets/js/bulk-photo-references.js,ruta exacta en inventario y referencia presente en código
vida nocturna/Canastra Bar/canastra ba (5).jpg,/vida-nocturna/canastra-bar,assets/js/bulk-photo-references.js,ruta exacta en inventario y referencia presente en código
vida nocturna/lapa 40 graus/lapa 40 graus (1).jpg,/vida-nocturna/lapa-40-graus,assets/js/bulk-photo-references.js,ruta exacta en inventario y referencia presente en código
vida nocturna/lapa 40 graus/lapa 40 graus (2).jpg,/vida-nocturna/lapa-40-graus,assets/js/bulk-photo-references.js,ruta exacta en inventario y referencia presente en código
vida nocturna/lapa 40 graus/lapa 40 graus (3).jpg,/vida-nocturna/lapa-40-graus,assets/js/bulk-photo-references.js,ruta exacta en inventario y referencia presente en código
vida nocturna/lapa 40 graus/lapa 40 graus (4).jpg,/vida-nocturna/lapa-40-graus,assets/js/bulk-photo-references.js,ruta exacta en inventario y referencia presente en código
vida nocturna/lapa 40 graus/lapa 40 graus (5).jpg,/vida-nocturna/lapa-40-graus,assets/js/bulk-photo-references.js,ruta exacta en inventario y referencia presente en código
vida nocturna/lapa 40 graus/lapa 40 graus (6).jpg,/vida-nocturna/lapa-40-graus,assets/js/bulk-photo-references.js,ruta exacta en inventario y referencia presente en código
vida nocturna/brewteco-botafogo/brewteco botafogo (1).jpg,/vida-nocturna/brewteco-botafogo,assets/js/bulk-photo-references.js,ruta exacta en inventario y referencia presente en código
vida nocturna/brewteco-botafogo/brewteco botafogo (2).jpg,/vida-nocturna/brewteco-botafogo,assets/js/bulk-photo-references.js,ruta exacta en inventario y referencia presente en código
vida nocturna/brewteco-botafogo/brewteco botafogo (3).jpg,/vida-nocturna/brewteco-botafogo,assets/js/bulk-photo-references.js,ruta exacta en inventario y referencia presente en código
vida nocturna/brewteco-botafogo/brewteco botafogo (4).jpg,/vida-nocturna/brewteco-botafogo,assets/js/bulk-photo-references.js,ruta exacta en inventario y referencia presente en código
vida nocturna/brewteco-botafogo/brewteco botafogo (5).jpg,/vida-nocturna/brewteco-botafogo,assets/js/bulk-photo-references.js,ruta exacta en inventario y referencia presente en código
vida nocturna/brewteco-botafogo/brewteco botafogo (6).jpg,/vida-nocturna/brewteco-botafogo,assets/js/bulk-photo-references.js,ruta exacta en inventario y referencia presente en código
vida nocturna/brewteco-botafogo/brewteco botafogo (7).jpg,/vida-nocturna/brewteco-botafogo,assets/js/bulk-photo-references.js,ruta exacta en inventario y referencia presente en código
vida nocturna/pedra do sal/pedra do sal vida nocturna (1).jpg,/vida-nocturna/pedra-do-sal,assets/js/bulk-photo-references.js,ruta exacta en inventario y referencia presente en código
vida nocturna/pedra do sal/pedra do sal vida nocturna (2).jpg,/vida-nocturna/pedra-do-sal,assets/js/bulk-photo-references.js,ruta exacta en inventario y referencia presente en código
vida nocturna/pedra do sal/pedra do sal vida nocturna (3).jpg,/vida-nocturna/pedra-do-sal,assets/js/bulk-photo-references.js,ruta exacta en inventario y referencia presente en código
vida nocturna/pedra do sal/pedra do sal vida nocturna (4).jpg,/vida-nocturna/pedra-do-sal,assets/js/bulk-photo-references.js,ruta exacta en inventario y referencia presente en código
vida nocturna/pedra do sal/pedra do sal vida nocturna (5).jpg,/vida-nocturna/pedra-do-sal,assets/js/bulk-photo-references.js,ruta exacta en inventario y referencia presente en código
vida nocturna/Bar da Cachaça/Bar da Cachaça vn (1).jpg,/vida-nocturna/bar-da-cachaca,assets/js/bulk-photo-references.js,ruta exacta en inventario y referencia presente en código
vida nocturna/Bar da Cachaça/Bar da Cachaça vn (2).jpg,/vida-nocturna/bar-da-cachaca,assets/js/bulk-photo-references.js,ruta exacta en inventario y referencia presente en código
vida nocturna/Bar da Cachaça/Bar da Cachaça vn (3).jpg,/vida-nocturna/bar-da-cachaca,assets/js/bulk-photo-references.js,ruta exacta en inventario y referencia presente en código
vida nocturna/Bar da Cachaça/Bar da Cachaça vn (4).jpg,/vida-nocturna/bar-da-cachaca,assets/js/bulk-photo-references.js,ruta exacta en inventario y referencia presente en código
vida nocturna/Bar da Cachaça/Bar da Cachaça vn (5).jpg,/vida-nocturna/bar-da-cachaca,assets/js/bulk-photo-references.js,ruta exacta en inventario y referencia presente en código
vida nocturna/Bar da Cachaça/Bar da Cachaça vn (6).jpg,/vida-nocturna/bar-da-cachaca,assets/js/bulk-photo-references.js,ruta exacta en inventario y referencia presente en código
vida nocturna/vaca atolada/vaca atolada vn (1).jpg,/vida-nocturna/vaca-atolada,assets/js/bulk-photo-references.js,ruta exacta en inventario y referencia presente en código
vida nocturna/vaca atolada/vaca atolada vn (2).jpg,/vida-nocturna/vaca-atolada,assets/js/bulk-photo-references.js,ruta exacta en inventario y referencia presente en código
vida nocturna/vaca atolada/vaca atolada vn (3).jpg,/vida-nocturna/vaca-atolada,assets/js/bulk-photo-references.js,ruta exacta en inventario y referencia presente en código
vida nocturna/vaca atolada/vaca atolada vn (4).jpg,/vida-nocturna/vaca-atolada,assets/js/bulk-photo-references.js,ruta exacta en inventario y referencia presente en código
vida nocturna/vaca atolada/vaca atolada vn (5).jpg,/vida-nocturna/vaca-atolada,assets/js/bulk-photo-references.js,ruta exacta en inventario y referencia presente en código
vida nocturna/vaca atolada/vaca atolada vn (6).jpg,/vida-nocturna/vaca-atolada,assets/js/bulk-photo-references.js,ruta exacta en inventario y referencia presente en código
vida nocturna/carioca da gema/carioca da gema vida nocturna (1).jpg,/vida-nocturna/carioca-da-gema,assets/js/bulk-photo-references.js,ruta exacta en inventario y referencia presente en código
vida nocturna/carioca da gema/carioca da gema vida nocturna (2).jpg,/vida-nocturna/carioca-da-gema,assets/js/bulk-photo-references.js,ruta exacta en inventario y referencia presente en código
vida nocturna/carioca da gema/carioca da gema vida nocturna (3).jpg,/vida-nocturna/carioca-da-gema,assets/js/bulk-photo-references.js,ruta exacta en inventario y referencia presente en código
vida nocturna/carioca da gema/carioca da gema vida nocturna (4).jpg,/vida-nocturna/carioca-da-gema,assets/js/bulk-photo-references.js,ruta exacta en inventario y referencia presente en código
vida nocturna/carioca da gema/carioca da gema vida nocturna (5).jpg,/vida-nocturna/carioca-da-gema,assets/js/bulk-photo-references.js,ruta exacta en inventario y referencia presente en código
vida nocturna/carioca da gema/carioca da gema vida nocturna (6).jpg,/vida-nocturna/carioca-da-gema,assets/js/bulk-photo-references.js,ruta exacta en inventario y referencia presente en código
vida nocturna/carioca da gema/carioca da gema vida nocturna (7).jpg,/vida-nocturna/carioca-da-gema,assets/js/bulk-photo-references.js,ruta exacta en inventario y referencia presente en código
vida nocturna/portela/portela vn (1).jpg,/vida-nocturna/portela,assets/js/bulk-photo-references.js,ruta exacta en inventario y referencia presente en código
vida nocturna/portela/portela vn (2).jpg,/vida-nocturna/portela,assets/js/bulk-photo-references.js,ruta exacta en inventario y referencia presente en código
vida nocturna/portela/portela vn (3).jpg,/vida-nocturna/portela,assets/js/bulk-photo-references.js,ruta exacta en inventario y referencia presente en código
vida nocturna/portela/portela vn (4).jpg,/vida-nocturna/portela,assets/js/bulk-photo-references.js,ruta exacta en inventario y referencia presente en código
vida nocturna/portela/portela vn (5).jpg,/vida-nocturna/portela,assets/js/bulk-photo-references.js,ruta exacta en inventario y referencia presente en código
vida nocturna/portela/portela vn (6).jpg,/vida-nocturna/portela,assets/js/bulk-photo-references.js,ruta exacta en inventario y referencia presente en código
vida nocturna/portela/portela vn (7).jpg,/vida-nocturna/portela,assets/js/bulk-photo-references.js,ruta exacta en inventario y referencia presente en código
vida nocturna/portela/portela vn (8).jpg,/vida-nocturna/portela,assets/js/bulk-photo-references.js,ruta exacta en inventario y referencia presente en código
vida nocturna/portela/portela vn (9).jpg,/vida-nocturna/portela,assets/js/bulk-photo-references.js,ruta exacta en inventario y referencia presente en código
vida nocturna/Bosque Bar/bosque bar vn (1).jpg,/vida-nocturna/bosque-bar,assets/js/bulk-photo-references.js,ruta exacta en inventario y referencia presente en código
vida nocturna/Bosque Bar/bosque bar vn (2).jpg,/vida-nocturna/bosque-bar,assets/js/bulk-photo-references.js,ruta exacta en inventario y referencia presente en código
vida nocturna/Bosque Bar/bosque bar vn (3).jpg,/vida-nocturna/bosque-bar,assets/js/bulk-photo-references.js,ruta exacta en inventario y referencia presente en código
vida nocturna/Bosque Bar/bosque bar vn (4).jpg,/vida-nocturna/bosque-bar,assets/js/bulk-photo-references.js,ruta exacta en inventario y referencia presente en código
vida nocturna/Bosque Bar/bosque bar vn (5).jpg,/vida-nocturna/bosque-bar,assets/js/bulk-photo-references.js,ruta exacta en inventario y referencia presente en código
vida nocturna/Bosque Bar/bosque bar vn (6).jpg,/vida-nocturna/bosque-bar,assets/js/bulk-photo-references.js,ruta exacta en inventario y referencia presente en código
vida nocturna/Boa Praça ipanema/boa praca ipa (1).jpg,/vida-nocturna/boa-praca-ipanema,assets/js/bulk-photo-references.js,ruta exacta en inventario y referencia presente en código
vida nocturna/Boa Praça ipanema/boa praca ipa (1).png,/vida-nocturna/boa-praca-ipanema,assets/js/bulk-photo-references.js,ruta exacta en inventario y referencia presente en código
vida nocturna/Boa Praça ipanema/boa praca ipa (2).jpg,/vida-nocturna/boa-praca-ipanema,assets/js/bulk-photo-references.js,ruta exacta en inventario y referencia presente en código
vida nocturna/Boa Praça ipanema/boa praca ipa (3).jpg,/vida-nocturna/boa-praca-ipanema,assets/js/bulk-photo-references.js,ruta exacta en inventario y referencia presente en código
vida nocturna/Boa Praça ipanema/boa praca ipa (4).jpg,/vida-nocturna/boa-praca-ipanema,assets/js/bulk-photo-references.js,ruta exacta en inventario y referencia presente en código
vida nocturna/Boa Praça ipanema/boa praca ipa (5).jpg,/vida-nocturna/boa-praca-ipanema,assets/js/bulk-photo-references.js,ruta exacta en inventario y referencia presente en código
vida nocturna/Galeria Café/galeria cafe vn (1).jpg,/vida-nocturna/galeria-cafe,assets/js/bulk-photo-references.js,ruta exacta en inventario y referencia presente en código
vida nocturna/Galeria Café/galeria cafe vn (2).jpg,/vida-nocturna/galeria-cafe,assets/js/bulk-photo-references.js,ruta exacta en inventario y referencia presente en código
vida nocturna/Galeria Café/galeria cafe vn (3).jpg,/vida-nocturna/galeria-cafe,assets/js/bulk-photo-references.js,ruta exacta en inventario y referencia presente en código
vida nocturna/Galeria Café/galeria cafe vn (4).jpg,/vida-nocturna/galeria-cafe,assets/js/bulk-photo-references.js,ruta exacta en inventario y referencia presente en código
vida nocturna/Galeria Café/galeria cafe vn (5).jpg,/vida-nocturna/galeria-cafe,assets/js/bulk-photo-references.js,ruta exacta en inventario y referencia presente en código
vida nocturna/bafo da prainha/bafo da prainha vida nocturna (1).jpg,/vida-nocturna/bafo-da-prainha,assets/js/bulk-photo-references.js,ruta exacta en inventario y referencia presente en código
vida nocturna/bafo da prainha/bafo da prainha vida nocturna (2).jpg,/vida-nocturna/bafo-da-prainha,assets/js/bulk-photo-references.js,ruta exacta en inventario y referencia presente en código
vida nocturna/bafo da prainha/bafo da prainha vida nocturna (3).jpg,/vida-nocturna/bafo-da-prainha,assets/js/bulk-photo-references.js,ruta exacta en inventario y referencia presente en código
vida nocturna/bafo da prainha/bafo da prainha vida nocturna (4).jpg,/vida-nocturna/bafo-da-prainha,assets/js/bulk-photo-references.js,ruta exacta en inventario y referencia presente en código
vida nocturna/bafo da prainha/bafo da prainha vida nocturna (5).jpg,/vida-nocturna/bafo-da-prainha,assets/js/bulk-photo-references.js,ruta exacta en inventario y referencia presente en código
vida nocturna/Bip Bip/bip bip vn (1).jpg,/vida-nocturna/bip-bip,assets/js/bulk-photo-references.js,ruta exacta en inventario y referencia presente en código
vida nocturna/Bip Bip/bip bip vn (2).jpg,/vida-nocturna/bip-bip,assets/js/bulk-photo-references.js,ruta exacta en inventario y referencia presente en código
vida nocturna/Bip Bip/bip bip vn (3).jpg,/vida-nocturna/bip-bip,assets/js/bulk-photo-references.js,ruta exacta en inventario y referencia presente en código
vida nocturna/Bip Bip/bip bip vn (4).jpg,/vida-nocturna/bip-bip,assets/js/bulk-photo-references.js,ruta exacta en inventario y referencia presente en código
vida nocturna/Bip Bip/bip bip vn (5).jpg,/vida-nocturna/bip-bip,assets/js/bulk-photo-references.js,ruta exacta en inventario y referencia presente en código
vida nocturna/Bip Bip/bip bip vn (6).jpg,/vida-nocturna/bip-bip,assets/js/bulk-photo-references.js,ruta exacta en inventario y referencia presente en código
vida nocturna/Bip Bip/bip bip vn (7).jpg,/vida-nocturna/bip-bip,assets/js/bulk-photo-references.js,ruta exacta en inventario y referencia presente en código
vida nocturna/bar do omar/bar do omar vn (1).jpg,/vida-nocturna/bar-do-omar,assets/js/bulk-photo-references.js,ruta exacta en inventario y referencia presente en código
vida nocturna/bar do omar/bar do omar vn (2).jpg,/vida-nocturna/bar-do-omar,assets/js/bulk-photo-references.js,ruta exacta en inventario y referencia presente en código
vida nocturna/bar do omar/bar do omar vn (3).jpg,/vida-nocturna/bar-do-omar,assets/js/bulk-photo-references.js,ruta exacta en inventario y referencia presente en código
vida nocturna/bar do omar/bar do omar vn (4).jpg,/vida-nocturna/bar-do-omar,assets/js/bulk-photo-references.js,ruta exacta en inventario y referencia presente en código
vida nocturna/bar do omar/bar do omar vn (5).jpg,/vida-nocturna/bar-do-omar,assets/js/bulk-photo-references.js,ruta exacta en inventario y referencia presente en código
vida nocturna/bar do omar/bar do omar vn (6).jpg,/vida-nocturna/bar-do-omar,assets/js/bulk-photo-references.js,ruta exacta en inventario y referencia presente en código
vida nocturna/isabel lounge/isabel lounge vn (1).jpg,/vida-nocturna/isabel-lounge,assets/js/bulk-photo-references.js,ruta exacta en inventario y referencia presente en código
vida nocturna/isabel lounge/isabel lounge vn (2).jpg,/vida-nocturna/isabel-lounge,assets/js/bulk-photo-references.js,ruta exacta en inventario y referencia presente en código
vida nocturna/isabel lounge/isabel lounge vn (3).jpg,/vida-nocturna/isabel-lounge,assets/js/bulk-photo-references.js,ruta exacta en inventario y referencia presente en código
vida nocturna/isabel lounge/isabel lounge vn (4).jpg,/vida-nocturna/isabel-lounge,assets/js/bulk-photo-references.js,ruta exacta en inventario y referencia presente en código
vida nocturna/isabel lounge/isabel lounge vn (5).jpg,/vida-nocturna/isabel-lounge,assets/js/bulk-photo-references.js,ruta exacta en inventario y referencia presente en código
vida nocturna/isabel lounge/isabel lounge vn (6).jpg,/vida-nocturna/isabel-lounge,assets/js/bulk-photo-references.js,ruta exacta en inventario y referencia presente en código
vida nocturna/xepa/xepa vn (1).jpg,/vida-nocturna/xepa,assets/js/bulk-photo-references.js,ruta exacta en inventario y referencia presente en código
vida nocturna/xepa/xepa vn (2).jpg,/vida-nocturna/xepa,assets/js/bulk-photo-references.js,ruta exacta en inventario y referencia presente en código
vida nocturna/xepa/xepa vn (3).jpg,/vida-nocturna/xepa,assets/js/bulk-photo-references.js,ruta exacta en inventario y referencia presente en código
vida nocturna/xepa/xepa vn (4).jpg,/vida-nocturna/xepa,assets/js/bulk-photo-references.js,ruta exacta en inventario y referencia presente en código
vida nocturna/xepa/xepa vn (5).jpg,/vida-nocturna/xepa,assets/js/bulk-photo-references.js,ruta exacta en inventario y referencia presente en código
vida nocturna/xepa/xepa vn (6).jpg,/vida-nocturna/xepa,assets/js/bulk-photo-references.js,ruta exacta en inventario y referencia presente en código
vida nocturna/beco do rato/Beco do rato  vn  (1).jpeg,/vida-nocturna/beco-do-rato,assets/js/bulk-photo-references.js,ruta exacta en inventario y referencia presente en código
vida nocturna/beco do rato/Beco do rato  vn  (1).jpg,/vida-nocturna/beco-do-rato,assets/js/bulk-photo-references.js,ruta exacta en inventario y referencia presente en código
vida nocturna/beco do rato/Beco do rato  vn  (10).jpg,/vida-nocturna/beco-do-rato,assets/js/bulk-photo-references.js,ruta exacta en inventario y referencia presente en código
vida nocturna/beco do rato/Beco do rato  vn  (2).jpg,/vida-nocturna/beco-do-rato,assets/js/bulk-photo-references.js,ruta exacta en inventario y referencia presente en código
vida nocturna/beco do rato/Beco do rato  vn  (3).jpg,/vida-nocturna/beco-do-rato,assets/js/bulk-photo-references.js,ruta exacta en inventario y referencia presente en código
vida nocturna/beco do rato/Beco do rato  vn  (4).jpg,/vida-nocturna/beco-do-rato,assets/js/bulk-photo-references.js,ruta exacta en inventario y referencia presente en código
vida nocturna/beco do rato/Beco do rato  vn  (5).jpg,/vida-nocturna/beco-do-rato,assets/js/bulk-photo-references.js,ruta exacta en inventario y referencia presente en código
vida nocturna/beco do rato/Beco do rato  vn  (6).jpg,/vida-nocturna/beco-do-rato,assets/js/bulk-photo-references.js,ruta exacta en inventario y referencia presente en código
vida nocturna/beco do rato/Beco do rato  vn  (7).jpg,/vida-nocturna/beco-do-rato,assets/js/bulk-photo-references.js,ruta exacta en inventario y referencia presente en código
vida nocturna/beco do rato/Beco do rato  vn  (8).jpg,/vida-nocturna/beco-do-rato,assets/js/bulk-photo-references.js,ruta exacta en inventario y referencia presente en código
vida nocturna/beco do rato/Beco do rato  vn  (9).jpg,/vida-nocturna/beco-do-rato,assets/js/bulk-photo-references.js,ruta exacta en inventario y referencia presente en código
vida nocturna/Renascença Clube/renacenca clube vn (1).jpg,/vida-nocturna/renascenca-clube,assets/js/bulk-photo-references.js,ruta exacta en inventario y referencia presente en código
vida nocturna/Renascença Clube/renacenca clube vn (2).jpg,/vida-nocturna/renascenca-clube,assets/js/bulk-photo-references.js,ruta exacta en inventario y referencia presente en código
vida nocturna/Renascença Clube/renacenca clube vn (3).jpg,/vida-nocturna/renascenca-clube,assets/js/bulk-photo-references.js,ruta exacta en inventario y referencia presente en código
vida nocturna/Renascença Clube/renacenca clube vn (4).jpg,/vida-nocturna/renascenca-clube,assets/js/bulk-photo-references.js,ruta exacta en inventario y referencia presente en código
vida nocturna/Renascença Clube/renacenca clube vn (5).jpg,/vida-nocturna/renascenca-clube,assets/js/bulk-photo-references.js,ruta exacta en inventario y referencia presente en código
vida nocturna/All In/all in (1).jpg,/vida-nocturna/all-in,assets/js/bulk-photo-references.js,ruta exacta en inventario y referencia presente en código
vida nocturna/All In/all in (2).jpg,/vida-nocturna/all-in,assets/js/bulk-photo-references.js,ruta exacta en inventario y referencia presente en código
vida nocturna/All In/all in (3).jpg,/vida-nocturna/all-in,assets/js/bulk-photo-references.js,ruta exacta en inventario y referencia presente en código
vida nocturna/All In/all in (4).jpg,/vida-nocturna/all-in,assets/js/bulk-photo-references.js,ruta exacta en inventario y referencia presente en código
vida nocturna/All In/all in (5).jpg,/vida-nocturna/all-in,assets/js/bulk-photo-references.js,ruta exacta en inventario y referencia presente en código
vida nocturna/All In/all in (6).jpg,/vida-nocturna/all-in,assets/js/bulk-photo-references.js,ruta exacta en inventario y referencia presente en código
vida nocturna/All In/all in barra da tijuca.jpg,/vida-nocturna/all-in,assets/js/bulk-photo-references.js,ruta exacta en inventario y referencia presente en código
vida nocturna/coordenadas bar/coordenadas bar vn (1).jpg,/vida-nocturna/coordenadas-bar,assets/js/bulk-photo-references.js,ruta exacta en inventario y referencia presente en código
vida nocturna/coordenadas bar/coordenadas bar vn (2).jpg,/vida-nocturna/coordenadas-bar,assets/js/bulk-photo-references.js,ruta exacta en inventario y referencia presente en código
vida nocturna/coordenadas bar/coordenadas bar vn (3).jpg,/vida-nocturna/coordenadas-bar,assets/js/bulk-photo-references.js,ruta exacta en inventario y referencia presente en código
vida nocturna/coordenadas bar/coordenadas bar vn (4).jpg,/vida-nocturna/coordenadas-bar,assets/js/bulk-photo-references.js,ruta exacta en inventario y referencia presente en código
vida nocturna/coordenadas bar/coordenadas bar vn (5).jpg,/vida-nocturna/coordenadas-bar,assets/js/bulk-photo-references.js,ruta exacta en inventario y referencia presente en código
vida nocturna/coordenadas bar/coordenadas bar vn (6).jpg,/vida-nocturna/coordenadas-bar,assets/js/bulk-photo-references.js,ruta exacta en inventario y referencia presente en código
vida nocturna/Blue Note Rio/blue noite vn (1).jpg,/vida-nocturna/blue-note-rio,assets/js/bulk-photo-references.js,ruta exacta en inventario y referencia presente en código
vida nocturna/Blue Note Rio/blue noite vn (2).jpg,/vida-nocturna/blue-note-rio,assets/js/bulk-photo-references.js,ruta exacta en inventario y referencia presente en código
vida nocturna/Blue Note Rio/blue noite vn (3).jpg,/vida-nocturna/blue-note-rio,assets/js/bulk-photo-references.js,ruta exacta en inventario y referencia presente en código
vida nocturna/Blue Note Rio/blue noite vn (4).jpg,/vida-nocturna/blue-note-rio,assets/js/bulk-photo-references.js,ruta exacta en inventario y referencia presente en código
vida nocturna/Blue Note Rio/blue noite vn (5).jpg,/vida-nocturna/blue-note-rio,assets/js/bulk-photo-references.js,ruta exacta en inventario y referencia presente en código
vida nocturna/Blue Note Rio/blue noite vn (6).jpg,/vida-nocturna/blue-note-rio,assets/js/bulk-photo-references.js,ruta exacta en inventario y referencia presente en código
vida nocturna/Beco das Garrafas/beco-das-garrafas vn (1).jpg,/vida-nocturna/beco-das-garrafas,assets/js/bulk-photo-references.js,ruta exacta en inventario y referencia presente en código
vida nocturna/Beco das Garrafas/beco-das-garrafas vn (2).jpg,/vida-nocturna/beco-das-garrafas,assets/js/bulk-photo-references.js,ruta exacta en inventario y referencia presente en código
vida nocturna/Beco das Garrafas/beco-das-garrafas vn (3).jpg,/vida-nocturna/beco-das-garrafas,assets/js/bulk-photo-references.js,ruta exacta en inventario y referencia presente en código
vida nocturna/Beco das Garrafas/beco-das-garrafas vn (4).jpg,/vida-nocturna/beco-das-garrafas,assets/js/bulk-photo-references.js,ruta exacta en inventario y referencia presente en código
vida nocturna/Beco das Garrafas/beco-das-garrafas vn (5).jpg,/vida-nocturna/beco-das-garrafas,assets/js/bulk-photo-references.js,ruta exacta en inventario y referencia presente en código
vida nocturna/Beco das Garrafas/beco-das-garrafas vn (6).jpg,/vida-nocturna/beco-das-garrafas,assets/js/bulk-photo-references.js,ruta exacta en inventario y referencia presente en código
vida nocturna/Bar Bukowski/bar-bukowski (1).jpg,/vida-nocturna/bar-bukowski,assets/js/bulk-photo-references.js,ruta exacta en inventario y referencia presente en código
vida nocturna/Bar Bukowski/bar-bukowski (2).jpg,/vida-nocturna/bar-bukowski,assets/js/bulk-photo-references.js,ruta exacta en inventario y referencia presente en código
vida nocturna/Bar Bukowski/bar-bukowski (3).jpg,/vida-nocturna/bar-bukowski,assets/js/bulk-photo-references.js,ruta exacta en inventario y referencia presente en código
vida nocturna/Bar Bukowski/bar-bukowski (4).jpg,/vida-nocturna/bar-bukowski,assets/js/bulk-photo-references.js,ruta exacta en inventario y referencia presente en código
vida nocturna/Bar Bukowski/bar-bukowski (5).jpg,/vida-nocturna/bar-bukowski,assets/js/bulk-photo-references.js,ruta exacta en inventario y referencia presente en código
vida nocturna/Bar Bukowski/bar-bukowski (6).jpg,/vida-nocturna/bar-bukowski,assets/js/bulk-photo-references.js,ruta exacta en inventario y referencia presente en código
vida nocturna/Pink Flamingo/pink flamingo vn (1).jpg,/vida-nocturna/pink-flamingo,assets/js/bulk-photo-references.js,ruta exacta en inventario y referencia presente en código
vida nocturna/Pink Flamingo/pink flamingo vn (2).jpg,/vida-nocturna/pink-flamingo,assets/js/bulk-photo-references.js,ruta exacta en inventario y referencia presente en código
vida nocturna/Pink Flamingo/pink flamingo vn (3).jpg,/vida-nocturna/pink-flamingo,assets/js/bulk-photo-references.js,ruta exacta en inventario y referencia presente en código
vida nocturna/Pink Flamingo/pink flamingo vn (4).jpg,/vida-nocturna/pink-flamingo,assets/js/bulk-photo-references.js,ruta exacta en inventario y referencia presente en código
vida nocturna/Pink Flamingo/pink flamingo vn (5).jpg,/vida-nocturna/pink-flamingo,assets/js/bulk-photo-references.js,ruta exacta en inventario y referencia presente en código
BARRIOS/ipanema/belmonte por fuera puede ser para farme amoedo.jpg,/barrios/ipanema,assets/js/bulk-photo-references.js,ruta exacta en inventario y referencia presente en código
BARRIOS/ipanema/calcadao ipanema mosaico01.jpg,/barrios/ipanema,assets/js/bulk-photo-references.js,ruta exacta en inventario y referencia presente en código
BARRIOS/ipanema/chafariz de ipanema.jpeg,/barrios/ipanema,assets/js/bulk-photo-references.js,ruta exacta en inventario y referencia presente en código
BARRIOS/ipanema/estacao nossa senhora da paz.jpg,/barrios/ipanema,assets/js/bulk-photo-references.js,ruta exacta en inventario y referencia presente en código
BARRIOS/ipanema/feria hippiex.jpg,/barrios/ipanema,assets/js/bulk-photo-references.js,ruta exacta en inventario y referencia presente en código
BARRIOS/ipanema/feria organica ipanema12.jpg,/barrios/ipanema,assets/js/bulk-photo-references.js,ruta exacta en inventario y referencia presente en código
BARRIOS/ipanema/foto antigua algo en referencia de bosa nova.jpg,/barrios/ipanema,assets/js/bulk-photo-references.js,ruta exacta en inventario y referencia presente en código
BARRIOS/ipanema/frontis lojas ipanema.jpg,/barrios/ipanema,assets/js/bulk-photo-references.js,ruta exacta en inventario y referencia presente en código
BARRIOS/ipanema/helo-pinheiro-musa-de-garota-de-ipanema-completa-80-anos-nao-da-para-acreditar-1068x561.jpg.webp,/barrios/ipanema,assets/js/bulk-photo-references.js,ruta exacta en inventario y referencia presente en código
BARRIOS/ipanema/ipanema con morro dois irmaos de fondo.jpg,/barrios/ipanema,assets/js/bulk-photo-references.js,ruta exacta en inventario y referencia presente en código
BARRIOS/ipanema/ipanema desde el aire21.jpg,/barrios/ipanema,assets/js/bulk-photo-references.js,ruta exacta en inventario y referencia presente en código
BARRIOS/ipanema/jardim de alah21.jpg,/barrios/ipanema,assets/js/bulk-photo-references.js,ruta exacta en inventario y referencia presente en código
BARRIOS/ipanema/leblon e ipanema em 19492.jpg,/barrios/ipanema,assets/js/bulk-photo-references.js,ruta exacta en inventario y referencia presente en código
BARRIOS/ipanema/mujer en el agua con morro dois irmaos de fondo.jpg,/barrios/ipanema,assets/js/bulk-photo-references.js,ruta exacta en inventario y referencia presente en código
BARRIOS/ipanema/personas jugando en la playa de ipanema.jpg,/barrios/ipanema,assets/js/bulk-photo-references.js,ruta exacta en inventario y referencia presente en código
BARRIOS/ipanema/planchas de surf ipanema.jpg,/barrios/ipanema,assets/js/bulk-photo-references.js,ruta exacta en inventario y referencia presente en código
BARRIOS/ipanema/por do sol ipanema 1232r.jpg,/barrios/ipanema,assets/js/bulk-photo-references.js,ruta exacta en inventario y referencia presente en código
BARRIOS/ipanema/posto 9 ipanema12.jpg,/barrios/ipanema,assets/js/bulk-photo-references.js,ruta exacta en inventario y referencia presente en código
BARRIOS/ipanema/praia-de-ipanema calzadao1.jpg,/barrios/ipanema,assets/js/bulk-photo-references.js,ruta exacta en inventario y referencia presente en código
BARRIOS/ipanema/restaurante garota de ipanema antiguo.jpg,/barrios/ipanema,assets/js/bulk-photo-references.js,ruta exacta en inventario y referencia presente en código
BARRIOS/ipanema/restaurante garota de ipanema moderno.jpg,/barrios/ipanema,assets/js/bulk-photo-references.js,ruta exacta en inventario y referencia presente en código
BARRIOS/ipanema/rua vinicius de moraes.jpg,/barrios/ipanema,assets/js/bulk-photo-references.js,ruta exacta en inventario y referencia presente en código
BARRIOS/leblon/500px-Despejo_Favela_Praia_do_Pinto_Jornal_Ultima_Hora_1969.jpeg,/barrios/leblon,assets/js/bulk-photo-references.js,ruta exacta en inventario y referencia presente en código
BARRIOS/leblon/arena y playa leblon.jpg,/barrios/leblon,assets/js/bulk-photo-references.js,ruta exacta en inventario y referencia presente en código
BARRIOS/leblon/bares rua dias ferreiraleblon.jpg,/barrios/leblon,assets/js/bulk-photo-references.js,ruta exacta en inventario y referencia presente en código
BARRIOS/leblon/condominio selva pedra leblon.jpg,/barrios/leblon,assets/js/bulk-photo-references.js,ruta exacta en inventario y referencia presente en código
BARRIOS/leblon/foto cruzada sao sebastian.jpg,/barrios/leblon,assets/js/bulk-photo-references.js,ruta exacta en inventario y referencia presente en código
BARRIOS/leblon/gente fiesta leblon.jpg,/barrios/leblon,assets/js/bulk-photo-references.js,ruta exacta en inventario y referencia presente en código
BARRIOS/leblon/jardim de alaha visto desde ar.jpg,/barrios/leblon,assets/js/bulk-photo-references.js,ruta exacta en inventario y referencia presente en código
BARRIOS/leblon/leblon creo que sirve para portada.jpg,/barrios/leblon,assets/js/bulk-photo-references.js,ruta exacta en inventario y referencia presente en código
BARRIOS/leblon/mirante do leblon 7545.jpg,/barrios/leblon,assets/js/bulk-photo-references.js,ruta exacta en inventario y referencia presente en código
BARRIOS/leblon/mujer espalda leblon.jpg,/barrios/leblon,assets/js/bulk-photo-references.js,ruta exacta en inventario y referencia presente en código
BARRIOS/leblon/para baixo leblon.jpg,/barrios/leblon,assets/js/bulk-photo-references.js,ruta exacta en inventario y referencia presente en código
BARRIOS/leblon/posto 11 leblon.jpg,/barrios/leblon,assets/js/bulk-photo-references.js,ruta exacta en inventario y referencia presente en código
BARRIOS/leblon/praca antero do quental.jpg,/barrios/leblon,assets/js/bulk-photo-references.js,ruta exacta en inventario y referencia presente en código
BARRIOS/leblon/rua dias da rocha afuera de bar.jpg,/barrios/leblon,assets/js/bulk-photo-references.js,ruta exacta en inventario y referencia presente en código
BARRIOS/leblon/Vista aérea do Forte de Copacabana e das praias de Ipanema e Leblon.webp,/barrios/leblon,assets/js/bulk-photo-references.js,ruta exacta en inventario y referencia presente en código
"BARRIOS/leblon/Vista da Lagoa Rodrigo de Freitas e praias de Ipanema e Leblon, ao fundo o Morro Dois Irmãos.webp",/barrios/leblon,assets/js/bulk-photo-references.js,ruta exacta en inventario y referencia presente en código
FOTOGRAFIA/FOTOGRAFIA MIRANTE DO LEBLON.jpg,/barrios/leblon,assets/js/bulk-photo-references.js,ruta exacta en inventario y referencia presente en código
BARRIOS/zona norte/feria sao cristovao 1435645.jpg,/barrios/zona-norte,assets/js/bulk-photo-references.js,ruta exacta en inventario y referencia presente en código
BARRIOS/zona norte/igreja da penha.jpg,/barrios/zona-norte,assets/js/bulk-photo-references.js,ruta exacta en inventario y referencia presente en código
BARRIOS/zona norte/meier.jpg,/barrios/zona-norte,assets/js/bulk-photo-references.js,ruta exacta en inventario y referencia presente en código
BARRIOS/zona norte/parque-madureira-1920x1271.jpeg,/barrios/zona-norte,assets/js/bulk-photo-references.js,ruta exacta en inventario y referencia presente en código
BARRIOS/zona norte/quinta-da-boa-vista.jpg,/barrios/zona-norte,assets/js/bulk-photo-references.js,ruta exacta en inventario y referencia presente en código
BARRIOS/zona norte/saens penha metro.jpg,/barrios/zona-norte,assets/js/bulk-photo-references.js,ruta exacta en inventario y referencia presente en código
BARRIOS/zona norte/samba zona norte.jpg,/barrios/zona-norte,assets/js/bulk-photo-references.js,ruta exacta en inventario y referencia presente en código
BARRIOS/zona norte/shopping bpulevard vila isabel.jpg,/barrios/zona-norte,assets/js/bulk-photo-references.js,ruta exacta en inventario y referencia presente en código
BARRIOS/copacabana/algo de sacopenapa pero no entendi bien.jpg,/barrios/copacabana,assets/js/bulk-photo-references.js,ruta exacta en inventario y referencia presente en código
BARRIOS/copacabana/antes de copacabana terreno.jpg,/barrios/copacabana,assets/js/bulk-photo-references.js,ruta exacta en inventario y referencia presente en código
BARRIOS/copacabana/aterro de copacabana 1969- 1970.jpg,/barrios/copacabana,assets/js/bulk-photo-references.js,ruta exacta en inventario y referencia presente en código
BARRIOS/copacabana/AVENIDA ATLANTICA 1963 HOMEN DA LAMBRETA.jpg,/barrios/copacabana,assets/js/bulk-photo-references.js,ruta exacta en inventario y referencia presente en código
BARRIOS/copacabana/barrio peixoto.jpg,/barrios/copacabana,assets/js/bulk-photo-references.js,ruta exacta en inventario y referencia presente en código
BARRIOS/copacabana/calzadao antiguo y copacabana palace al lado.jpg,/barrios/copacabana,assets/js/bulk-photo-references.js,ruta exacta en inventario y referencia presente en código
BARRIOS/copacabana/calzadao de copacanana 0001.jpg,/barrios/copacabana,assets/js/bulk-photo-references.js,ruta exacta en inventario y referencia presente en código
BARRIOS/copacabana/colagem urca em  dois tempos.jpg,/barrios/copacabana,assets/js/bulk-photo-references.js,ruta exacta en inventario y referencia presente en código
BARRIOS/copacabana/copacabana antigua 2.jpg,/barrios/copacabana,assets/js/bulk-photo-references.js,ruta exacta en inventario y referencia presente en código
BARRIOS/copacabana/copacabana palace antiguo 2.png,/barrios/copacabana,assets/js/bulk-photo-references.js,ruta exacta en inventario y referencia presente en código
BARRIOS/copacabana/copacabana palace antiguo.jpg,/barrios/copacabana,assets/js/bulk-photo-references.js,ruta exacta en inventario y referencia presente en código
BARRIOS/copacabana/copacabana playa y edificios.jpg,/barrios/copacabana,assets/js/bulk-photo-references.js,ruta exacta en inventario y referencia presente en código
BARRIOS/copacabana/COPACABANA PRAIA EM 1967- ALTURA DA DJALMA URICH.jpg,/barrios/copacabana,assets/js/bulk-photo-references.js,ruta exacta en inventario y referencia presente en código
BARRIOS/copacabana/era algo antes de la calzada creo.jpg,/barrios/copacabana,assets/js/bulk-photo-references.js,ruta exacta en inventario y referencia presente en código
BARRIOS/copacabana/feria copacanaba verduras 21.jpg,/barrios/copacabana,assets/js/bulk-photo-references.js,ruta exacta en inventario y referencia presente en código
BARRIOS/copacabana/forte copacabana entrada para portada o algo asi.jpg,/barrios/copacabana,assets/js/bulk-photo-references.js,ruta exacta en inventario y referencia presente en código
BARRIOS/copacabana/forte copacabana panoramico.jpg,/barrios/copacabana,assets/js/bulk-photo-references.js,ruta exacta en inventario y referencia presente en código
BARRIOS/copacabana/forte copacabana panoramico2.jpg,/barrios/copacabana,assets/js/bulk-photo-references.js,ruta exacta en inventario y referencia presente en código
BARRIOS/copacabana/imagen calle nosa senhora de copacabana.jpg,/barrios/copacabana,assets/js/bulk-photo-references.js,ruta exacta en inventario y referencia presente en código
BARRIOS/copacabana/imagen cantagalo con fondo de favela.jpg,/barrios/copacabana,assets/js/bulk-photo-references.js,ruta exacta en inventario y referencia presente en código
BARRIOS/copacabana/lapa em 1954.jpg,/barrios/copacabana,assets/js/bulk-photo-references.js,ruta exacta en inventario y referencia presente en código
BARRIOS/copacabana/playa copacabana antigua llena de personas.jpg,/barrios/copacabana,assets/js/bulk-photo-references.js,ruta exacta en inventario y referencia presente en código
BARRIOS/copacabana/playa y calzadao con personas antigua.jpg,/barrios/copacabana,assets/js/bulk-photo-references.js,ruta exacta en inventario y referencia presente en código
BARRIOS/copacabana/posto salva vidas de copacabana  em 1957.jpg,/barrios/copacabana,assets/js/bulk-photo-references.js,ruta exacta en inventario y referencia presente en código
BARRIOS/copacabana/praca general osorio.jpg,/barrios/copacabana,assets/js/bulk-photo-references.js,ruta exacta en inventario y referencia presente en código
BARRIOS/copacabana/praia de copacaba em 1948 - ainda com parte do morro do inhanga a vista.jpg,/barrios/copacabana,assets/js/bulk-photo-references.js,ruta exacta en inventario y referencia presente en código
BARRIOS/copacabana/praia do diabo y praia ipanema.jpg,/barrios/copacabana,assets/js/bulk-photo-references.js,ruta exacta en inventario y referencia presente en código
BARRIOS/copacabana/refugio antiaereo copa.jpg,/barrios/copacabana,assets/js/bulk-photo-references.js,ruta exacta en inventario y referencia presente en código
BARRIOS/copacabana/vista aerea copacabana antigua.jpg,/barrios/copacabana,assets/js/bulk-photo-references.js,ruta exacta en inventario y referencia presente en código
BARRIOS/copacabana/vista desde la entrada de copacabana palace antiguo.jpg,/barrios/copacabana,assets/js/bulk-photo-references.js,ruta exacta en inventario y referencia presente en código
BARRIOS/urca/atarceder urca lindo 1.jpg,/barrios/urca,assets/js/bulk-photo-references.js,ruta exacta en inventario y referencia presente en código
BARRIOS/urca/atarceder urca lindo y maravilloso.jpg,/barrios/urca,assets/js/bulk-photo-references.js,ruta exacta en inventario y referencia presente en código
BARRIOS/urca/barrio urca.jpg,/barrios/urca,assets/js/bulk-photo-references.js,ruta exacta en inventario y referencia presente en código
BARRIOS/urca/bondinho pao de acucar.jpeg,/barrios/urca,assets/js/bulk-photo-references.js,ruta exacta en inventario y referencia presente en código
BARRIOS/urca/forte sao joao rio.jpg,/barrios/urca,assets/js/bulk-photo-references.js,ruta exacta en inventario y referencia presente en código
BARRIOS/urca/pista claudio coutinho.jpg,/barrios/urca,assets/js/bulk-photo-references.js,ruta exacta en inventario y referencia presente en código
BARRIOS/urca/Pista-Claudio-Coutinho222.webp,/barrios/urca,assets/js/bulk-photo-references.js,ruta exacta en inventario y referencia presente en código
BARRIOS/urca/praia vermelha12e34.jpg,/barrios/urca,assets/js/bulk-photo-references.js,ruta exacta en inventario y referencia presente en código
BARRIOS/urca/praia_do_forte_Urca y calles.jpg,/barrios/urca,assets/js/bulk-photo-references.js,ruta exacta en inventario y referencia presente en código
BARRIOS/urca/urca puede ser portada.jpg,/barrios/urca,assets/js/bulk-photo-references.js,ruta exacta en inventario y referencia presente en código
FOTOGRAFIA/FOTOGRAFIA URCA.jpg,/barrios/urca,assets/js/bulk-photo-references.js,ruta exacta en inventario y referencia presente en código
BARRIOS/flamengo/aterro bicicleta.jpg,/barrios/flamengo,assets/js/bulk-photo-references.js,ruta exacta en inventario y referencia presente en código
BARRIOS/flamengo/aterro completo con marina da gloria.jpg,/barrios/flamengo,assets/js/bulk-photo-references.js,ruta exacta en inventario y referencia presente en código
BARRIOS/flamengo/aterro flamengo 1969.jpg,/barrios/flamengo,assets/js/bulk-photo-references.js,ruta exacta en inventario y referencia presente en código
BARRIOS/flamengo/aterro.jpg,/barrios/flamengo,assets/js/bulk-photo-references.js,ruta exacta en inventario y referencia presente en código
BARRIOS/flamengo/ejercicio aterro.jpg,/barrios/flamengo,assets/js/bulk-photo-references.js,ruta exacta en inventario y referencia presente en código
BARRIOS/flamengo/mam 134.jpg,/barrios/flamengo,assets/js/bulk-photo-references.js,ruta exacta en inventario y referencia presente en código
BARRIOS/flamengo/marina da gloria.jpg,/barrios/flamengo,assets/js/bulk-photo-references.js,ruta exacta en inventario y referencia presente en código
BARRIOS/flamengo/marina-da-gloria-rio-de-janeiro-ra8j7hnp8t3173vwpttbxgd5icd8v8lsphtr0o10ts.jpg,/barrios/flamengo,assets/js/bulk-photo-references.js,ruta exacta en inventario y referencia presente en código
BARRIOS/flamengo/Monumento-aos-pracinhas-1536x1152.jpg,/barrios/flamengo,assets/js/bulk-photo-references.js,ruta exacta en inventario y referencia presente en código
BARRIOS/flamengo/praiadoflamengoriodejaneirofotoalexandremacieirariotur3-1024x680.jpg,/barrios/flamengo,assets/js/bulk-photo-references.js,ruta exacta en inventario y referencia presente en código
FOTOGRAFIA/FOTOGRAFIA ATERRO FLAMENGO.jpg,/barrios/flamengo,assets/js/bulk-photo-references.js,ruta exacta en inventario y referencia presente en código
ATRACCIONES/cristo redentor/2017-10-29-cristo-redentor-1.jpg(1).webp,/atracciones/cristo-redentor,assets/js/bulk-photo-references.js,ruta exacta en inventario y referencia presente en código
ATRACCIONES/cristo redentor/393621(1).jpg,/atracciones/cristo-redentor,assets/js/bulk-photo-references.js,ruta exacta en inventario y referencia presente en código
ATRACCIONES/cristo redentor/91772783_ri_rio_de_janeiro_rj_25-02-2021_-_caderno_especial_-_aniversario_da_cidade_do_rio_-_cristo.jpg,/atracciones/cristo-redentor,assets/js/bulk-photo-references.js,ruta exacta en inventario y referencia presente en código
ATRACCIONES/cristo redentor/91772783_ri_rio_de_janeiro_rj_25-02-2021_-_caderno_especial_-_aniversario_da_cidade_do_rio_-_cristo(1).jpg,/atracciones/cristo-redentor,assets/js/bulk-photo-references.js,ruta exacta en inventario y referencia presente en código
ATRACCIONES/cristo redentor/cristo-corcovado(1).jpeg,/atracciones/cristo-redentor,assets/js/bulk-photo-references.js,ruta exacta en inventario y referencia presente en código
ATRACCIONES/cristo redentor/FB_IMG_1718463725444(1).jpg,/atracciones/cristo-redentor,assets/js/bulk-photo-references.js,ruta exacta en inventario y referencia presente en código
ATRACCIONES/cristo redentor/images (13)_20240620_034130(1).jpeg,/atracciones/cristo-redentor,assets/js/bulk-photo-references.js,ruta exacta en inventario y referencia presente en código
ATRACCIONES/cristo redentor/IMG-20230130-WA0000(1).jpg,/atracciones/cristo-redentor,assets/js/bulk-photo-references.js,ruta exacta en inventario y referencia presente en código
ATRACCIONES/cristo redentor/IMG-20231001-WA0075(1).jpg,/atracciones/cristo-redentor,assets/js/bulk-photo-references.js,ruta exacta en inventario y referencia presente en código
ATRACCIONES/cristo redentor/IMG-20231006-WA0037(1).jpg,/atracciones/cristo-redentor,assets/js/bulk-photo-references.js,ruta exacta en inventario y referencia presente en código
ATRACCIONES/cristo redentor/Interieur-du-Christ-de-Rio.jpg,/atracciones/cristo-redentor,assets/js/bulk-photo-references.js,ruta exacta en inventario y referencia presente en código
ATRACCIONES/cristo redentor/Maria_Producoes_3.png,/atracciones/cristo-redentor,assets/js/bulk-photo-references.js,ruta exacta en inventario y referencia presente en código
ATRACCIONES/cristo redentor/Orteil-du-Christ-redempteur-V(1).jpg,/atracciones/cristo-redentor,assets/js/bulk-photo-references.js,ruta exacta en inventario y referencia presente en código
FOTOGRAFIA/FOTOGRAFIA CRISTO REDENTOR.jpg,/atracciones/cristo-redentor,assets/js/bulk-photo-references.js,ruta exacta en inventario y referencia presente en código
FOTOGRAFIA/FOTOGRAFIA DONA MARTA.jpg,/atracciones/cristo-redentor,assets/js/bulk-photo-references.js,ruta exacta en inventario y referencia presente en código
ATRACCIONES/maracana/2026-03-21 181554.jpg,/atracciones/maracana,assets/js/bulk-photo-references.js,ruta exacta en inventario y referencia presente en código
ATRACCIONES/maracana/e6.jpg,/atracciones/maracana,assets/js/bulk-photo-references.js,ruta exacta en inventario y referencia presente en código
ATRACCIONES/maracana/IMG_0878(1).jpeg,/atracciones/maracana,assets/js/bulk-photo-references.js,ruta exacta en inventario y referencia presente en código
ATRACCIONES/maracana/MARACA.jpg,/atracciones/maracana,assets/js/bulk-photo-references.js,ruta exacta en inventario y referencia presente en código
ATRACCIONES/maracana/MARACAW.jpg,/atracciones/maracana,assets/js/bulk-photo-references.js,ruta exacta en inventario y referencia presente en código
ATRACCIONES/maracana/PORTADA MARACANAQQ (1).avif,/atracciones/maracana,assets/js/bulk-photo-references.js,ruta exacta en inventario y referencia presente en código
ATRACCIONES/selaron/escadaria selaron rio de janeiro.jpg,/atracciones/selaron,assets/js/bulk-photo-references.js,ruta exacta en inventario y referencia presente en código
ATRACCIONES/selaron/FB_IMG_1722191285731.jpg,/atracciones/selaron,assets/js/bulk-photo-references.js,ruta exacta en inventario y referencia presente en código
ATRACCIONES/selaron/JORGE-SELARON-2-1024x687.jpg,/atracciones/selaron,assets/js/bulk-photo-references.js,ruta exacta en inventario y referencia presente en código
ATRACCIONES/selaron/received_877787720498651(5).jpeg,/atracciones/selaron,assets/js/bulk-photo-references.js,ruta exacta en inventario y referencia presente en código
ATRACCIONES/selaron/s.jpg,/atracciones/selaron,assets/js/bulk-photo-references.js,ruta exacta en inventario y referencia presente en código
ATRACCIONES/selaron/sao bento/IMG-20230814-WA0014(1).jpg,/atracciones/selaron,assets/js/bulk-photo-references.js,ruta exacta en inventario y referencia presente en código
ATRACCIONES/selaron/sao bento/WhatsApp Image 2023-01-25 at 21.56.10 (1).jpeg,/atracciones/selaron,assets/js/bulk-photo-references.js,ruta exacta en inventario y referencia presente en código
ATRACCIONES/selaron/sao bento/WhatsApp Image 2023-01-25 at 21.56.10 (2).jpeg,/atracciones/selaron,assets/js/bulk-photo-references.js,ruta exacta en inventario y referencia presente en código
ATRACCIONES/selaron/sao bento/WhatsApp Image 2023-01-25 at 21.56.10.jpg,/atracciones/selaron,assets/js/bulk-photo-references.js,ruta exacta en inventario y referencia presente en código
ATRACCIONES/selaron/selaron 111.jpg,/atracciones/selaron,assets/js/bulk-photo-references.js,ruta exacta en inventario y referencia presente en código
ATRACCIONES/selaron/selaron 112.jpg,/atracciones/selaron,assets/js/bulk-photo-references.js,ruta exacta en inventario y referencia presente en código
ATRACCIONES/selaron/selaron 113.jpg,/atracciones/selaron,assets/js/bulk-photo-references.js,ruta exacta en inventario y referencia presente en código
ATRACCIONES/selaron/selaron 114.jpg,/atracciones/selaron,assets/js/bulk-photo-references.js,ruta exacta en inventario y referencia presente en código
ATRACCIONES/selaron/Selaron-2.jpg,/atracciones/selaron,assets/js/bulk-photo-references.js,ruta exacta en inventario y referencia presente en código
ATRACCIONES/selaron/selaron-EFE.jpg,/atracciones/selaron,assets/js/bulk-photo-references.js,ruta exacta en inventario y referencia presente en código
ATRACCIONES/selaron/WhatsApp Image 2023-01-26 at 11.24.18.jpeg,/atracciones/selaron,assets/js/bulk-photo-references.js,ruta exacta en inventario y referencia presente en código
FOTOGRAFIA/FOTOGRAFIA ESCADARIA.jpg,/atracciones/selaron,assets/js/bulk-photo-references.js,ruta exacta en inventario y referencia presente en código
EXPERIENCIAS/parasail/caption (1).jpg,/experiencias/parasail,assets/js/bulk-photo-references.js,ruta exacta en inventario y referencia presente en código
EXPERIENCIAS/parasail/caption (3).jpg,/experiencias/parasail,assets/js/bulk-photo-references.js,ruta exacta en inventario y referencia presente en código
EXPERIENCIAS/parasail/caption.jpg,/experiencias/parasail,assets/js/bulk-photo-references.js,ruta exacta en inventario y referencia presente en código
EXPERIENCIAS/parasail/H.jpg,/experiencias/parasail,assets/js/bulk-photo-references.js,ruta exacta en inventario y referencia presente en código
EXPERIENCIAS/parasail/parasail 1.jpg,/experiencias/parasail,assets/js/bulk-photo-references.js; experiencias/parasail/index.html,ruta exacta en inventario y referencia presente en código
EXPERIENCIAS/parasail/parasail3.jpg,/experiencias/parasail,assets/js/bulk-photo-references.js; experiencias/parasail/index.html,ruta exacta en inventario y referencia presente en código
EXPERIENCIAS/parasail/parasail4.jpg,/experiencias/parasail,assets/js/bulk-photo-references.js; experiencias/parasail/index.html,ruta exacta en inventario y referencia presente en código
EXPERIENCIAS/parasail/parasail 2.jpg,/experiencias/parasail,assets/js/bulk-photo-references.js; experiencias/parasail/index.html,ruta exacta en inventario y referencia presente en código
EXPERIENCIAS/carnaval experience/carnaval experience ec (1).jpeg,/experiencias/carnaval-experience,assets/js/bulk-photo-references.js,ruta exacta en inventario y referencia presente en código
EXPERIENCIAS/carnaval experience/carnaval experience ec (10).jpg,/experiencias/carnaval-experience,assets/js/bulk-photo-references.js,ruta exacta en inventario y referencia presente en código
EXPERIENCIAS/carnaval experience/carnaval experience ec (11).jpg,/experiencias/carnaval-experience,assets/js/bulk-photo-references.js,ruta exacta en inventario y referencia presente en código
EXPERIENCIAS/carnaval experience/carnaval experience ec (12).jpg,/experiencias/carnaval-experience,assets/js/bulk-photo-references.js,ruta exacta en inventario y referencia presente en código
EXPERIENCIAS/carnaval experience/carnaval experience ec (13).jpg,/experiencias/carnaval-experience,assets/js/bulk-photo-references.js,ruta exacta en inventario y referencia presente en código
EXPERIENCIAS/carnaval experience/carnaval experience ec (14).jpg,/experiencias/carnaval-experience,assets/js/bulk-photo-references.js,ruta exacta en inventario y referencia presente en código
EXPERIENCIAS/carnaval experience/carnaval experience ec (15).jpg,/experiencias/carnaval-experience,assets/js/bulk-photo-references.js,ruta exacta en inventario y referencia presente en código
EXPERIENCIAS/carnaval experience/carnaval experience ec (16).jpg,/experiencias/carnaval-experience,assets/js/bulk-photo-references.js,ruta exacta en inventario y referencia presente en código
EXPERIENCIAS/carnaval experience/carnaval experience ec (17).jpg,/experiencias/carnaval-experience,assets/js/bulk-photo-references.js,ruta exacta en inventario y referencia presente en código
EXPERIENCIAS/carnaval experience/carnaval experience ec (18).jpg,/experiencias/carnaval-experience,assets/js/bulk-photo-references.js,ruta exacta en inventario y referencia presente en código
EXPERIENCIAS/carnaval experience/carnaval experience ec (19).jpg,/experiencias/carnaval-experience,assets/js/bulk-photo-references.js,ruta exacta en inventario y referencia presente en código
EXPERIENCIAS/carnaval experience/carnaval experience ec (2).jpg,/experiencias/carnaval-experience,assets/js/bulk-photo-references.js,ruta exacta en inventario y referencia presente en código
EXPERIENCIAS/carnaval experience/carnaval experience ec (20).jpg,/experiencias/carnaval-experience,assets/js/bulk-photo-references.js,ruta exacta en inventario y referencia presente en código
EXPERIENCIAS/carnaval experience/carnaval experience ec (21).jpg,/experiencias/carnaval-experience,assets/js/bulk-photo-references.js,ruta exacta en inventario y referencia presente en código
EXPERIENCIAS/carnaval experience/carnaval experience ec (22).jpg,/experiencias/carnaval-experience,assets/js/bulk-photo-references.js,ruta exacta en inventario y referencia presente en código
EXPERIENCIAS/carnaval experience/carnaval experience ec (23).jpg,/experiencias/carnaval-experience,assets/js/bulk-photo-references.js,ruta exacta en inventario y referencia presente en código
EXPERIENCIAS/carnaval experience/carnaval experience ec (3).jpg,/experiencias/carnaval-experience,assets/js/bulk-photo-references.js,ruta exacta en inventario y referencia presente en código
EXPERIENCIAS/carnaval experience/carnaval experience ec (4).jpg,/experiencias/carnaval-experience,assets/js/bulk-photo-references.js,ruta exacta en inventario y referencia presente en código
EXPERIENCIAS/carnaval experience/carnaval experience ec (5).jpg,/experiencias/carnaval-experience,assets/js/bulk-photo-references.js,ruta exacta en inventario y referencia presente en código
EXPERIENCIAS/carnaval experience/carnaval experience ec (6).jpg,/experiencias/carnaval-experience,assets/js/bulk-photo-references.js,ruta exacta en inventario y referencia presente en código
EXPERIENCIAS/carnaval experience/carnaval experience ec (7).jpg,/experiencias/carnaval-experience,assets/js/bulk-photo-references.js,ruta exacta en inventario y referencia presente en código
EXPERIENCIAS/carnaval experience/carnaval experience ec (8).jpg,/experiencias/carnaval-experience,assets/js/bulk-photo-references.js,ruta exacta en inventario y referencia presente en código
EXPERIENCIAS/carnaval experience/carnaval experience ec (9).jpg,/experiencias/carnaval-experience,assets/js/bulk-photo-references.js,ruta exacta en inventario y referencia presente en código
EXPERIENCIAS/carnaval experience/carnaval experience ec (1).jpg,/experiencias/carnaval-experience,assets/js/bulk-photo-references.js; experiencias/carnaval-experience/index.html,ruta exacta en inventario y referencia presente en código
EXPERIENCIAS/helicoptero/be.jpg,/experiencias/helicoptero,assets/js/bulk-photo-references.js,ruta exacta en inventario y referencia presente en código
EXPERIENCIAS/helicoptero/caption (1).jpg,/experiencias/helicoptero,assets/js/bulk-photo-references.js,ruta exacta en inventario y referencia presente en código
EXPERIENCIAS/helicoptero/caption (2).jpg,/experiencias/helicoptero,assets/js/bulk-photo-references.js,ruta exacta en inventario y referencia presente en código
EXPERIENCIAS/helicoptero/caption (3).jpg,/experiencias/helicoptero,assets/js/bulk-photo-references.js,ruta exacta en inventario y referencia presente en código
EXPERIENCIAS/helicoptero/caption (4).jpg,/experiencias/helicoptero,assets/js/bulk-photo-references.js,ruta exacta en inventario y referencia presente en código
EXPERIENCIAS/helicoptero/caption (5).jpg,/experiencias/helicoptero,assets/js/bulk-photo-references.js,ruta exacta en inventario y referencia presente en código
EXPERIENCIAS/helicoptero/caption (6).jpg,/experiencias/helicoptero,assets/js/bulk-photo-references.js,ruta exacta en inventario y referencia presente en código
EXPERIENCIAS/helicoptero/caption (7).jpg,/experiencias/helicoptero,assets/js/bulk-photo-references.js,ruta exacta en inventario y referencia presente en código
"EXPERIENCIAS/helicoptero/ChatGPT Image Sep 3, 2026, 10_27_46 AM.png",/experiencias/helicoptero,assets/js/bulk-photo-references.js,ruta exacta en inventario y referencia presente en código
EXPERIENCIAS/helicoptero/WhatsApp Image 2026-09-03 at 10.09.20.jpeg,/experiencias/helicoptero,assets/js/bulk-photo-references.js; experiencias/helicoptero/index.html,ruta exacta en inventario y referencia presente en código
EXPERIENCIAS/helicoptero/7c.jpg,/experiencias/helicoptero,assets/js/bulk-photo-references.js; experiencias/helicoptero/index.html,ruta exacta en inventario y referencia presente en código
EXPERIENCIAS/helicoptero/WhatsApp Image 2026-09-03 at 10.11.23.jpeg,/experiencias/helicoptero,assets/js/bulk-photo-references.js; experiencias/helicoptero/index.html,ruta exacta en inventario y referencia presente en código
EXPERIENCIAS/helicoptero/caption.jpg,/experiencias/helicoptero,assets/js/bulk-photo-references.js; experiencias/helicoptero/index.html,ruta exacta en inventario y referencia presente en código
EXPERIENCIAS/PEDRA BONITA/PEDRA BONITA (10).jpg,/experiencias/pedra-bonita,assets/js/bulk-photo-references.js,ruta exacta en inventario y referencia presente en código
EXPERIENCIAS/PEDRA BONITA/PEDRA BONITA (11).jpg,/experiencias/pedra-bonita,assets/js/bulk-photo-references.js,ruta exacta en inventario y referencia presente en código
EXPERIENCIAS/PEDRA BONITA/PEDRA BONITA (12).jpg,/experiencias/pedra-bonita,assets/js/bulk-photo-references.js,ruta exacta en inventario y referencia presente en código
EXPERIENCIAS/PEDRA BONITA/PEDRA BONITA (13).jpg,/experiencias/pedra-bonita,assets/js/bulk-photo-references.js,ruta exacta en inventario y referencia presente en código
EXPERIENCIAS/PEDRA BONITA/PEDRA BONITA (4).jpg,/experiencias/pedra-bonita,assets/js/bulk-photo-references.js,ruta exacta en inventario y referencia presente en código
EXPERIENCIAS/PEDRA BONITA/PEDRA BONITA (5).jpg,/experiencias/pedra-bonita,assets/js/bulk-photo-references.js,ruta exacta en inventario y referencia presente en código
EXPERIENCIAS/PEDRA BONITA/PEDRA BONITA (6).jpg,/experiencias/pedra-bonita,assets/js/bulk-photo-references.js,ruta exacta en inventario y referencia presente en código
EXPERIENCIAS/PEDRA BONITA/PEDRA BONITA (7).jpg,/experiencias/pedra-bonita,assets/js/bulk-photo-references.js,ruta exacta en inventario y referencia presente en código
EXPERIENCIAS/PEDRA BONITA/PEDRA BONITA (8).jpg,/experiencias/pedra-bonita,assets/js/bulk-photo-references.js,ruta exacta en inventario y referencia presente en código
EXPERIENCIAS/PEDRA BONITA/PEDRA BONITA (9).jpg,/experiencias/pedra-bonita,assets/js/bulk-photo-references.js,ruta exacta en inventario y referencia presente en código
EXPERIENCIAS/PEDRA BONITA/PEDRA BONITA (1).jpg,/experiencias/pedra-bonita,assets/js/bulk-photo-references.js; experiencias/pedra-bonita/index.html,ruta exacta en inventario y referencia presente en código
EXPERIENCIAS/PEDRA BONITA/PEDRA BONITA (3).jpg,/experiencias/pedra-bonita,assets/js/bulk-photo-references.js; experiencias/pedra-bonita/index.html,ruta exacta en inventario y referencia presente en código
EXPERIENCIAS/PEDRA BONITA/PEDRA BONITA (2).jpg,/experiencias/pedra-bonita,assets/js/bulk-photo-references.js; experiencias/pedra-bonita/index.html,ruta exacta en inventario y referencia presente en código
ATRACCIONES/pedra bonita/IMG_20230812_113857943_HDR.jpg,/experiencias/pedra-bonita,assets/js/bulk-photo-references.js,ruta exacta en inventario y referencia presente en código
ATRACCIONES/pedra bonita/IMG_20230812_111221760_HDR.jpg,/experiencias/pedra-bonita,assets/js/bulk-photo-references.js,ruta exacta en inventario y referencia presente en código
ATRACCIONES/pedra bonita/IMG_20230812_113832463_HDR.jpg,/experiencias/pedra-bonita,assets/js/bulk-photo-references.js,ruta exacta en inventario y referencia presente en código
ATRACCIONES/pedra bonita/IMG_20230812_111219953_HDR.jpg,/experiencias/pedra-bonita,assets/js/bulk-photo-references.js,ruta exacta en inventario y referencia presente en código
ATRACCIONES/pedra bonita/parque das ruinas.jpg,/experiencias/pedra-bonita,assets/js/bulk-photo-references.js,ruta exacta en inventario y referencia presente en código
EXPERIENCIAS/RIO SAMBA BUS/RIO SAMBA BUS (4).jpg,/experiencias/rio-samba-bus,assets/js/bulk-photo-references.js,ruta exacta en inventario y referencia presente en código
EXPERIENCIAS/RIO SAMBA BUS/RIO SAMBA BUS (6).jpg,/experiencias/rio-samba-bus,assets/js/bulk-photo-references.js,ruta exacta en inventario y referencia presente en código
EXPERIENCIAS/RIO SAMBA BUS/RIO SAMBA BUS (7).jpg,/experiencias/rio-samba-bus,assets/js/bulk-photo-references.js,ruta exacta en inventario y referencia presente en código
EXPERIENCIAS/RIO SAMBA BUS/RIO SAMBA BUS (8).jpg,/experiencias/rio-samba-bus,assets/js/bulk-photo-references.js,ruta exacta en inventario y referencia presente en código
EXPERIENCIAS/RIO SAMBA BUS/RIO SAMBA BUS (9).jpg,/experiencias/rio-samba-bus,assets/js/bulk-photo-references.js,ruta exacta en inventario y referencia presente en código
EXPERIENCIAS/RIO SAMBA BUS/RIO SAMBA BUS NOCHE (1).jpg,/experiencias/rio-samba-bus,assets/js/bulk-photo-references.js,ruta exacta en inventario y referencia presente en código
EXPERIENCIAS/RIO SAMBA BUS/RIO SAMBA BUS NOCHE (2).jpg,/experiencias/rio-samba-bus,assets/js/bulk-photo-references.js,ruta exacta en inventario y referencia presente en código
EXPERIENCIAS/RIO SAMBA BUS/RIO SAMBA BUS NOCHE (3).jpg,/experiencias/rio-samba-bus,assets/js/bulk-photo-references.js,ruta exacta en inventario y referencia presente en código
EXPERIENCIAS/RIO SAMBA BUS/RIO SAMBA BUS NOCHE (4).jpg,/experiencias/rio-samba-bus,assets/js/bulk-photo-references.js,ruta exacta en inventario y referencia presente en código
EXPERIENCIAS/RIO SAMBA BUS/RIO SAMBA BUS (1).jpg,/experiencias/rio-samba-bus,assets/js/bulk-photo-references.js; experiencias/rio-samba-bus/index.html,ruta exacta en inventario y referencia presente en código
EXPERIENCIAS/RIO SAMBA BUS/RIO SAMBA BUS (2).jpg,/experiencias/rio-samba-bus,assets/js/bulk-photo-references.js; experiencias/rio-samba-bus/index.html,ruta exacta en inventario y referencia presente en código
EXPERIENCIAS/RIO SAMBA BUS/RIO SAMBA BUS (3).jpg,/experiencias/rio-samba-bus,assets/js/bulk-photo-references.js; experiencias/rio-samba-bus/index.html,ruta exacta en inventario y referencia presente en código
FAMILIA/FAMILIA bosque da barra/bosquedabarra06.jpg,/familia/bosque-da-barra,assets/js/bulk-photo-references.js,ruta exacta en inventario y referencia presente en código
FAMILIA/FAMILIA bosque da barra/IMG_20230305_160135338_HDR(1).jpg,/familia/bosque-da-barra,assets/js/bulk-photo-references.js,ruta exacta en inventario y referencia presente en código
FAMILIA/FAMILIA bosque da barra/IMG_20230305_160226216(3).jpg,/familia/bosque-da-barra,assets/js/bulk-photo-references.js,ruta exacta en inventario y referencia presente en código
FAMILIA/FAMILIA bosque da barra/IMG_20230305_160458029(1).jpg,/familia/bosque-da-barra,assets/js/bulk-photo-references.js,ruta exacta en inventario y referencia presente en código
FAMILIA/FAMILIA bosque da barra/bosque-da-barra 1.jpg,/familia/bosque-da-barra,assets/js/bulk-photo-references.js; familia/bosque-da-barra/index.html,ruta exacta en inventario y referencia presente en código
FAMILIA/FAMILIA bosque da barra/IMG_20230305_160052535.jpg,/familia/bosque-da-barra,assets/js/bulk-photo-references.js; familia/bosque-da-barra/index.html,ruta exacta en inventario y referencia presente en código
FAMILIA/FAMILIA bosque da barra/IMG_20230305_160207100_HDR(1).jpg,/familia/bosque-da-barra,assets/js/bulk-photo-references.js; familia/bosque-da-barra/index.html,ruta exacta en inventario y referencia presente en código
FAMILIA/FAMILIA bosque da barra/bosque-da-barra4.png,/familia/bosque-da-barra,assets/js/bulk-photo-references.js,ruta exacta en inventario y referencia presente en código
FAMILIA/MINIATURA FAMILIA ernes bosque da barra.png,/familia/bosque-da-barra,assets/js/bulk-photo-references.js,ruta exacta en inventario y referencia presente en código
BARRIOS/bosque da barra/bosque-da-barra 1.jpg,/familia/bosque-da-barra,assets/js/bulk-photo-references.js,ruta exacta en inventario y referencia presente en código
BARRIOS/bosque da barra/IMG_20230305_160052535.jpg,/familia/bosque-da-barra,assets/js/bulk-photo-references.js,ruta exacta en inventario y referencia presente en código
BARRIOS/bosque da barra/IMG_20230305_160135338_HDR(1).jpg,/familia/bosque-da-barra,assets/js/bulk-photo-references.js,ruta exacta en inventario y referencia presente en código
BARRIOS/bosque da barra/IMG_20230305_160207100_HDR(1).jpg,/familia/bosque-da-barra,assets/js/bulk-photo-references.js,ruta exacta en inventario y referencia presente en código
BARRIOS/bosque da barra/IMG_20230305_160458029(1).jpg,/familia/bosque-da-barra,assets/js/bulk-photo-references.js,ruta exacta en inventario y referencia presente en código
BARRIOS/bosque da barra/IMG_20230305_160226216(3).jpg,/familia/bosque-da-barra,assets/js/bulk-photo-references.js,ruta exacta en inventario y referencia presente en código
BARRIOS/bosque da barra/bosquedabarra06.jpg,/familia/bosque-da-barra,assets/js/bulk-photo-references.js,ruta exacta en inventario y referencia presente en código
BARRIOS/bosque da barra/bosque-da-barra4.png,/familia/bosque-da-barra,assets/js/bulk-photo-references.js,ruta exacta en inventario y referencia presente en código
FAMILIA/FAMILIA aquario/AQUARIO (4).jpg,/familia/aquario,assets/js/bulk-photo-references.js,ruta exacta en inventario y referencia presente en código
FAMILIA/FAMILIA aquario/AQUARIO (5).jpg,/familia/aquario,assets/js/bulk-photo-references.js,ruta exacta en inventario y referencia presente en código
FAMILIA/FAMILIA aquario/MUSEU CERA AQUARI.jpg,/familia/aquario,assets/js/bulk-photo-references.js,ruta exacta en inventario y referencia presente en código
FAMILIA/FAMILIA aquario/AQUARIO (1).jpg,/familia/aquario,assets/js/bulk-photo-references.js; familia/aquario/index.html,ruta exacta en inventario y referencia presente en código
FAMILIA/FAMILIA aquario/AQUARIO (2).jpg,/familia/aquario,assets/js/bulk-photo-references.js; familia/aquario/index.html,ruta exacta en inventario y referencia presente en código
FAMILIA/FAMILIA aquario/AQUARIO (3).jpg,/familia/aquario,assets/js/bulk-photo-references.js; familia/aquario/index.html,ruta exacta en inventario y referencia presente en código
FAMILIA/MINIATURA FAMILIA ernes aquario.png,/familia/aquario,assets/js/bulk-photo-references.js,ruta exacta en inventario y referencia presente en código
FAMILIA/FAMILIA PLANETARIO/planetario4.jpeg,/familia/planetario,assets/js/bulk-photo-references.js,ruta exacta en inventario y referencia presente en código
FAMILIA/FAMILIA PLANETARIO/planetario5.jpeg,/familia/planetario,assets/js/bulk-photo-references.js,ruta exacta en inventario y referencia presente en código
FAMILIA/FAMILIA PLANETARIO/planetario1.jpeg,/familia/planetario,assets/js/bulk-photo-references.js; familia/planetario/index.html,ruta exacta en inventario y referencia presente en código
FAMILIA/FAMILIA PLANETARIO/planetario2.jpeg,/familia/planetario,assets/js/bulk-photo-references.js; familia/planetario/index.html,ruta exacta en inventario y referencia presente en código
FAMILIA/FAMILIA PLANETARIO/planetario3.jpeg,/familia/planetario,assets/js/bulk-photo-references.js; familia/planetario/index.html,ruta exacta en inventario y referencia presente en código
FAMILIA/MINIATURA FAMILIA ernes planetario.png,/familia/planetario,assets/js/bulk-photo-references.js,ruta exacta en inventario y referencia presente en código
FAMILIA/FAMILIA bioparque/bio parque rio familia  (4).jpg,/familia/bioparque,assets/js/bulk-photo-references.js,ruta exacta en inventario y referencia presente en código
FAMILIA/FAMILIA bioparque/bio parque rio familia  (5).jpg,/familia/bioparque,assets/js/bulk-photo-references.js,ruta exacta en inventario y referencia presente en código
FAMILIA/FAMILIA bioparque/bio parque rio familia  (6).jpg,/familia/bioparque,assets/js/bulk-photo-references.js,ruta exacta en inventario y referencia presente en código
FAMILIA/FAMILIA bioparque/bio parque rio familia  (7).jpg,/familia/bioparque,assets/js/bulk-photo-references.js,ruta exacta en inventario y referencia presente en código
FAMILIA/FAMILIA bioparque/bio parque rio familia  (8).jpg,/familia/bioparque,assets/js/bulk-photo-references.js,ruta exacta en inventario y referencia presente en código
FAMILIA/FAMILIA bioparque/bio parque rio familia  (1).jpg,/familia/bioparque,assets/js/bulk-photo-references.js; familia/bioparque/index.html,ruta exacta en inventario y referencia presente en código
FAMILIA/FAMILIA bioparque/bio parque rio familia  (3).jpg,/familia/bioparque,assets/js/bulk-photo-references.js; familia/bioparque/index.html,ruta exacta en inventario y referencia presente en código
FAMILIA/FAMILIA bioparque/bio parque rio familia  (2).jpg,/familia/bioparque,assets/js/bulk-photo-references.js; familia/bioparque/index.html,ruta exacta en inventario y referencia presente en código
FAMILIA/MINIATURA FAMILIA ernes bio parque.png,/familia/bioparque,assets/js/bulk-photo-references.js,ruta exacta en inventario y referencia presente en código
FAMILIA/FAMILIA ilha fiscal/FB_IMG_1696133943368(1).jpg,/familia/ilha-fiscal,assets/js/bulk-photo-references.js,ruta exacta en inventario y referencia presente en código
FAMILIA/FAMILIA ilha fiscal/ILHAF2.jpg,/familia/ilha-fiscal,assets/js/bulk-photo-references.js; familia/ilha-fiscal/index.html,ruta exacta en inventario y referencia presente en código
FAMILIA/MINIATURA FAMILIA ernes ilha fiscal.png,/familia/ilha-fiscal,assets/js/bulk-photo-references.js,ruta exacta en inventario y referencia presente en código
restaurantes/Alloro al Miramar/mesa-variada-de-doces Alloro al Miramar.jpg,/gastronomia/alloro,assets/js/bulk-photo-references.js,ruta exacta en inventario y referencia presente en código
restaurantes/Alloro al Miramar/Alloro al Miramar 1.jpg,/gastronomia/alloro,assets/js/bulk-photo-references.js,ruta exacta en inventario y referencia presente en código
restaurantes/Alloro al Miramar/mesa-de-acompanhamentos Alloro al Miramar.jpg,/gastronomia/alloro,assets/js/bulk-photo-references.js,ruta exacta en inventario y referencia presente en código
restaurantes/Alloro al Miramar/a-chef-juliana-magioli Alloro al Miramar.jpg,/gastronomia/alloro,assets/js/bulk-photo-references.js,ruta exacta en inventario y referencia presente en código
restaurantes/Alloro al Miramar/alloro-al-miramar 2.jpg,/gastronomia/alloro,assets/js/bulk-photo-references.js,ruta exacta en inventario y referencia presente en código
restaurantes/Alloro al Miramar/vista-que-o-maravilhoso Alloro al Miramar.jpg,/gastronomia/alloro,assets/js/bulk-photo-references.js,ruta exacta en inventario y referencia presente en código
restaurantes/Alloro al Miramar/alloro-al-miramar 3.jpg,/gastronomia/alloro,assets/js/bulk-photo-references.js,ruta exacta en inventario y referencia presente en código
restaurantes/Boteco Belmonte Ipanema/Boteco Belmonte Ipanema8.jpg,/gastronomia/belmonte-ipanema,assets/js/bulk-photo-references.js,ruta exacta en inventario y referencia presente en código
restaurantes/Boteco Belmonte Ipanema/Boteco Belmonte Ipanema5.jpg,/gastronomia/belmonte-ipanema,assets/js/bulk-photo-references.js,ruta exacta en inventario y referencia presente en código
restaurantes/Boteco Belmonte Ipanema/Boteco Belmonte Ipanema3.jpg,/gastronomia/belmonte-ipanema,assets/js/bulk-photo-references.js,ruta exacta en inventario y referencia presente en código
restaurantes/Boteco Belmonte Ipanema/Boteco Belmonte Ipanema4.jpg,/gastronomia/belmonte-ipanema,assets/js/bulk-photo-references.js,ruta exacta en inventario y referencia presente en código
restaurantes/Boteco Belmonte Ipanema/Boteco Belmonte Ipanema2.jpg,/gastronomia/belmonte-ipanema,assets/js/bulk-photo-references.js,ruta exacta en inventario y referencia presente en código
restaurantes/Boteco Belmonte Ipanema/Boteco Belmonte Ipanema1.jpg,/gastronomia/belmonte-ipanema,assets/js/bulk-photo-references.js,ruta exacta en inventario y referencia presente en código
restaurantes/Boteco Belmonte Ipanema/Boteco Belmonte Ipanema7.jpg,/gastronomia/belmonte-ipanema,assets/js/bulk-photo-references.js,ruta exacta en inventario y referencia presente en código
restaurantes/Clássico Beach Club Leme/Clássico Beach Club Leme 4.jpg,/gastronomia/classico-leme,assets/js/bulk-photo-references.js,ruta exacta en inventario y referencia presente en código
restaurantes/Clássico Beach Club Leme/Clássico Beach Club Leme 3.jpg,/gastronomia/classico-leme,assets/js/bulk-photo-references.js,ruta exacta en inventario y referencia presente en código
restaurantes/Clássico Beach Club Leme/Clássico Beach Club Leme 2.jpg,/gastronomia/classico-leme,assets/js/bulk-photo-references.js,ruta exacta en inventario y referencia presente en código
restaurantes/Clássico Beach Club Leme/Clássico Beach Club Leme 4 6.jpg,/gastronomia/classico-leme,assets/js/bulk-photo-references.js,ruta exacta en inventario y referencia presente en código
restaurantes/Clássico Beach Club Leme/Clássico Beach Club Leme 5.jpg,/gastronomia/classico-leme,assets/js/bulk-photo-references.js,ruta exacta en inventario y referencia presente en código
restaurantes/Clássico Beach Club Leme/area-principal Clássico Beach Club Leme.jpg,/gastronomia/classico-leme,assets/js/bulk-photo-references.js,ruta exacta en inventario y referencia presente en código
restaurantes/Clássico Beach Club Leme/Clássico Beach Club Leme 4 7.jpg,/gastronomia/classico-leme,assets/js/bulk-photo-references.js,ruta exacta en inventario y referencia presente en código
restaurantes/Delírio Tropical ipanema/bolo-de-chocolate-com delirio tropical ipanema.jpg,/gastronomia/delirio,assets/js/bulk-photo-references.js,ruta exacta en inventario y referencia presente en código
restaurantes/Delírio Tropical ipanema/delirio-tropical postre.jpg,/gastronomia/delirio,assets/js/bulk-photo-references.js,ruta exacta en inventario y referencia presente en código
restaurantes/Delírio Tropical ipanema/delirio tropical ipanema 1.jpg,/gastronomia/delirio,assets/js/bulk-photo-references.js,ruta exacta en inventario y referencia presente en código
restaurantes/Delírio Tropical ipanema/delirio tropical ipanema 5.jpg,/gastronomia/delirio,assets/js/bulk-photo-references.js,ruta exacta en inventario y referencia presente en código
restaurantes/Delírio Tropical ipanema/delirio tropical ipanema 5e.jpg,/gastronomia/delirio,assets/js/bulk-photo-references.js,ruta exacta en inventario y referencia presente en código
restaurantes/Delírio Tropical ipanema/delirio tropical ipanema 3.jpg,/gastronomia/delirio,assets/js/bulk-photo-references.js,ruta exacta en inventario y referencia presente en código
restaurantes/Delírio Tropical ipanema/delirio tropical ipanema 2.jpg,/gastronomia/delirio,assets/js/bulk-photo-references.js,ruta exacta en inventario y referencia presente en código
restaurantes/Delírio Tropical ipanema/barbozinha delirio tropical ipanema.jpg,/gastronomia/delirio,assets/js/bulk-photo-references.js,ruta exacta en inventario y referencia presente en código
"restaurantes/Sud, o Pássaro Verde/Sud, o Pássaro Verde2.jpg",/gastronomia/sud-passaro-verde,assets/js/bulk-photo-references.js,ruta exacta en inventario y referencia presente en código
"restaurantes/Sud, o Pássaro Verde/Sud, o Pássaro Verde4.jpg",/gastronomia/sud-passaro-verde,assets/js/bulk-photo-references.js,ruta exacta en inventario y referencia presente en código
"restaurantes/Sud, o Pássaro Verde/Sud, o Pássaro Verde5.jpg",/gastronomia/sud-passaro-verde,assets/js/bulk-photo-references.js,ruta exacta en inventario y referencia presente en código
"restaurantes/Sud, o Pássaro Verde/Sud, o Pássaro Verde3.jpg",/gastronomia/sud-passaro-verde,assets/js/bulk-photo-references.js,ruta exacta en inventario y referencia presente en código
"restaurantes/Sud, o Pássaro Verde/Sud, o Pássaro Verde1.jpg",/gastronomia/sud-passaro-verde,assets/js/bulk-photo-references.js,ruta exacta en inventario y referencia presente en código
restaurantes/feira-de-sao-cristovao.jpg,/gastronomia/feira-sao-cristovao,assets/js/bulk-photo-references.js,ruta exacta en inventario y referencia presente en código
restaurantes/feria de sao cristovao/feira-de-sao-cristovao 45.jpg,/gastronomia/feira-sao-cristovao,assets/js/bulk-photo-references.js; gastronomia/feira-sao-cristovao/index.html,ruta exacta en inventario y referencia presente en código
restaurantes/feria de sao cristovao/Feira-de-Sao-Cristovao-Rio-de-Janeiro-comida-nordestina-2.jpg,/gastronomia/feira-sao-cristovao,assets/js/bulk-photo-references.js; gastronomia/feira-sao-cristovao/index.html,ruta exacta en inventario y referencia presente en código
restaurantes/feria de sao cristovao/feira-de-sao-cristovao 45d.jpg,/gastronomia/feira-sao-cristovao,assets/js/bulk-photo-references.js; gastronomia/feira-sao-cristovao/index.html,ruta exacta en inventario y referencia presente en código
restaurantes/feria de sao cristovao/feira-de-sao-cristovao comida 2.jpg,/gastronomia/feira-sao-cristovao,assets/js/bulk-photo-references.js; gastronomia/feira-sao-cristovao/index.html,ruta exacta en inventario y referencia presente en código
restaurantes/feria de sao cristovao/feira-de-sao-cristovao comida.jpg,/gastronomia/feira-sao-cristovao,assets/js/bulk-photo-references.js; gastronomia/feira-sao-cristovao/index.html,ruta exacta en inventario y referencia presente en código
restaurantes/feria de sao cristovao/feria de sao cristovao sdg.jpg,/gastronomia/feira-sao-cristovao,assets/js/bulk-photo-references.js; gastronomia/feira-sao-cristovao/index.html,ruta exacta en inventario y referencia presente en código
restaurantes/feria de sao cristovao/Barracao-do-Aconchego-Feira-de-Sao-Cristovao-Sao-Cristovao-Rio-de-Janeiro-comida-nordestina-7.jpg,/gastronomia/feira-sao-cristovao,assets/js/bulk-photo-references.js; gastronomia/feira-sao-cristovao/index.html,ruta exacta en inventario y referencia presente en código
restaurantes/feria de sao cristovao/feira-de-sao-cristovao 3.jpg,/gastronomia/feira-sao-cristovao,assets/js/bulk-photo-references.js; gastronomia/feira-sao-cristovao/index.html,ruta exacta en inventario y referencia presente en código
restaurantes/feria de sao cristovao/feira-de-sao-cristovao comida 2sdg.jpg,/gastronomia/feira-sao-cristovao,assets/js/bulk-photo-references.js; gastronomia/feira-sao-cristovao/index.html,ruta exacta en inventario y referencia presente en código
restaurantes/feria de sao cristovao/feira-de-sao-cristovao 2.jpg,/gastronomia/feira-sao-cristovao,assets/js/bulk-photo-references.js; gastronomia/feira-sao-cristovao/index.html,ruta exacta en inventario y referencia presente en código
restaurantes/feria de sao cristovao/feria de sao cristovao3.jpg,/gastronomia/feira-sao-cristovao,assets/js/bulk-photo-references.js; gastronomia/feira-sao-cristovao/index.html,ruta exacta en inventario y referencia presente en código
restaurantes/feria de sao cristovao/feria sao cristovao comida 2.jpeg,/gastronomia/feira-sao-cristovao,assets/js/bulk-photo-references.js; gastronomia/feira-sao-cristovao/index.html,ruta exacta en inventario y referencia presente en código
restaurantes/Cantinho Legal da Tia Penha/Cantinho Legal da Tia Penha6.jpg,/gastronomia/cantinho-legal-tia-penha,assets/js/bulk-photo-references.js,ruta exacta en inventario y referencia presente en código
restaurantes/Cantinho Legal da Tia Penha/polvo-estrelaCantinho Legal da Tia Penha.jpg,/gastronomia/cantinho-legal-tia-penha,assets/js/bulk-photo-references.js,ruta exacta en inventario y referencia presente en código
restaurantes/Cantinho Legal da Tia Penha/Cantinho Legal da Tia Penha4.jpg,/gastronomia/cantinho-legal-tia-penha,assets/js/bulk-photo-references.js,ruta exacta en inventario y referencia presente en código
restaurantes/Cantinho Legal da Tia Penha/feijoada-de-frutos-do Cantinho Legal da Tia Penha.jpg,/gastronomia/cantinho-legal-tia-penha,assets/js/bulk-photo-references.js,ruta exacta en inventario y referencia presente en código
restaurantes/Cantinho Legal da Tia Penha/nossa-famosa-panelinha Cantinho Legal da Tia Penha.jpg,/gastronomia/cantinho-legal-tia-penha,assets/js/bulk-photo-references.js,ruta exacta en inventario y referencia presente en código
restaurantes/Cantinho Legal da Tia Penha/nosso-caranguejo Cantinho Legal da Tia Penha.jpg,/gastronomia/cantinho-legal-tia-penha,assets/js/bulk-photo-references.js,ruta exacta en inventario y referencia presente en código
restaurantes/Carretão Ipanema Classic Grill/Carretão Ipanema Classic Grill7.jpg,/gastronomia/carretao-ipanema,assets/js/bulk-photo-references.js,ruta exacta en inventario y referencia presente en código
restaurantes/Carretão Ipanema Classic Grill/Carretão Ipanema Classic Grill4.jpg,/gastronomia/carretao-ipanema,assets/js/bulk-photo-references.js,ruta exacta en inventario y referencia presente en código
restaurantes/Carretão Ipanema Classic Grill/Carretão Ipanema Classic Grill2.jpg,/gastronomia/carretao-ipanema,assets/js/bulk-photo-references.js,ruta exacta en inventario y referencia presente en código
restaurantes/Carretão Ipanema Classic Grill/salao Carretão Ipanema Classic Grill.jpg,/gastronomia/carretao-ipanema,assets/js/bulk-photo-references.js,ruta exacta en inventario y referencia presente en código
restaurantes/Carretão Ipanema Classic Grill/Carretão Ipanema Classic Grill3.jpg,/gastronomia/carretao-ipanema,assets/js/bulk-photo-references.js,ruta exacta en inventario y referencia presente en código
restaurantes/Carretão Ipanema Classic Grill/carretao-de-ipanema-classic.jpg,/gastronomia/carretao-ipanema,assets/js/bulk-photo-references.js; gastronomia/carretao-ipanema/index.html,ruta exacta en inventario y referencia presente en código
restaurantes/Ristorante Hotel Cipriani/cocktail Ristorante Hotel Cipriani.jpg,/gastronomia/cipriani,assets/js/bulk-photo-references.js,ruta exacta en inventario y referencia presente en código
restaurantes/Ristorante Hotel Cipriani/vista-do-salao-do-cipriani (1).jpg,/gastronomia/cipriani,assets/js/bulk-photo-references.js,ruta exacta en inventario y referencia presente en código
restaurantes/Ristorante Hotel Cipriani/Ristorante Hotel Cipriani 2.jpg,/gastronomia/cipriani,assets/js/bulk-photo-references.js,ruta exacta en inventario y referencia presente en código
restaurantes/Ristorante Hotel Cipriani/opcao-de-prato-principal Ristorante Hotel Cipriani.jpg,/gastronomia/cipriani,assets/js/bulk-photo-references.js,ruta exacta en inventario y referencia presente en código
restaurantes/Ristorante Hotel Cipriani/Ristorante Hotel Cipriani 5.jpg,/gastronomia/cipriani,assets/js/bulk-photo-references.js,ruta exacta en inventario y referencia presente en código
restaurantes/Ristorante Hotel Cipriani/sobremesa Ristorante Hotel Cipriani.jpg,/gastronomia/cipriani,assets/js/bulk-photo-references.js,ruta exacta en inventario y referencia presente en código
restaurantes/Ristorante Hotel Cipriani/hotel-cipriani-restaurant.jpg,/gastronomia/cipriani,assets/js/bulk-photo-references.js; gastronomia/cipriani/index.html,ruta exacta en inventario y referencia presente en código
restaurantes/Ristorante Hotel Cipriani/vista-do-salao-do-cipriani.jpg,/gastronomia/cipriani,assets/js/bulk-photo-references.js; gastronomia/cipriani/index.html,ruta exacta en inventario y referencia presente en código
ARTE Y CULTURA/FORTES/FORTE BARAO DO RIO BRANCO/FORTE RIO BRANCO (5).jpg,/cultura/forte-barao-rio-branco,assets/js/bulk-photo-references.js,ruta exacta en inventario y referencia presente en código
ARTE Y CULTURA/FORTES/FORTE BARAO DO RIO BRANCO/FORTE RIO BRANCO (4).jpg,/cultura/forte-barao-rio-branco,assets/js/bulk-photo-references.js,ruta exacta en inventario y referencia presente en código
ARTE Y CULTURA/FORTES/FORTE BARAO DO RIO BRANCO/FORTE RIO BRANCO (7).jpg,/cultura/forte-barao-rio-branco,assets/js/bulk-photo-references.js,ruta exacta en inventario y referencia presente en código
ARTE Y CULTURA/FORTES/FORTE BARAO DO RIO BRANCO/FORTE RIO BRANCO (6).jpg,/cultura/forte-barao-rio-branco,assets/js/bulk-photo-references.js,ruta exacta en inventario y referencia presente en código
ARTE Y CULTURA/FORTES/FORTE BARAO DO RIO BRANCO/FORTE RIO BRANCO (3).jpg,/cultura/forte-barao-rio-branco,assets/js/bulk-photo-references.js,ruta exacta en inventario y referencia presente en código
ARTE Y CULTURA/FORTES/FORTE BARAO DO RIO BRANCO/FORTE RIO BRANCO (1).jpg,/cultura/forte-barao-rio-branco,assets/js/bulk-photo-references.js; cultura/forte-barao-rio-branco/index.html,ruta exacta en inventario y referencia presente en código
ARTE Y CULTURA/FORTES/FORTE BARAO DO RIO BRANCO/FORTE RIO BRANCO (2).jpg,/cultura/forte-barao-rio-branco,assets/js/bulk-photo-references.js; cultura/forte-barao-rio-branco/index.html,ruta exacta en inventario y referencia presente en código
ARTE Y CULTURA/FORTES/forte copacabana/FORTE COPACABANA (8).jpg,/cultura/forte-copacabana,assets/js/bulk-photo-references.js,ruta exacta en inventario y referencia presente en código
ARTE Y CULTURA/FORTES/forte copacabana/FORTE COPACABANA (10).jpg,/cultura/forte-copacabana,assets/js/bulk-photo-references.js,ruta exacta en inventario y referencia presente en código
ARTE Y CULTURA/FORTES/forte copacabana/FORTE COPACABANA (3).jpg,/cultura/forte-copacabana,assets/js/bulk-photo-references.js,ruta exacta en inventario y referencia presente en código
ARTE Y CULTURA/FORTES/forte copacabana/FORTE COPACABANA (11).jpg,/cultura/forte-copacabana,assets/js/bulk-photo-references.js,ruta exacta en inventario y referencia presente en código
ARTE Y CULTURA/FORTES/forte copacabana/FORTE COPACABANA (7).jpg,/cultura/forte-copacabana,assets/js/bulk-photo-references.js,ruta exacta en inventario y referencia presente en código
ARTE Y CULTURA/FORTES/forte copacabana/FORTE COPACABANA (9).jpg,/cultura/forte-copacabana,assets/js/bulk-photo-references.js,ruta exacta en inventario y referencia presente en código
ARTE Y CULTURA/FORTES/forte copacabana/FORTE COPACABANA (2).jpg,/cultura/forte-copacabana,assets/js/bulk-photo-references.js,ruta exacta en inventario y referencia presente en código
ARTE Y CULTURA/FORTES/forte copacabana/FORTE COPACABANA (5).jpg,/cultura/forte-copacabana,assets/js/bulk-photo-references.js,ruta exacta en inventario y referencia presente en código
ARTE Y CULTURA/FORTES/forte copacabana/FORTE COPACABANA (12).jpg,/cultura/forte-copacabana,assets/js/bulk-photo-references.js,ruta exacta en inventario y referencia presente en código
ARTE Y CULTURA/FORTES/forte copacabana/FORTE COPACABANA (6).jpg,/cultura/forte-copacabana,assets/js/bulk-photo-references.js,ruta exacta en inventario y referencia presente en código
ARTE Y CULTURA/FORTES/forte copacabana/FORTE COPACABANA (4).jpg,/cultura/forte-copacabana,assets/js/bulk-photo-references.js; cultura/forte-copacabana/index.html,ruta exacta en inventario y referencia presente en código
ARTE Y CULTURA/FORTES/forte copacabana/FORTE COPACABANA (1).jpg,/cultura/forte-copacabana,assets/js/bulk-photo-references.js; cultura/forte-copacabana/index.html,ruta exacta en inventario y referencia presente en código
FOTOGRAFIA/FOTOGRAFIA FORTE COPACABANA.jpg,/cultura/forte-copacabana,assets/js/bulk-photo-references.js,ruta exacta en inventario y referencia presente en código
ARTE Y CULTURA/FORTES/Forte do Gragoatá/FORTE DA GRAGOATA (1).jpg,/cultura/forte-gragoata,assets/js/bulk-photo-references.js,ruta exacta en inventario y referencia presente en código
ARTE Y CULTURA/FORTES/Forte do Gragoatá/FORTE DA GRAGOATA (6).jpg,/cultura/forte-gragoata,assets/js/bulk-photo-references.js,ruta exacta en inventario y referencia presente en código
ARTE Y CULTURA/FORTES/Forte do Gragoatá/FORTE DA GRAGOATA (8).jpg,/cultura/forte-gragoata,assets/js/bulk-photo-references.js,ruta exacta en inventario y referencia presente en código
ARTE Y CULTURA/FORTES/Forte do Gragoatá/FORTE DA GRAGOATA (1).jpeg,/cultura/forte-gragoata,assets/js/bulk-photo-references.js,ruta exacta en inventario y referencia presente en código
ARTE Y CULTURA/FORTES/Forte do Gragoatá/FORTE DA GRAGOATA (5).jpg,/cultura/forte-gragoata,assets/js/bulk-photo-references.js,ruta exacta en inventario y referencia presente en código
ARTE Y CULTURA/FORTES/Forte do Gragoatá/FORTE DA GRAGOATA (10).jpg,/cultura/forte-gragoata,assets/js/bulk-photo-references.js,ruta exacta en inventario y referencia presente en código
ARTE Y CULTURA/FORTES/Forte do Gragoatá/FORTE DA GRAGOATA (11).jpg,/cultura/forte-gragoata,assets/js/bulk-photo-references.js,ruta exacta en inventario y referencia presente en código
ARTE Y CULTURA/FORTES/Forte do Gragoatá/FORTE DA GRAGOATA (9).jpg,/cultura/forte-gragoata,assets/js/bulk-photo-references.js,ruta exacta en inventario y referencia presente en código
ARTE Y CULTURA/FORTES/Forte do Gragoatá/FORTE DA GRAGOATA (2).jpg,/cultura/forte-gragoata,assets/js/bulk-photo-references.js,ruta exacta en inventario y referencia presente en código
ARTE Y CULTURA/FORTES/Forte do Gragoatá/FORTE DA GRAGOATA (4).jpg,/cultura/forte-gragoata,assets/js/bulk-photo-references.js,ruta exacta en inventario y referencia presente en código
ARTE Y CULTURA/FORTES/Forte do Gragoatá/FORTE DA GRAGOATA (7).jpg,/cultura/forte-gragoata,assets/js/bulk-photo-references.js,ruta exacta en inventario y referencia presente en código
ARTE Y CULTURA/FORTES/Forte do Gragoatá/FORTE DA GRAGOATA (3).jpg,/cultura/forte-gragoata,assets/js/bulk-photo-references.js,ruta exacta en inventario y referencia presente en código
ARTE Y CULTURA/FORTES/FORTALEZA SANTA CRUZ/FORTALEZA SANTA CRUZ (6).jpg,/cultura/santa-cruz-barra,assets/js/bulk-photo-references.js,ruta exacta en inventario y referencia presente en código
ARTE Y CULTURA/FORTES/FORTALEZA SANTA CRUZ/FORTALEZA SANTA CRUZ (3).jpg,/cultura/santa-cruz-barra,assets/js/bulk-photo-references.js,ruta exacta en inventario y referencia presente en código
ARTE Y CULTURA/FORTES/FORTALEZA SANTA CRUZ/FORTALEZA SANTA CRUZ (5).jpg,/cultura/santa-cruz-barra,assets/js/bulk-photo-references.js,ruta exacta en inventario y referencia presente en código
ARTE Y CULTURA/FORTES/FORTALEZA SANTA CRUZ/FORTALEZA SANTA CRUZ (7).jpg,/cultura/santa-cruz-barra,assets/js/bulk-photo-references.js,ruta exacta en inventario y referencia presente en código
ARTE Y CULTURA/FORTES/FORTALEZA SANTA CRUZ/FORTALEZA SANTA CRUZ (4).jpg,/cultura/santa-cruz-barra,assets/js/bulk-photo-references.js,ruta exacta en inventario y referencia presente en código
ARTE Y CULTURA/FORTES/FORTALEZA SANTA CRUZ/FORTALEZA SANTA CRUZ (1).jpg,/cultura/santa-cruz-barra,assets/js/bulk-photo-references.js; cultura/santa-cruz-barra/index.html,ruta exacta en inventario y referencia presente en código
ARTE Y CULTURA/FORTES/FORTALEZA SANTA CRUZ/FORTALEZA SANTA CRUZ (2).jpg,/cultura/santa-cruz-barra,assets/js/bulk-photo-references.js; cultura/santa-cruz-barra/index.html,ruta exacta en inventario y referencia presente en código
ARTE Y CULTURA/museos/MUSEU HISTORICO DA CIDADE/M HISROTICO CIDADE.png,/cultura/museu-historico-cidade,assets/js/bulk-photo-references.js,ruta exacta en inventario y referencia presente en código
ARTE Y CULTURA/museos/MUSEU HISTORICO DA CIDADE/MHC.jpg,/cultura/museu-historico-cidade,assets/js/bulk-photo-references.js,ruta exacta en inventario y referencia presente en código
ARTE Y CULTURA/museos/MUSEU HISTORICO DA CIDADE/M HISTORICO 2.jpg,/cultura/museu-historico-cidade,assets/js/bulk-photo-references.js,ruta exacta en inventario y referencia presente en código
ARTE Y CULTURA/museos/MUSEU HISTORICO DA CIDADE/800X60012.png,/cultura/museu-historico-cidade,assets/js/bulk-photo-references.js,ruta exacta en inventario y referencia presente en código
ARTE Y CULTURA/museos/MUSEU HISTORICO DA CIDADE/ead21fad-0a4c-472d-9d08-60790d2ddbd2.png,/cultura/museu-historico-cidade,assets/js/bulk-photo-references.js,ruta exacta en inventario y referencia presente en código
ARTE Y CULTURA/espacios culturales/paco-imperial/paco-imperial.jpg.webp,/cultura/paco-imperial,assets/js/bulk-photo-references.js,ruta exacta en inventario y referencia presente en código
ARTE Y CULTURA/espacios culturales/paco-imperial/paco imperial 1.jpg,/cultura/paco-imperial,assets/js/bulk-photo-references.js; cultura/paco-imperial/index.html,ruta exacta en inventario y referencia presente en código
ARTE Y CULTURA/espacios culturales/paco-imperial/paco imperial 2.jpg,/cultura/paco-imperial,assets/js/bulk-photo-references.js; cultura/paco-imperial/index.html,ruta exacta en inventario y referencia presente en código
ARTE Y CULTURA/espacios culturales/paco-imperial/paco imperial 3.jpg,/cultura/paco-imperial,assets/js/bulk-photo-references.js; cultura/paco-imperial/index.html,ruta exacta en inventario y referencia presente en código
ARTE Y CULTURA/espacios culturales/espaco-cultural-bndes/bndes 3.jpg,/cultura/espaco-bndes,assets/js/bulk-photo-references.js,ruta exacta en inventario y referencia presente en código
ARTE Y CULTURA/espacios culturales/espaco-cultural-bndes/bndes 2.jpg,/cultura/espaco-bndes,assets/js/bulk-photo-references.js,ruta exacta en inventario y referencia presente en código
ARTE Y CULTURA/espacios culturales/espaco-cultural-bndes/espaco-cultural-bndes1.jpg,/cultura/espaco-bndes,assets/js/bulk-photo-references.js,ruta exacta en inventario y referencia presente en código
BARRIOS/Cinelândia · Lapa · Santa Teresa/escalier-Selaron-Escadaria-Selaron-de-Rio-de-Janeiro-par-Jorge-Selaron-mosaique-street-art-1-1.jpg,/barrios/santa-lapa,assets/js/bulk-photo-references.js,ruta exacta en inventario y referencia presente en código
BARRIOS/Cinelândia · Lapa · Santa Teresa/iglesia-santa-teresa-rio-de-janeiro.jpg,/barrios/santa-lapa,assets/js/bulk-photo-references.js,ruta exacta en inventario y referencia presente en código
BARRIOS/Cinelândia · Lapa · Santa Teresa/castelo-valentim.jpg,/barrios/santa-lapa,assets/js/bulk-photo-references.js,ruta exacta en inventario y referencia presente en código
BARRIOS/Cinelândia · Lapa · Santa Teresa/bondinho-santa-teresa-1.jpg,/barrios/santa-lapa,assets/js/bulk-photo-references.js,ruta exacta en inventario y referencia presente en código
BARRIOS/Cinelândia · Lapa · Santa Teresa/sirve para cinelandia sin repetir teatro.jpg,/barrios/santa-lapa,assets/js/bulk-photo-references.js,ruta exacta en inventario y referencia presente en código
BARRIOS/Cinelândia · Lapa · Santa Teresa/largo dos guimaraes.jpg,/barrios/santa-lapa,assets/js/bulk-photo-references.js,ruta exacta en inventario y referencia presente en código
BARRIOS/Cinelândia · Lapa · Santa Teresa/casas santa tereza.jpg,/barrios/santa-lapa,assets/js/bulk-photo-references.js,ruta exacta en inventario y referencia presente en código
BARRIOS/Cinelândia · Lapa · Santa Teresa/centro-cultural-laurinda-santos-lobo.jpg,/barrios/santa-lapa,assets/js/bulk-photo-references.js,ruta exacta en inventario y referencia presente en código
BARRIOS/Cinelândia · Lapa · Santa Teresa/mosaico-bondinho-3.jpg,/barrios/santa-lapa,assets/js/bulk-photo-references.js,ruta exacta en inventario y referencia presente en código
BARRIOS/Cinelândia · Lapa · Santa Teresa/casa-colonial-barrio-santa-teresa.jpg,/barrios/santa-lapa,assets/js/bulk-photo-references.js,ruta exacta en inventario y referencia presente en código
BARRIOS/Cinelândia · Lapa · Santa Teresa/arcos de lapa foto linda.jpg,/barrios/santa-lapa,assets/js/bulk-photo-references.js,ruta exacta en inventario y referencia presente en código
BARRIOS/Cinelândia · Lapa · Santa Teresa/chacara-do-viegas.jpg,/barrios/santa-lapa,assets/js/bulk-photo-references.js,ruta exacta en inventario y referencia presente en código
BARRIOS/Cinelândia · Lapa · Santa Teresa/parque-das-ruinas-santa-teresa-rio-de-janeiro-fachada-casarao.jpg,/barrios/santa-lapa,assets/js/bulk-photo-references.js,ruta exacta en inventario y referencia presente en código
BARRIOS/Cinelândia · Lapa · Santa Teresa/teatro foto linda 213rt.jpg,/barrios/santa-lapa,assets/js/bulk-photo-references.js,ruta exacta en inventario y referencia presente en código
BARRIOS/Cinelândia · Lapa · Santa Teresa/lapa nocturna.jpg,/barrios/santa-lapa,assets/js/bulk-photo-references.js,ruta exacta en inventario y referencia presente en código
BARRIOS/Cinelândia · Lapa · Santa Teresa/plaza cinelandia.jpg,/barrios/santa-lapa,assets/js/bulk-photo-references.js,ruta exacta en inventario y referencia presente en código
BARRIOS/ilha gigoia/barco navegando ilha gigoia.jpg,/barrios/ilha-da-gigoia,assets/js/bulk-photo-references.js,ruta exacta en inventario y referencia presente en código
BARRIOS/ilha gigoia/casi pier ilha gigoia.jpg,/barrios/ilha-da-gigoia,assets/js/bulk-photo-references.js,ruta exacta en inventario y referencia presente en código
BARRIOS/ilha gigoia/terminal jardin oceanico.jpg,/barrios/ilha-da-gigoia,assets/js/bulk-photo-references.js,ruta exacta en inventario y referencia presente en código
BARRIOS/ilha gigoia/restaurantes fguaratiba wfesd{.jpg,/barrios/ilha-da-gigoia,assets/js/bulk-photo-references.js,ruta exacta en inventario y referencia presente en código
BARRIOS/ilha gigoia/parque estadual pedra branca.jpg,/barrios/ilha-da-gigoia,assets/js/bulk-photo-references.js,ruta exacta en inventario y referencia presente en código
BARRIOS/ilha gigoia/foto praias da barra barra dos amores.jpg,/barrios/ilha-da-gigoia,assets/js/bulk-photo-references.js,ruta exacta en inventario y referencia presente en código
BARRIOS/ilha gigoia/sepetiba-bonita-so-na.jpg,/barrios/ilha-da-gigoia,assets/js/bulk-photo-references.js,ruta exacta en inventario y referencia presente en código
BARRIOS/ilha gigoia/Prainha-RJ-441-1280x630.jpg,/barrios/ilha-da-gigoia,assets/js/bulk-photo-references.js,ruta exacta en inventario y referencia presente en código
BARRIOS/ilha gigoia/paisagem dentro de vargem.jpg,/barrios/ilha-da-gigoia,assets/js/bulk-photo-references.js,ruta exacta en inventario y referencia presente en código
BARRIOS/ilha gigoia/casas ilha gigoia.jpg,/barrios/ilha-da-gigoia,assets/js/bulk-photo-references.js,ruta exacta en inventario y referencia presente en código
BARRIOS/ilha gigoia/jacare ilha da gigoia 1342.jpg,/barrios/ilha-da-gigoia,assets/js/bulk-photo-references.js,ruta exacta en inventario y referencia presente en código
BARRIOS/ilha gigoia/sitio roberto burle marx.jpg,/barrios/ilha-da-gigoia,assets/js/bulk-photo-references.js,ruta exacta en inventario y referencia presente en código
BARRIOS/ilha gigoia/barco attavesando a ilha.jpg,/barrios/ilha-da-gigoia,assets/js/bulk-photo-references.js,ruta exacta en inventario y referencia presente en código
BARRIOS/ilha gigoia/barra-de-guaratiba.jpg,/barrios/ilha-da-gigoia,assets/js/bulk-photo-references.js,ruta exacta en inventario y referencia presente en código
BARRIOS/ilha gigoia/foto panormica barra da tijuca.jpg,/barrios/ilha-da-gigoia,assets/js/bulk-photo-references.js,ruta exacta en inventario y referencia presente en código
BARRIOS/ilha gigoia/manglar ilha.jpg,/barrios/ilha-da-gigoia,assets/js/bulk-photo-references.js,ruta exacta en inventario y referencia presente en código
BARRIOS/gigoia/ILHA.jpg,/barrios/ilha-da-gigoia,assets/js/bulk-photo-references.js,ruta exacta en inventario y referencia presente en código
BARRIOS/gigoia/gigoia.jpg,/barrios/ilha-da-gigoia,assets/js/bulk-photo-references.js,ruta exacta en inventario y referencia presente en código
FOTOGRAFIA/FOTOGRAFIA ILHA DA GIGOIA.jpeg,/barrios/ilha-da-gigoia,assets/js/bulk-photo-references.js,ruta exacta en inventario y referencia presente en código
FAMILIA/FAMILIA ATERRO DO FLAMENGO FAMILIA/FAMILIA ATERRO FLAMENGO (4).jpg,/familia/aterro-do-flamengo,assets/js/bulk-photo-references.js,ruta exacta en inventario y referencia presente en código
FAMILIA/FAMILIA ATERRO DO FLAMENGO FAMILIA/FAMILIA ATERRO FLAMENGO (1).jpg,/familia/aterro-do-flamengo,assets/js/bulk-photo-references.js; familia/aterro-do-flamengo/index.html,ruta exacta en inventario y referencia presente en código
FAMILIA/FAMILIA ATERRO DO FLAMENGO FAMILIA/FAMILIA ATERRO FLAMENGO (3).jpg,/familia/aterro-do-flamengo,assets/js/bulk-photo-references.js; familia/aterro-do-flamengo/index.html,ruta exacta en inventario y referencia presente en código
FAMILIA/FAMILIA ATERRO DO FLAMENGO FAMILIA/FAMILIA ATERRO FLAMENGO (2).jpg,/familia/aterro-do-flamengo,assets/js/bulk-photo-references.js; familia/aterro-do-flamengo/index.html,ruta exacta en inventario y referencia presente en código
FAMILIA/MINIATURA FAMILIA ernes aterro flamengo.png,/familia/aterro-do-flamengo,assets/js/bulk-photo-references.js,ruta exacta en inventario y referencia presente en código
CONSEJOS/CONSEJOS rio en 1 2 3 4 5 6 o 7 dias.png,/consejos/rio-1-a-7-dias,assets/js/bulk-photo-references.js,ruta exacta en inventario y referencia presente en código
CONSEJOS/CONSEJOS un dia completo cuando llueve.png,/consejos/lluvia,assets/js/bulk-photo-references.js,ruta exacta en inventario y referencia presente en código
CONSEJOS/CONSEJOS trampas y cobros que debes conocer.png,/consejos/trampas-turista,assets/js/bulk-photo-references.js,ruta exacta en inventario y referencia presente en código
CONSEJOS/CONSEJOS por que viajar con seguro.png,/consejos/seguro-viaje,assets/js/bulk-photo-references.js,ruta exacta en inventario y referencia presente en código
CONSEJOS/CONSEJOS como funciona un rodizio brasilero.png,/consejos/rodizio,assets/js/bulk-photo-references.js,ruta exacta en inventario y referencia presente en código
CONSEJOS/CONSEJOS que hacer cada dia.png,/consejos/que-hacer-cada-dia,assets/js/bulk-photo-references.js,ruta exacta en inventario y referencia presente en código
CONSEJOS/CONSEJOS recorrido zona portuaria y centro de rio.png,/consejos/recorrido-zona-portuaria,assets/js/bulk-photo-references.js,ruta exacta en inventario y referencia presente en código
CONSEJOS/CONSEJOS errores de google mas que pueden hacerte perder tiempo.png,/consejos/errores-rio,assets/js/bulk-photo-references.js,ruta exacta en inventario y referencia presente en código
CONSEJOS/CONSEJOS cosas que nadie te explica antes de venir.png,/consejos/nadie-explica,assets/js/bulk-photo-references.js,ruta exacta en inventario y referencia presente en código
CONSEJOS/CONSEJOS que revisar antes de salir del alojamiento.png,/consejos/revisar-alojamiento,assets/js/bulk-photo-references.js,ruta exacta en inventario y referencia presente en código
CONSEJOS/CONSEJOS rio segun tu forma de viajar.png,/consejos/perfiles-viajero,assets/js/bulk-photo-references.js,ruta exacta en inventario y referencia presente en código
CONSEJOS/CONSEJOS souvenir y regalos para llevar.png,/consejos/souvenirs,assets/js/bulk-photo-references.js,ruta exacta en inventario y referencia presente en código
vida nocturna/circo voador vida n/circo voador vida n 5.jpg,/vida-nocturna/circo-voador,assets/js/bulk-photo-references.js,ruta exacta en inventario y referencia presente en código
vida nocturna/circo voador vida n/circo voador vida n 3.jpg,/vida-nocturna/circo-voador,assets/js/bulk-photo-references.js,ruta exacta en inventario y referencia presente en código
vida nocturna/circo voador vida n/circo voador vida n 2.jpg,/vida-nocturna/circo-voador,assets/js/bulk-photo-references.js,ruta exacta en inventario y referencia presente en código
vida nocturna/circo voador vida n/circo voador vida n 1.jpg,/vida-nocturna/circo-voador,assets/js/bulk-photo-references.js,ruta exacta en inventario y referencia presente en código
vida nocturna/circo voador vida n/circo voador vida n 4.jpg,/vida-nocturna/circo-voador,assets/js/bulk-photo-references.js,ruta exacta en inventario y referencia presente en código
vida nocturna/leviano vida nocturna/leviano vida nocturna (6).jpg,/vida-nocturna/leviano-bar,assets/js/bulk-photo-references.js,ruta exacta en inventario y referencia presente en código
vida nocturna/leviano vida nocturna/leviano vida nocturna (4).jpg,/vida-nocturna/leviano-bar,assets/js/bulk-photo-references.js,ruta exacta en inventario y referencia presente en código
vida nocturna/leviano vida nocturna/leviano vida nocturna (2).jpg,/vida-nocturna/leviano-bar,assets/js/bulk-photo-references.js,ruta exacta en inventario y referencia presente en código
vida nocturna/leviano vida nocturna/leviano vida nocturna (5).jpg,/vida-nocturna/leviano-bar,assets/js/bulk-photo-references.js,ruta exacta en inventario y referencia presente en código
vida nocturna/leviano vida nocturna/leviano vida nocturna (3).jpg,/vida-nocturna/leviano-bar,assets/js/bulk-photo-references.js,ruta exacta en inventario y referencia presente en código
vida nocturna/leviano vida nocturna/leviano vida nocturna (1).jpg,/vida-nocturna/leviano-bar,assets/js/bulk-photo-references.js,ruta exacta en inventario y referencia presente en código
vida nocturna/Bar do Zeca Pagodinho VOGUE/bar-do-zeca-pagodinhocvogue (1).jpg,/vida-nocturna/zeca-vogue,assets/js/bulk-photo-references.js,ruta exacta en inventario y referencia presente en código
vida nocturna/Bar do Zeca Pagodinho VOGUE/bar-do-zeca-pagodinhocvogue (4).jpg,/vida-nocturna/zeca-vogue,assets/js/bulk-photo-references.js,ruta exacta en inventario y referencia presente en código
vida nocturna/Bar do Zeca Pagodinho VOGUE/bar-do-zeca-pagodinhocvogue (3).jpg,/vida-nocturna/zeca-vogue,assets/js/bulk-photo-references.js,ruta exacta en inventario y referencia presente en código
vida nocturna/Bar do Zeca Pagodinho VOGUE/bar-do-zeca-pagodinhocvogue (2).jpg,/vida-nocturna/zeca-vogue,assets/js/bulk-photo-references.js,ruta exacta en inventario y referencia presente en código
vida nocturna/Bar do Zeca Pagodinho VOGUE/bar-do-zeca-pagodinhocvogue (6).jpg,/vida-nocturna/zeca-vogue,assets/js/bulk-photo-references.js,ruta exacta en inventario y referencia presente en código
vida nocturna/Bar do Zeca Pagodinho VOGUE/bar-do-zeca-pagodinhocvogue (5).jpg,/vida-nocturna/zeca-vogue,assets/js/bulk-photo-references.js,ruta exacta en inventario y referencia presente en código
vida nocturna/trapiche gamboa vida nocturna/trapiche gamboa vida nocturna  (3).jpg,/vida-nocturna/trapiche-gamboa,assets/js/bulk-photo-references.js,ruta exacta en inventario y referencia presente en código
vida nocturna/trapiche gamboa vida nocturna/trapiche gamboa vida nocturna  (6).jpg,/vida-nocturna/trapiche-gamboa,assets/js/bulk-photo-references.js,ruta exacta en inventario y referencia presente en código
vida nocturna/trapiche gamboa vida nocturna/trapiche gamboa vida nocturna  (1).jpg,/vida-nocturna/trapiche-gamboa,assets/js/bulk-photo-references.js,ruta exacta en inventario y referencia presente en código
vida nocturna/trapiche gamboa vida nocturna/trapiche gamboa vida nocturna  (4).jpg,/vida-nocturna/trapiche-gamboa,assets/js/bulk-photo-references.js,ruta exacta en inventario y referencia presente en código
vida nocturna/trapiche gamboa vida nocturna/trapiche gamboa vida nocturna  (5).jpg,/vida-nocturna/trapiche-gamboa,assets/js/bulk-photo-references.js,ruta exacta en inventario y referencia presente en código
vida nocturna/trapiche gamboa vida nocturna/trapiche gamboa vida nocturna  (2).jpg,/vida-nocturna/trapiche-gamboa,assets/js/bulk-photo-references.js,ruta exacta en inventario y referencia presente en código
EXPERIENCIAS/PEDRA DO TELEGRAFO/EXPERIENCIAS PEDRA DO TELEGRAFO (6).jpg,/experiencias/pedra-telegrafo,assets/js/bulk-photo-references.js,ruta exacta en inventario y referencia presente en código
EXPERIENCIAS/PEDRA DO TELEGRAFO/EXPERIENCIAS PEDRA DO TELEGRAFO (4).jpg,/experiencias/pedra-telegrafo,assets/js/bulk-photo-references.js,ruta exacta en inventario y referencia presente en código
EXPERIENCIAS/PEDRA DO TELEGRAFO/EXPERIENCIAS PEDRA DO TELEGRAFO (5).jpg,/experiencias/pedra-telegrafo,assets/js/bulk-photo-references.js,ruta exacta en inventario y referencia presente en código
EXPERIENCIAS/PEDRA DO TELEGRAFO/EXPERIENCIAS PEDRA DO TELEGRAFO (7).jpg,/experiencias/pedra-telegrafo,assets/js/bulk-photo-references.js,ruta exacta en inventario y referencia presente en código
EXPERIENCIAS/PEDRA DO TELEGRAFO/EXPERIENCIAS PEDRA DO TELEGRAFO (3).jpg,/experiencias/pedra-telegrafo,assets/js/bulk-photo-references.js,ruta exacta en inventario y referencia presente en código
EXPERIENCIAS/PEDRA DO TELEGRAFO/EXPERIENCIAS PEDRA DO TELEGRAFO (1).jpeg,/experiencias/pedra-telegrafo,assets/js/bulk-photo-references.js; experiencias/pedra-telegrafo/index.html,ruta exacta en inventario y referencia presente en código
EXPERIENCIAS/PEDRA DO TELEGRAFO/EXPERIENCIAS PEDRA DO TELEGRAFO (1).jpg,/experiencias/pedra-telegrafo,assets/js/bulk-photo-references.js; experiencias/pedra-telegrafo/index.html,ruta exacta en inventario y referencia presente en código
EXPERIENCIAS/PEDRA DO TELEGRAFO/EXPERIENCIAS PEDRA DO TELEGRAFO (2).jpeg,/experiencias/pedra-telegrafo,assets/js/bulk-photo-references.js; experiencias/pedra-telegrafo/index.html,ruta exacta en inventario y referencia presente en código
EXPERIENCIAS/PEDRA DO TELEGRAFO/EXPERIENCIAS PEDRA DO TELEGRAFO (2).jpg,/experiencias/pedra-telegrafo,assets/js/bulk-photo-references.js; experiencias/pedra-telegrafo/index.html,ruta exacta en inventario y referencia presente en código
ATRACCIONES/telegrafo/NATURALEZA TELEGRAFO (4).jpg,/experiencias/pedra-telegrafo,assets/js/bulk-photo-references.js,ruta exacta en inventario y referencia presente en código
ATRACCIONES/telegrafo/NATURALEZA TELEGRAFO (2).jpg,/experiencias/pedra-telegrafo,assets/js/bulk-photo-references.js,ruta exacta en inventario y referencia presente en código
ATRACCIONES/telegrafo/NATURALEZA TELEGRAFO (2).jpeg,/experiencias/pedra-telegrafo,assets/js/bulk-photo-references.js,ruta exacta en inventario y referencia presente en código
ATRACCIONES/telegrafo/NATURALEZA TELEGRAFO (3).jpg,/experiencias/pedra-telegrafo,assets/js/bulk-photo-references.js,ruta exacta en inventario y referencia presente en código
ATRACCIONES/telegrafo/NATURALEZA TELEGRAFO (1).jpg,/experiencias/pedra-telegrafo,assets/js/bulk-photo-references.js,ruta exacta en inventario y referencia presente en código
ATRACCIONES/telegrafo/NATURALEZA TELEGRAFO (1).jpeg,/experiencias/pedra-telegrafo,assets/js/bulk-photo-references.js,ruta exacta en inventario y referencia presente en código
FOTOGRAFIA/FOTOGRAFIA PERDA DO TELEGRAFO.jpg,/experiencias/pedra-telegrafo,assets/js/bulk-photo-references.js,ruta exacta en inventario y referencia presente en código
BARRIOS/Recreio · Vargens · Guaratiba · Sepetiba/pedra do telegrafo sin nadie.jpg,/experiencias/pedra-telegrafo,assets/js/bulk-photo-references.js,ruta exacta en inventario y referencia presente en código
EXPERIENCIAS/favela santa marta/FAVELA SANTA MARTA (7).jpg,/experiencias/santa-marta,assets/js/bulk-photo-references.js,ruta exacta en inventario y referencia presente en código
EXPERIENCIAS/favela santa marta/FAVELA SANTA MARTA (4).jpg,/experiencias/santa-marta,assets/js/bulk-photo-references.js,ruta exacta en inventario y referencia presente en código
EXPERIENCIAS/favela santa marta/FAVELA SANTA MARTA (9).png,/experiencias/santa-marta,assets/js/bulk-photo-references.js,ruta exacta en inventario y referencia presente en código
EXPERIENCIAS/favela santa marta/FAVELA SANTA MARTA (6).jpg,/experiencias/santa-marta,assets/js/bulk-photo-references.js,ruta exacta en inventario y referencia presente en código
EXPERIENCIAS/favela santa marta/FAVELA SANTA MARTA (5).jpg,/experiencias/santa-marta,assets/js/bulk-photo-references.js,ruta exacta en inventario y referencia presente en código
EXPERIENCIAS/favela santa marta/FAVELA SANTA MARTA (8).jpg,/experiencias/santa-marta,assets/js/bulk-photo-references.js,ruta exacta en inventario y referencia presente en código
EXPERIENCIAS/favela santa marta/FAVELA SANTA MARTA (3).jpg,/experiencias/santa-marta,assets/js/bulk-photo-references.js,ruta exacta en inventario y referencia presente en código
EXPERIENCIAS/favela santa marta/FAVELA SANTA MARTA (2).jpg,/experiencias/santa-marta,assets/js/bulk-photo-references.js,ruta exacta en inventario y referencia presente en código
EXPERIENCIAS/favela santa marta/FAVELA SANTA MARTA (1).jpg,/experiencias/santa-marta,assets/js/bulk-photo-references.js; experiencias/santa-marta/index.html,ruta exacta en inventario y referencia presente en código
restaurantes/confeitaria-colombo copa.jpg,/gastronomia/confeitaria-colombo,assets/js/bulk-photo-references.js,ruta exacta en inventario y referencia presente en código
ATRACCIONES/colombo/colombo as.jpg,/gastronomia/confeitaria-colombo,assets/js/bulk-photo-references.js,ruta exacta en inventario y referencia presente en código
ATRACCIONES/colombo/IMG_20230725_140836601(1).jpg,/gastronomia/confeitaria-colombo,assets/js/bulk-photo-references.js,ruta exacta en inventario y referencia presente en código
ATRACCIONES/colombo/colombo copa.jpg,/gastronomia/confeitaria-colombo,assets/js/bulk-photo-references.js,ruta exacta en inventario y referencia presente en código
restaurantes/colombo centro/colombo centro 4.jpg,/gastronomia/confeitaria-colombo,assets/js/bulk-photo-references.js,ruta exacta en inventario y referencia presente en código
restaurantes/colombo centro/colombo centro3.jpg,/gastronomia/confeitaria-colombo,assets/js/bulk-photo-references.js,ruta exacta en inventario y referencia presente en código
restaurantes/colombo centro/colombo centro2.jpg,/gastronomia/confeitaria-colombo,assets/js/bulk-photo-references.js,ruta exacta en inventario y referencia presente en código
restaurantes/colombo centro/colombo centro portada.jpg,/gastronomia/confeitaria-colombo,assets/js/bulk-photo-references.js,ruta exacta en inventario y referencia presente en código
restaurantes/colombo centro/colombo centro5.jpg,/gastronomia/confeitaria-colombo,assets/js/bulk-photo-references.js,ruta exacta en inventario y referencia presente en código
restaurantes/colombo centro/colombo centro ew.jpg,/gastronomia/confeitaria-colombo,assets/js/bulk-photo-references.js,ruta exacta en inventario y referencia presente en código
FOTOGRAFIA/FOTOGRAFIA COLOMBO.jpg,/gastronomia/confeitaria-colombo,assets/js/bulk-photo-references.js,ruta exacta en inventario y referencia presente en código
restaurantes/colombo centro.jpg,/gastronomia/confeitaria-colombo,assets/js/bulk-photo-references.js,ruta exacta en inventario y referencia presente en código
restaurantes/Explorer Bar/explorer bar4.jpg,/gastronomia/explorer,assets/js/bulk-photo-references.js,ruta exacta en inventario y referencia presente en código
restaurantes/Explorer Bar/explorer bar5.jpg,/gastronomia/explorer,assets/js/bulk-photo-references.js,ruta exacta en inventario y referencia presente en código
restaurantes/Explorer Bar/explorer bar2.jpg,/gastronomia/explorer,assets/js/bulk-photo-references.js,ruta exacta en inventario y referencia presente en código
restaurantes/Explorer Bar/explorer bar6.jpg,/gastronomia/explorer,assets/js/bulk-photo-references.js,ruta exacta en inventario y referencia presente en código
restaurantes/Explorer Bar/explorer bar3.jpg,/gastronomia/explorer,assets/js/bulk-photo-references.js,ruta exacta en inventario y referencia presente en código
restaurantes/Explorer Bar/o-patio-do-explorer-bar.jpg,/gastronomia/explorer,assets/js/bulk-photo-references.js; gastronomia/explorer/index.html,ruta exacta en inventario y referencia presente en código
restaurantes/Galeto Sat’s/Galeto Sat’s 4.jpg,/gastronomia/galeto-sats,assets/js/bulk-photo-references.js,ruta exacta en inventario y referencia presente en código
restaurantes/Galeto Sat’s/vc-tem-que-provar-isso Galeto Sat’s.jpg,/gastronomia/galeto-sats,assets/js/bulk-photo-references.js,ruta exacta en inventario y referencia presente en código
restaurantes/Galeto Sat’s/picanha-suina-maravilha Galeto Sat’s.jpg,/gastronomia/galeto-sats,assets/js/bulk-photo-references.js,ruta exacta en inventario y referencia presente en código
restaurantes/Galeto Sat’s/contra-file Galeto Sat’s.jpg,/gastronomia/galeto-sats,assets/js/bulk-photo-references.js,ruta exacta en inventario y referencia presente en código
restaurantes/Galeto Sat’s/Galeto Sat’s 1.jpg,/gastronomia/galeto-sats,assets/js/bulk-photo-references.js,ruta exacta en inventario y referencia presente en código
restaurantes/Galeto Sat’s/Galeto Sat’s 6.jpg,/gastronomia/galeto-sats,assets/js/bulk-photo-references.js,ruta exacta en inventario y referencia presente en código
restaurantes/Galeto Sat’s/galeto-sat-s grill.jpg,/gastronomia/galeto-sats,assets/js/bulk-photo-references.js,ruta exacta en inventario y referencia presente en código
restaurantes/Jojô Bistrô/Jojô Bistrô5.jpg,/gastronomia/jojo,assets/js/bulk-photo-references.js,ruta exacta en inventario y referencia presente en código
restaurantes/Jojô Bistrô/Jojô Bistrô2.jpg,/gastronomia/jojo,assets/js/bulk-photo-references.js,ruta exacta en inventario y referencia presente en código
restaurantes/Jojô Bistrô/Jojô Bistrô4.jpg,/gastronomia/jojo,assets/js/bulk-photo-references.js,ruta exacta en inventario y referencia presente en código
restaurantes/Jojô Bistrô/Jojô Bistrô1.jpg,/gastronomia/jojo,assets/js/bulk-photo-references.js,ruta exacta en inventario y referencia presente en código
restaurantes/Jojô Bistrô/jojo-cafe-bistro3.jpg,/gastronomia/jojo,assets/js/bulk-photo-references.js; gastronomia/jojo/index.html,ruta exacta en inventario y referencia presente en código
restaurantes/restaurante oro/restaurante orosalon.jpg,/gastronomia/oro,assets/js/bulk-photo-references.js,ruta exacta en inventario y referencia presente en código
restaurantes/restaurante oro/restaurante oro3.jpg,/gastronomia/oro,assets/js/bulk-photo-references.js,ruta exacta en inventario y referencia presente en código
restaurantes/restaurante oro/entrada restaurante oro.jpg,/gastronomia/oro,assets/js/bulk-photo-references.js,ruta exacta en inventario y referencia presente en código
restaurantes/restaurante oro/entrada restaurante oro1.jpg,/gastronomia/oro,assets/js/bulk-photo-references.js,ruta exacta en inventario y referencia presente en código
restaurantes/restaurante oro/restaurante oro 1.jpg,/gastronomia/oro,assets/js/bulk-photo-references.js,ruta exacta en inventario y referencia presente en código
restaurantes/restaurante oro/cavaquinha-lagosta-alho restaurante oro.jpg,/gastronomia/oro,assets/js/bulk-photo-references.js,ruta exacta en inventario y referencia presente en código
restaurantes/restaurante oro/second-floor restaurante oro.jpg,/gastronomia/oro,assets/js/bulk-photo-references.js,ruta exacta en inventario y referencia presente en código
restaurantes/restaurante oro/oro-restaurante.jpg,/gastronomia/oro,assets/js/bulk-photo-references.js; gastronomia/oro/index.html,ruta exacta en inventario y referencia presente en código
restaurantes/Boteco Belmonte Copacabana/Boteco Belmonte Copacabana 3.jpg,/gastronomia/belmonte-copa,assets/js/bulk-photo-references.js,ruta exacta en inventario y referencia presente en código
restaurantes/Boteco Belmonte Copacabana/Boteco Belmonte Copacabana 2.jpg,/gastronomia/belmonte-copa,assets/js/bulk-photo-references.js,ruta exacta en inventario y referencia presente en código
restaurantes/Boteco Belmonte Copacabana/Boteco Belmonte Copacabana 5.jpg,/gastronomia/belmonte-copa,assets/js/bulk-photo-references.js,ruta exacta en inventario y referencia presente en código
restaurantes/Boteco Belmonte Copacabana/boteco-belmonte Boteco Belmonte Copacabana.jpg,/gastronomia/belmonte-copa,assets/js/bulk-photo-references.js,ruta exacta en inventario y referencia presente en código
restaurantes/Boteco Belmonte Copacabana/boteco-belmonte Boteco Belmonte Copacabana 4.jpg,/gastronomia/belmonte-copa,assets/js/bulk-photo-references.js,ruta exacta en inventario y referencia presente en código
restaurantes/Boteco Belmonte Copacabana/Boteco Belmonte Copacabana 7.jpg,/gastronomia/belmonte-copa,assets/js/bulk-photo-references.js,ruta exacta en inventario y referencia presente en código
restaurantes/Boteco Belmonte Copacabana/feijoada-individual-e Boteco Belmonte Copacabana.jpg,/gastronomia/belmonte-copa,assets/js/bulk-photo-references.js,ruta exacta en inventario y referencia presente en código
restaurantes/Ryu Restaurante/Ryu Restaurante5.jpg,/gastronomia/ryu,assets/js/bulk-photo-references.js,ruta exacta en inventario y referencia presente en código
restaurantes/Ryu Restaurante/Ryu Restaurante 1.jpg,/gastronomia/ryu,assets/js/bulk-photo-references.js,ruta exacta en inventario y referencia presente en código
restaurantes/Ryu Restaurante/ao-fundo-bulgogui-carne Ryu Restaurante.jpg,/gastronomia/ryu,assets/js/bulk-photo-references.js,ruta exacta en inventario y referencia presente en código
restaurantes/Ryu Restaurante/capti_r Ryu Restaurante.jpg,/gastronomia/ryu,assets/js/bulk-photo-references.js,ruta exacta en inventario y referencia presente en código
restaurantes/Ryu Restaurante/photo0jpg Ryu Restaurante.jpg,/gastronomia/ryu,assets/js/bulk-photo-references.js,ruta exacta en inventario y referencia presente en código
restaurantes/Boa Praça/boa praca print.jpg,/gastronomia/boa-praca-ipanema,assets/js/bulk-photo-references.js,ruta exacta en inventario y referencia presente en código
restaurantes/Boa Praça/Boa Praça2.jpg,/gastronomia/boa-praca-ipanema,assets/js/bulk-photo-references.js,ruta exacta en inventario y referencia presente en código
restaurantes/Boa Praça/o-melhor-com-a-melhor Boa Praça.jpg,/gastronomia/boa-praca-ipanema,assets/js/bulk-photo-references.js,ruta exacta en inventario y referencia presente en código
restaurantes/Boa Praça/o-melhor-com-a-melhor Boa Praça1.jpg,/gastronomia/boa-praca-ipanema,assets/js/bulk-photo-references.js,ruta exacta en inventario y referencia presente en código
restaurantes/Boa Praça/boteco-boa-praca.jpg,/gastronomia/boa-praca-ipanema,assets/js/bulk-photo-references.js; gastronomia/boa-praca-ipanema/index.html,ruta exacta en inventario y referencia presente en código
restaurantes/Boa Praça/Boteco-Boa-Praca-Ipanema_credito-Fred-Pontes.jpg,/gastronomia/boa-praca-ipanema,assets/js/bulk-photo-references.js; gastronomia/boa-praca-ipanema/index.html,ruta exacta en inventario y referencia presente en código
restaurantes/pavao azul copacabana/pavao azul copa 1.jpg,/gastronomia/pavao-azul,assets/js/bulk-photo-references.js,ruta exacta en inventario y referencia presente en código
restaurantes/pavao azul copacabana/pavao azul copa2.jpg,/gastronomia/pavao-azul,assets/js/bulk-photo-references.js,ruta exacta en inventario y referencia presente en código
restaurantes/pavao azul copacabana/cerveja pavao azul.jpg,/gastronomia/pavao-azul,assets/js/bulk-photo-references.js,ruta exacta en inventario y referencia presente en código
restaurantes/pavao azul copacabana/pavao azul copa 3.jpg,/gastronomia/pavao-azul,assets/js/bulk-photo-references.js,ruta exacta en inventario y referencia presente en código
restaurantes/pavao azul copacabana/pavao azul 4.jpg,/gastronomia/pavao-azul,assets/js/bulk-photo-references.js,ruta exacta en inventario y referencia presente en código
restaurantes/Proa Cozinha Bar/Proa Cozinha Bar4.jpg,/gastronomia/proa,assets/js/bulk-photo-references.js,ruta exacta en inventario y referencia presente en código
restaurantes/Proa Cozinha Bar/Proa Cozinha Bar1.jpg,/gastronomia/proa,assets/js/bulk-photo-references.js,ruta exacta en inventario y referencia presente en código
restaurantes/Proa Cozinha Bar/Proa Cozinha Bar5.jpg,/gastronomia/proa,assets/js/bulk-photo-references.js,ruta exacta en inventario y referencia presente en código
restaurantes/Proa Cozinha Bar/Proa Cozinha Bar2.jpg,/gastronomia/proa,assets/js/bulk-photo-references.js,ruta exacta en inventario y referencia presente en código
restaurantes/Proa Cozinha Bar/Proa Cozinha Bar3.jpg,/gastronomia/proa,assets/js/bulk-photo-references.js,ruta exacta en inventario y referencia presente en código
restaurantes/Proa Cozinha Bar/proa-cozinha-bar.jpg,/gastronomia/proa,assets/js/bulk-photo-references.js; gastronomia/proa/index.html,ruta exacta en inventario y referencia presente en código
restaurantes/Temperarte Posto 6/Temperarte Posto 65.jpg,/gastronomia/temperarte-posto6,assets/js/bulk-photo-references.js,ruta exacta en inventario y referencia presente en código
restaurantes/Temperarte Posto 6/Temperarte Posto 667.jpg,/gastronomia/temperarte-posto6,assets/js/bulk-photo-references.js,ruta exacta en inventario y referencia presente en código
restaurantes/Temperarte Posto 6/restaurante-temperarte Temperarte Posto 6.jpg,/gastronomia/temperarte-posto6,assets/js/bulk-photo-references.js,ruta exacta en inventario y referencia presente en código
restaurantes/Temperarte Posto 6/Temperarte Posto 64.jpg,/gastronomia/temperarte-posto6,assets/js/bulk-photo-references.js,ruta exacta en inventario y referencia presente en código
restaurantes/Temperarte Posto 6/nossa-entrada Temperarte Posto 6.jpg,/gastronomia/temperarte-posto6,assets/js/bulk-photo-references.js,ruta exacta en inventario y referencia presente en código
restaurantes/sabor das aguas resto/sabor das aguas restoq1.jpg,/gastronomia/sabor-das-aguas,assets/js/bulk-photo-references.js,ruta exacta en inventario y referencia presente en código
restaurantes/sabor das aguas resto/sabor das aguas restoq2.jpg,/gastronomia/sabor-das-aguas,assets/js/bulk-photo-references.js,ruta exacta en inventario y referencia presente en código
restaurantes/sabor das aguas resto/sabor das aguas resto 6.jpg,/gastronomia/sabor-das-aguas,assets/js/bulk-photo-references.js,ruta exacta en inventario y referencia presente en código
restaurantes/sabor das aguas resto/sabor das aguas resto5.jpg,/gastronomia/sabor-das-aguas,assets/js/bulk-photo-references.js,ruta exacta en inventario y referencia presente en código
restaurantes/sabor das aguas resto/sabor das aguas resto3.jpg,/gastronomia/sabor-das-aguas,assets/js/bulk-photo-references.js,ruta exacta en inventario y referencia presente en código
restaurantes/sabor das aguas resto/sabor das aguas resto4.jpg,/gastronomia/sabor-das-aguas,assets/js/bulk-photo-references.js,ruta exacta en inventario y referencia presente en código
restaurantes/Quiosque Cabanna/Quiosque Cabanna5.jpg,/gastronomia/cabanna,assets/js/bulk-photo-references.js,ruta exacta en inventario y referencia presente en código
restaurantes/Quiosque Cabanna/Quiosque Cabanna4.jpg,/gastronomia/cabanna,assets/js/bulk-photo-references.js,ruta exacta en inventario y referencia presente en código
restaurantes/Quiosque Cabanna/Quiosque Cabanna2.jpg,/gastronomia/cabanna,assets/js/bulk-photo-references.js,ruta exacta en inventario y referencia presente en código
restaurantes/Quiosque Cabanna/cabanna Quiosque Cabanna.jpg,/gastronomia/cabanna,assets/js/bulk-photo-references.js,ruta exacta en inventario y referencia presente en código
restaurantes/Quiosque Cabanna/Quiosque Cabanna3.jpg,/gastronomia/cabanna,assets/js/bulk-photo-references.js,ruta exacta en inventario y referencia presente en código
restaurantes/Nôa/Nôa ipanema 3.jpg,/gastronomia/noa-ipanema,assets/js/bulk-photo-references.js,ruta exacta en inventario y referencia presente en código
restaurantes/Nôa/Nôa ipanema 1.jpg,/gastronomia/noa-ipanema,assets/js/bulk-photo-references.js,ruta exacta en inventario y referencia presente en código
restaurantes/Nôa/Nôa ipanema7.jpg,/gastronomia/noa-ipanema,assets/js/bulk-photo-references.js,ruta exacta en inventario y referencia presente en código
restaurantes/Nôa/Nôa ipanema4.jpg,/gastronomia/noa-ipanema,assets/js/bulk-photo-references.js,ruta exacta en inventario y referencia presente en código
restaurantes/Nôa/Nôa ipanema2.jpg,/gastronomia/noa-ipanema,assets/js/bulk-photo-references.js,ruta exacta en inventario y referencia presente en código
restaurantes/Nôa/Nôa ipanema6.jpg,/gastronomia/noa-ipanema,assets/js/bulk-photo-references.js,ruta exacta en inventario y referencia presente en código
restaurantes/Nôa/Nôa ipanema68.jpg,/gastronomia/noa-ipanema,assets/js/bulk-photo-references.js,ruta exacta en inventario y referencia presente en código
restaurantes/Nôa/Nôa ipanema5.jpg,/gastronomia/noa-ipanema,assets/js/bulk-photo-references.js,ruta exacta en inventario y referencia presente en código
restaurantes/Leblon  CT Boucherie/prime-rib Leblon  CT Boucherie.jpg,/gastronomia/ct-boucherie,assets/js/bulk-photo-references.js,ruta exacta en inventario y referencia presente en código
restaurantes/Leblon  CT Boucherie/Leblon  CT Boucherie sobremesa panqueques.jpg,/gastronomia/ct-boucherie,assets/js/bulk-photo-references.js,ruta exacta en inventario y referencia presente en código
restaurantes/Leblon  CT Boucherie/ct boucheri exterior.jpg,/gastronomia/ct-boucherie,assets/js/bulk-photo-references.js,ruta exacta en inventario y referencia presente en código
restaurantes/Leblon  CT Boucherie/ct-boucherie brownie.jpg,/gastronomia/ct-boucherie,assets/js/bulk-photo-references.js,ruta exacta en inventario y referencia presente en código
restaurantes/Leblon  CT Boucherie/acho-e-rodizio-de-acompanhamen Leblon  CT Boucherie.jpg,/gastronomia/ct-boucherie,assets/js/bulk-photo-references.js,ruta exacta en inventario y referencia presente en código
restaurantes/Leblon  CT Boucherie/cheesecake Leblon  CT Boucherie.jpg,/gastronomia/ct-boucherie,assets/js/bulk-photo-references.js,ruta exacta en inventario y referencia presente en código
restaurantes/Leblon  CT Boucherie/salao Leblon  CT Boucherie.jpg,/gastronomia/ct-boucherie,assets/js/bulk-photo-references.js,ruta exacta en inventario y referencia presente en código
restaurantes/ct boucherie.jpg,/gastronomia/ct-boucherie,assets/js/bulk-photo-references.js,ruta exacta en inventario y referencia presente en código
restaurantes/CASA MOHAMED BOTAFOGO/CASA MOHAMED BOTAFOGO3.jpg,/gastronomia/casa-mohamed,assets/js/bulk-photo-references.js,ruta exacta en inventario y referencia presente en código
restaurantes/CASA MOHAMED BOTAFOGO/CASA MOHAMED BOTAFOGO2.jpg,/gastronomia/casa-mohamed,assets/js/bulk-photo-references.js,ruta exacta en inventario y referencia presente en código
restaurantes/CASA MOHAMED BOTAFOGO/CASA MOHAMED BOTAFOGO5.jpg,/gastronomia/casa-mohamed,assets/js/bulk-photo-references.js,ruta exacta en inventario y referencia presente en código
restaurantes/CASA MOHAMED BOTAFOGO/CASA MOHAMED BOTAFOGO1.jpg,/gastronomia/casa-mohamed,assets/js/bulk-photo-references.js,ruta exacta en inventario y referencia presente en código
restaurantes/CASA MOHAMED BOTAFOGO/CASA MOHAMED BOTAFOGO4.jpg,/gastronomia/casa-mohamed,assets/js/bulk-photo-references.js,ruta exacta en inventario y referencia presente en código
restaurantes/CASA MOHAMED BOTAFOGO/CASA MOHAMED BOTAFOGO6.jpg,/gastronomia/casa-mohamed,assets/js/bulk-photo-references.js,ruta exacta en inventario y referencia presente en código
restaurantes/Nova Capela Restaurante/Nova Capela Restaurante6.jpg,/gastronomia/nova-capela,assets/js/bulk-photo-references.js,ruta exacta en inventario y referencia presente en código
restaurantes/Nova Capela Restaurante/Nova Capela Restaurante2.jpg,/gastronomia/nova-capela,assets/js/bulk-photo-references.js,ruta exacta en inventario y referencia presente en código
restaurantes/Nova Capela Restaurante/Nova Capela Restaurante4.jpg,/gastronomia/nova-capela,assets/js/bulk-photo-references.js,ruta exacta en inventario y referencia presente en código
restaurantes/Nova Capela Restaurante/Nova Capela Restaurante5.jpg,/gastronomia/nova-capela,assets/js/bulk-photo-references.js,ruta exacta en inventario y referencia presente en código
restaurantes/Nova Capela Restaurante/Nova Capela Restaurante1.jpg,/gastronomia/nova-capela,assets/js/bulk-photo-references.js,ruta exacta en inventario y referencia presente en código
restaurantes/Nova Capela Restaurante/Nova Capela Restaurante3.jpg,/gastronomia/nova-capela,assets/js/bulk-photo-references.js,ruta exacta en inventario y referencia presente en código
restaurantes/Nova Capela Restaurante/4.jpg,/gastronomia/nova-capela,assets/js/bulk-photo-references.js; gastronomia/nova-capela/index.html,ruta exacta en inventario y referencia presente en código
restaurantes/Prana Vegetariano/PRANA VEGETARIANO (5).jpg,/gastronomia/prana,assets/js/bulk-photo-references.js,ruta exacta en inventario y referencia presente en código
restaurantes/Prana Vegetariano/PRANA VEGETARIANO (1).jpg,/gastronomia/prana,assets/js/bulk-photo-references.js,ruta exacta en inventario y referencia presente en código
restaurantes/Prana Vegetariano/PRANA VEGETARIANO (4).jpg,/gastronomia/prana,assets/js/bulk-photo-references.js,ruta exacta en inventario y referencia presente en código
restaurantes/Prana Vegetariano/PRANA VEGETARIANO (2).jpg,/gastronomia/prana,assets/js/bulk-photo-references.js,ruta exacta en inventario y referencia presente en código
restaurantes/Prana Vegetariano/PRANA VEGETARIANO (3).jpg,/gastronomia/prana,assets/js/bulk-photo-references.js,ruta exacta en inventario y referencia presente en código
restaurantes/Prana Vegetariano/PRANA VEGETARIANO (6).jpg,/gastronomia/prana,assets/js/bulk-photo-references.js,ruta exacta en inventario y referencia presente en código
restaurantes/casa da feijoada ipanema/casa da feijoada ipanema 2.jpg,/gastronomia/casa-feijoada,assets/js/bulk-photo-references.js,ruta exacta en inventario y referencia presente en código
restaurantes/casa da feijoada ipanema/nossa-feijoada-tradicional casa da feijoada ipanema.jpg,/gastronomia/casa-feijoada,assets/js/bulk-photo-references.js,ruta exacta en inventario y referencia presente en código
restaurantes/casa da feijoada ipanema/casa da feijoada ipanema 3.jpg,/gastronomia/casa-feijoada,assets/js/bulk-photo-references.js,ruta exacta en inventario y referencia presente en código
restaurantes/casa da feijoada ipanema/casa da feijoada ipanema 4.jpg,/gastronomia/casa-feijoada,assets/js/bulk-photo-references.js,ruta exacta en inventario y referencia presente en código
restaurantes/casa da feijoada ipanema/casa da feijoada ipanema 5.jpg,/gastronomia/casa-feijoada,assets/js/bulk-photo-references.js,ruta exacta en inventario y referencia presente en código
restaurantes/Otto Restaurante/espaguete Otto Restaurante.jpg,/gastronomia/otto,assets/js/bulk-photo-references.js,ruta exacta en inventario y referencia presente en código
restaurantes/Otto Restaurante/castelinhas Otto Restaurante1.jpg,/gastronomia/otto,assets/js/bulk-photo-references.js,ruta exacta en inventario y referencia presente en código
restaurantes/Otto Restaurante/palmito Otto Restaurantea.jpg,/gastronomia/otto,assets/js/bulk-photo-references.js,ruta exacta en inventario y referencia presente en código
restaurantes/Otto Restaurante/restaurante Otto Restaurante.jpg,/gastronomia/otto,assets/js/bulk-photo-references.js,ruta exacta en inventario y referencia presente en código
restaurantes/Otto Restaurante/costelinhas Otto Restaurante.jpg,/gastronomia/otto,assets/js/bulk-photo-references.js,ruta exacta en inventario y referencia presente en código
restaurantes/Otto Restaurante/palmito Otto Restaurante.jpg,/gastronomia/otto,assets/js/bulk-photo-references.js,ruta exacta en inventario y referencia presente en código
restaurantes/Ocyá Ilha Primeira/Ocyá Ilha Primeira5.jpg,/gastronomia/ocya-ilha,assets/js/bulk-photo-references.js,ruta exacta en inventario y referencia presente en código
restaurantes/Ocyá Ilha Primeira/Ocyá Ilha Primeira3.jpg,/gastronomia/ocya-ilha,assets/js/bulk-photo-references.js,ruta exacta en inventario y referencia presente en código
restaurantes/Ocyá Ilha Primeira/Ocyá Ilha Primeira.jpg,/gastronomia/ocya-ilha,assets/js/bulk-photo-references.js,ruta exacta en inventario y referencia presente en código
restaurantes/Ocyá Ilha Primeira/Ocyá Ilha Primeira2.jpg,/gastronomia/ocya-ilha,assets/js/bulk-photo-references.js,ruta exacta en inventario y referencia presente en código
restaurantes/Ocyá Ilha Primeira/Ocyá Ilha Primeira7.jpg,/gastronomia/ocya-ilha,assets/js/bulk-photo-references.js,ruta exacta en inventario y referencia presente en código
restaurantes/Ocyá Ilha Primeira/ocya-ilha-primeira-rio.jpg,/gastronomia/ocya-ilha,assets/js/bulk-photo-references.js; gastronomia/ocya-ilha/index.html,ruta exacta en inventario y referencia presente en código
restaurantes/Quiosque Dumare/Quiosque Dumare3.jpg,/gastronomia/dumare,assets/js/bulk-photo-references.js,ruta exacta en inventario y referencia presente en código
restaurantes/Quiosque Dumare/Quiosque Dumare6.jpg,/gastronomia/dumare,assets/js/bulk-photo-references.js,ruta exacta en inventario y referencia presente en código
restaurantes/Quiosque Dumare/Quiosque Dumare4.jpg,/gastronomia/dumare,assets/js/bulk-photo-references.js,ruta exacta en inventario y referencia presente en código
restaurantes/Quiosque Dumare/Quiosque Dumare5.jpg,/gastronomia/dumare,assets/js/bulk-photo-references.js,ruta exacta en inventario y referencia presente en código
restaurantes/Quiosque Dumare/Quiosque Dumare2.jpg,/gastronomia/dumare,assets/js/bulk-photo-references.js,ruta exacta en inventario y referencia presente en código
restaurantes/Quiosque Dumare/quiosque-dumare1.jpg,/gastronomia/dumare,assets/js/bulk-photo-references.js; gastronomia/dumare/index.html,ruta exacta en inventario y referencia presente en código
restaurantes/Haru Sushi Bar/Haru Sushi Bar sushi man.jpg,/gastronomia/haru,assets/js/bulk-photo-references.js,ruta exacta en inventario y referencia presente en código
restaurantes/Haru Sushi Bar/Haru Sushi Bar loza.jpg,/gastronomia/haru,assets/js/bulk-photo-references.js,ruta exacta en inventario y referencia presente en código
restaurantes/Haru Sushi Bar/Haru Sushi Bar sushis.jpg,/gastronomia/haru,assets/js/bulk-photo-references.js,ruta exacta en inventario y referencia presente en código
restaurantes/Haru Sushi Bar/combinado-do-chef Haru Sushi Bar.jpg,/gastronomia/haru,assets/js/bulk-photo-references.js,ruta exacta en inventario y referencia presente en código
restaurantes/Haru Sushi Bar/Haru Sushi Bar sushi.jpg,/gastronomia/haru,assets/js/bulk-photo-references.js,ruta exacta en inventario y referencia presente en código
restaurantes/Haru Sushi Bar/Haru Sushi Bar 1.jpg,/gastronomia/haru,assets/js/bulk-photo-references.js,ruta exacta en inventario y referencia presente en código
restaurantes/Haru Sushi Bar/haru-sushi-bar w.jpg,/gastronomia/haru,assets/js/bulk-photo-references.js,ruta exacta en inventario y referencia presente en código
restaurantes/Haru Sushi Bar/Haru Sushi Bar sakes.jpg,/gastronomia/haru,assets/js/bulk-photo-references.js,ruta exacta en inventario y referencia presente en código
restaurantes/bar bracarense/bar bracarense 7.jpg,/gastronomia/bracarense,assets/js/bulk-photo-references.js,ruta exacta en inventario y referencia presente en código
restaurantes/bar bracarense/bar bracarense 6.jpg,/gastronomia/bracarense,assets/js/bulk-photo-references.js,ruta exacta en inventario y referencia presente en código
restaurantes/bar bracarense/bar bracarense 4.jpg,/gastronomia/bracarense,assets/js/bulk-photo-references.js,ruta exacta en inventario y referencia presente en código
restaurantes/bar bracarense/bar bracarense 2.jpg,/gastronomia/bracarense,assets/js/bulk-photo-references.js,ruta exacta en inventario y referencia presente en código
restaurantes/bar bracarense/bar bracarense frontis.jpg,/gastronomia/bracarense,assets/js/bulk-photo-references.js,ruta exacta en inventario y referencia presente en código
restaurantes/bar bracarense/bar bracarense 5.jpg,/gastronomia/bracarense,assets/js/bulk-photo-references.js,ruta exacta en inventario y referencia presente en código
restaurantes/bar bracarense/bracarense.jpg,/gastronomia/bracarense,assets/js/bulk-photo-references.js,ruta exacta en inventario y referencia presente en código
restaurantes/bar bracarense/bar bracarense 3.jpg,/gastronomia/bracarense,assets/js/bulk-photo-references.js,ruta exacta en inventario y referencia presente en código
restaurantes/Carretão Siqueira Campos/Carretão Siqueira Campos3.jpg,/gastronomia/carretao-siqueira,assets/js/bulk-photo-references.js,ruta exacta en inventario y referencia presente en código
restaurantes/Carretão Siqueira Campos/Carretão Siqueira Campos5.jpg,/gastronomia/carretao-siqueira,assets/js/bulk-photo-references.js,ruta exacta en inventario y referencia presente en código
restaurantes/Carretão Siqueira Campos/Carretão Siqueira Campos6.jpg,/gastronomia/carretao-siqueira,assets/js/bulk-photo-references.js,ruta exacta en inventario y referencia presente en código
restaurantes/Carretão Siqueira Campos/Carretão Siqueira Campos.jpg,/gastronomia/carretao-siqueira,assets/js/bulk-photo-references.js,ruta exacta en inventario y referencia presente en código
restaurantes/Carretão Siqueira Campos/Carretão Siqueira Campos4.jpg,/gastronomia/carretao-siqueira,assets/js/bulk-photo-references.js,ruta exacta en inventario y referencia presente en código
restaurantes/Carretão Siqueira Campos/Carretão Siqueira Campos2.jpg,/gastronomia/carretao-siqueira,assets/js/bulk-photo-references.js,ruta exacta en inventario y referencia presente en código
restaurantes/Carretão Siqueira Campos/carretao-siqueira-campos1.jpg,/gastronomia/carretao-siqueira,assets/js/bulk-photo-references.js; gastronomia/carretao-siqueira/index.html,ruta exacta en inventario y referencia presente en código
restaurantes/Sel d’Ipanema/Sel d’Ipanema5.jpg,/gastronomia/sel-ipanema,assets/js/bulk-photo-references.js,ruta exacta en inventario y referencia presente en código
restaurantes/Sel d’Ipanema/Sel d’Ipanema4.jpg,/gastronomia/sel-ipanema,assets/js/bulk-photo-references.js,ruta exacta en inventario y referencia presente en código
restaurantes/Sel d’Ipanema/Sel d’Ipanema2.jpg,/gastronomia/sel-ipanema,assets/js/bulk-photo-references.js,ruta exacta en inventario y referencia presente en código
restaurantes/Sel d’Ipanema/SSel d’IpanemaS.jpg,/gastronomia/sel-ipanema,assets/js/bulk-photo-references.js,ruta exacta en inventario y referencia presente en código
restaurantes/Sel d’Ipanema/Sel d’Ipanema3.jpg,/gastronomia/sel-ipanema,assets/js/bulk-photo-references.js,ruta exacta en inventario y referencia presente en código
restaurantes/Sel d’Ipanema/Sel d’Ipanema6.jpg,/gastronomia/sel-ipanema,assets/js/bulk-photo-references.js,ruta exacta en inventario y referencia presente en código
restaurantes/Sel d’Ipanema/vista-aerea-sel-d-ipanema1.jpg,/gastronomia/sel-ipanema,assets/js/bulk-photo-references.js; gastronomia/sel-ipanema/index.html,ruta exacta en inventario y referencia presente en código
restaurantes/Polis Sucos ipanema/Polis Sucos ipanema 3.jpg,/gastronomia/polis-sucos,assets/js/bulk-photo-references.js,ruta exacta en inventario y referencia presente en código
restaurantes/Polis Sucos ipanema/acai-com-granola Polis Sucos ipanema.jpg,/gastronomia/polis-sucos,assets/js/bulk-photo-references.js,ruta exacta en inventario y referencia presente en código
restaurantes/Polis Sucos ipanema/Polis Sucos ipanema 5.jpg,/gastronomia/polis-sucos,assets/js/bulk-photo-references.js,ruta exacta en inventario y referencia presente en código
restaurantes/Polis Sucos ipanema/Polis Sucos ipanema 6.jpg,/gastronomia/polis-sucos,assets/js/bulk-photo-references.js,ruta exacta en inventario y referencia presente en código
restaurantes/Polis Sucos ipanema/file-mignon-com-palmira Polis Sucos ipanema.jpg,/gastronomia/polis-sucos,assets/js/bulk-photo-references.js,ruta exacta en inventario y referencia presente en código
restaurantes/Polis Sucos ipanema/Polis Sucos ipanema1.jpg,/gastronomia/polis-sucos,assets/js/bulk-photo-references.js,ruta exacta en inventario y referencia presente en código
restaurantes/Praia Skol/PRAIA S (3).jpg,/gastronomia/praia-skol-copa,assets/js/bulk-photo-references.js,ruta exacta en inventario y referencia presente en código
restaurantes/Praia Skol/PRAIA S (1).jpg,/gastronomia/praia-skol-copa,assets/js/bulk-photo-references.js,ruta exacta en inventario y referencia presente en código
restaurantes/Praia Skol/PRAIA S (2).jpg,/gastronomia/praia-skol-copa,assets/js/bulk-photo-references.js,ruta exacta en inventario y referencia presente en código
restaurantes/Praia Skol/PRAIA S (5).jpg,/gastronomia/praia-skol-copa,assets/js/bulk-photo-references.js,ruta exacta en inventario y referencia presente en código
restaurantes/Praia Skol/PRAIA S (4).jpg,/gastronomia/praia-skol-copa,assets/js/bulk-photo-references.js,ruta exacta en inventario y referencia presente en código
ARTE Y CULTURA/FORTES/FORTE DA LAJE/FORTE DA LAJE (5).jpg,/cultura/forte-laje,assets/js/bulk-photo-references.js,ruta exacta en inventario y referencia presente en código
ARTE Y CULTURA/FORTES/FORTE DA LAJE/FORTE DA LAJE (6).jpg,/cultura/forte-laje,assets/js/bulk-photo-references.js,ruta exacta en inventario y referencia presente en código
ARTE Y CULTURA/FORTES/FORTE DA LAJE/FORTE DA LAJE (3).jpg,/cultura/forte-laje,assets/js/bulk-photo-references.js,ruta exacta en inventario y referencia presente en código
ARTE Y CULTURA/FORTES/FORTE DA LAJE/FORTE DA LAJE (4).jpg,/cultura/forte-laje,assets/js/bulk-photo-references.js,ruta exacta en inventario y referencia presente en código
ARTE Y CULTURA/FORTES/FORTE DA LAJE/FORTE DA LAJE (7).jpg,/cultura/forte-laje,assets/js/bulk-photo-references.js,ruta exacta en inventario y referencia presente en código
ARTE Y CULTURA/FORTES/FORTE DA LAJE/FORTE DA LAJE (1).jpg,/cultura/forte-laje,assets/js/bulk-photo-references.js,ruta exacta en inventario y referencia presente en código
ARTE Y CULTURA/FORTES/FORTE DA LAJE/FORTE DA LAJE (2).jpg,/cultura/forte-laje,assets/js/bulk-photo-references.js,ruta exacta en inventario y referencia presente en código
ARTE Y CULTURA/museos/PONTAL/PONTAL3.jpg,/cultura/museu-pontal,assets/js/bulk-photo-references.js,ruta exacta en inventario y referencia presente en código
ARTE Y CULTURA/museos/PONTAL/PONTAL1.jpg,/cultura/museu-pontal,assets/js/bulk-photo-references.js,ruta exacta en inventario y referencia presente en código
ARTE Y CULTURA/museos/PONTAL/PONTAL2.jpg,/cultura/museu-pontal,assets/js/bulk-photo-references.js,ruta exacta en inventario y referencia presente en código
ARTE Y CULTURA/museos/PONTAL/af835944-1a9b-4eaf-b2c3-ae01ddbd787c.png,/cultura/museu-pontal,assets/js/bulk-photo-references.js,ruta exacta en inventario y referencia presente en código
ARTE Y CULTURA/museos/PONTAL/1b5610ce-a089-4c24-9e91-c8b77155887b.png,/cultura/museu-pontal,assets/js/bulk-photo-references.js,ruta exacta en inventario y referencia presente en código
ARTE Y CULTURA/museos/MUSEU NACIONAL/NACIAL RJ.jpg,/cultura/museu-nacional-ufrj,assets/js/bulk-photo-references.js,ruta exacta en inventario y referencia presente en código
ARTE Y CULTURA/museos/MUSEU NACIONAL/NACIAL RJ2.jpg,/cultura/museu-nacional-ufrj,assets/js/bulk-photo-references.js,ruta exacta en inventario y referencia presente en código
ARTE Y CULTURA/museos/MUSEU NACIONAL/NACIAL RJ23.jpg,/cultura/museu-nacional-ufrj,assets/js/bulk-photo-references.js,ruta exacta en inventario y referencia presente en código
ARTE Y CULTURA/museos/MUSEU NACIONAL/Conchas-corais-borboletas.jpg,/cultura/museu-nacional-ufrj,assets/js/bulk-photo-references.js,ruta exacta en inventario y referencia presente en código
ARTE Y CULTURA/museos/MUSEU NACIONAL/800x6001.png,/cultura/museu-nacional-ufrj,assets/js/bulk-photo-references.js,ruta exacta en inventario y referencia presente en código
ARTE Y CULTURA/museos/MUSEU NACIONAL/465dd298-8f59-4d44-82dd-f6197776690c.png,/cultura/museu-nacional-ufrj,assets/js/bulk-photo-references.js,ruta exacta en inventario y referencia presente en código
ARTE Y CULTURA/museos/M DA SAMBA/museu samba1.jpg,/cultura/museu-samba,assets/js/bulk-photo-references.js,ruta exacta en inventario y referencia presente en código
ARTE Y CULTURA/museos/M DA SAMBA/museu samba1234.jpg,/cultura/museu-samba,assets/js/bulk-photo-references.js,ruta exacta en inventario y referencia presente en código
ARTE Y CULTURA/museos/M DA SAMBA/museu samba12.jpg,/cultura/museu-samba,assets/js/bulk-photo-references.js,ruta exacta en inventario y referencia presente en código
ARTE Y CULTURA/museos/M DA SAMBA/museu samba123.jpg,/cultura/museu-samba,assets/js/bulk-photo-references.js,ruta exacta en inventario y referencia presente en código
ARTE Y CULTURA/museos/M DA SAMBA/5305bff7-204a-4a5b-bc72-2abe10724b21.png,/cultura/museu-samba,assets/js/bulk-photo-references.js,ruta exacta en inventario y referencia presente en código
ARTE Y CULTURA/museos/M DA SAMBA/800X600d.png,/cultura/museu-samba,assets/js/bulk-photo-references.js,ruta exacta en inventario y referencia presente en código
ARTE Y CULTURA/museos/FIOCRUZ/Prédios_da_Fundação_Oswaldo_Cruz_-_Rio_de_Janeiro_-_20230713125621.jpg,/cultura/museu-vida-fiocruz,assets/js/bulk-photo-references.js,ruta exacta en inventario y referencia presente en código
ARTE Y CULTURA/museos/FIOCRUZ/FIOCRUZ2.jpg,/cultura/museu-vida-fiocruz,assets/js/bulk-photo-references.js,ruta exacta en inventario y referencia presente en código
ARTE Y CULTURA/museos/FIOCRUZ/FIOCRUZ23.jpg,/cultura/museu-vida-fiocruz,assets/js/bulk-photo-references.js,ruta exacta en inventario y referencia presente en código
ARTE Y CULTURA/museos/FIOCRUZ/800X600f.png,/cultura/museu-vida-fiocruz,assets/js/bulk-photo-references.js,ruta exacta en inventario y referencia presente en código
ARTE Y CULTURA/museos/FIOCRUZ/FIOCRUZ.jpg,/cultura/museu-vida-fiocruz,assets/js/bulk-photo-references.js,ruta exacta en inventario y referencia presente en código
ARTE Y CULTURA/museos/FIOCRUZ/639d8e98-9652-4df0-b89b-e4c050a9377d.png,/cultura/museu-vida-fiocruz,assets/js/bulk-photo-references.js,ruta exacta en inventario y referencia presente en código
FAMILIA/FAMILIA meta kart/metakart4.jpg,/familia/meta-kart-indoor,assets/js/bulk-photo-references.js,ruta exacta en inventario y referencia presente en código
FAMILIA/FAMILIA meta kart/metakart1.jpg,/familia/meta-kart-indoor,assets/js/bulk-photo-references.js; familia/meta-kart-indoor/index.html,ruta exacta en inventario y referencia presente en código
FAMILIA/FAMILIA meta kart/metakart3.jpg,/familia/meta-kart-indoor,assets/js/bulk-photo-references.js; familia/meta-kart-indoor/index.html,ruta exacta en inventario y referencia presente en código
FAMILIA/FAMILIA meta kart/meta kart2.jpg,/familia/meta-kart-indoor,assets/js/bulk-photo-references.js; familia/meta-kart-indoor/index.html,ruta exacta en inventario y referencia presente en código
FAMILIA/MINIATURA FAMILIA ernes meta kart.png,/familia/meta-kart-indoor,assets/js/bulk-photo-references.js,ruta exacta en inventario y referencia presente en código
FAMILIA/FAMILIA palacio catete/FAMILIA PALACIO CATETE (4).jpg,/familia/jardines-palacio-do-catete,assets/js/bulk-photo-references.js,ruta exacta en inventario y referencia presente en código
FAMILIA/FAMILIA palacio catete/FAMILIA PALACIO CATETE (5).jpg,/familia/jardines-palacio-do-catete,assets/js/bulk-photo-references.js,ruta exacta en inventario y referencia presente en código
FAMILIA/FAMILIA palacio catete/FAMILIA PALACIO CATETE (2).jpg,/familia/jardines-palacio-do-catete,assets/js/bulk-photo-references.js,ruta exacta en inventario y referencia presente en código
FAMILIA/FAMILIA palacio catete/FAMILIA PALACIO CATETE (1).jpg,/familia/jardines-palacio-do-catete,assets/js/bulk-photo-references.js,ruta exacta en inventario y referencia presente en código
FAMILIA/FAMILIA palacio catete/FAMILIA PALACIO CATETE (3).jpg,/familia/jardines-palacio-do-catete,assets/js/bulk-photo-references.js,ruta exacta en inventario y referencia presente en código
FAMILIA/MINIATURA FAMILIA ernes jardin palacio catete.png,/familia/jardines-palacio-do-catete,assets/js/bulk-photo-references.js,ruta exacta en inventario y referencia presente en código
FAMILIA/FAMILIA CATACUMBA/CATACUMBAS (3).jpg,/familia/parque-da-catacumba,assets/js/bulk-photo-references.js,ruta exacta en inventario y referencia presente en código
FAMILIA/FAMILIA CATACUMBA/YO CATACUMBAS (2).jpg,/familia/parque-da-catacumba,assets/js/bulk-photo-references.js,ruta exacta en inventario y referencia presente en código
FAMILIA/FAMILIA CATACUMBA/CATACUMBAS (4).jpg,/familia/parque-da-catacumba,assets/js/bulk-photo-references.js,ruta exacta en inventario y referencia presente en código
FAMILIA/FAMILIA CATACUMBA/YO CATACUMBAS (1).jpg,/familia/parque-da-catacumba,assets/js/bulk-photo-references.js,ruta exacta en inventario y referencia presente en código
FAMILIA/FAMILIA CATACUMBA/CATACUMBAS (1).jpg,/familia/parque-da-catacumba,assets/js/bulk-photo-references.js; familia/parque-da-catacumba/index.html,ruta exacta en inventario y referencia presente en código
FAMILIA/FAMILIA CATACUMBA/CATACUMBAS (2).jpg,/familia/parque-da-catacumba,assets/js/bulk-photo-references.js; familia/parque-da-catacumba/index.html,ruta exacta en inventario y referencia presente en código
FAMILIA/FAMILIA CATACUMBA/CATAC1.jpg,/familia/parque-da-catacumba,assets/js/bulk-photo-references.js; familia/parque-da-catacumba/index.html,ruta exacta en inventario y referencia presente en código
FAMILIA/MINIATURA FAMILIA ernes catacumba.png,/familia/parque-da-catacumba,assets/js/bulk-photo-references.js,ruta exacta en inventario y referencia presente en código
FAMILIA/FAMILIA MARACANA/FAMILIA MARACANA (1).avif,/familia/maracana-tour,assets/js/bulk-photo-references.js,ruta exacta en inventario y referencia presente en código
FAMILIA/FAMILIA MARACANA/FAMILIA MARACANA (2).avif,/familia/maracana-tour,assets/js/bulk-photo-references.js,ruta exacta en inventario y referencia presente en código
FAMILIA/FAMILIA MARACANA/FAMILIA MARACANA (2).jpg,/familia/maracana-tour,assets/js/bulk-photo-references.js; familia/maracana-tour/index.html,ruta exacta en inventario y referencia presente en código
FAMILIA/FAMILIA MARACANA/FAMILIA MARACANA (3).jpg,/familia/maracana-tour,assets/js/bulk-photo-references.js; familia/maracana-tour/index.html,ruta exacta en inventario y referencia presente en código
FAMILIA/FAMILIA MARACANA/FAMILIA MARACANA (1).jpg,/familia/maracana-tour,assets/js/bulk-photo-references.js; familia/maracana-tour/index.html,ruta exacta en inventario y referencia presente en código
FAMILIA/MINIATURA FAMILIA ernes maracana.png,/familia/maracana-tour,assets/js/bulk-photo-references.js,ruta exacta en inventario y referencia presente en código
vida nocturna/Bar de Fogo de Chão/Bar de Fogo de Chão bota (3).jpg,/vida-nocturna/fogo-de-chao-botafogo,assets/js/bulk-photo-references.js,ruta exacta en inventario y referencia presente en código
vida nocturna/Bar de Fogo de Chão/Bar de Fogo de Chão bota (4).jpg,/vida-nocturna/fogo-de-chao-botafogo,assets/js/bulk-photo-references.js,ruta exacta en inventario y referencia presente en código
vida nocturna/Bar de Fogo de Chão/Bar de Fogo de Chão bota (1).jpg,/vida-nocturna/fogo-de-chao-botafogo,assets/js/bulk-photo-references.js,ruta exacta en inventario y referencia presente en código
vida nocturna/Bar de Fogo de Chão/Bar de Fogo de Chão bota (2).jpg,/vida-nocturna/fogo-de-chao-botafogo,assets/js/bulk-photo-references.js,ruta exacta en inventario y referencia presente en código
vida nocturna/Bar de Fogo de Chão/Bar de Fogo de Chão bota (5).jpg,/vida-nocturna/fogo-de-chao-botafogo,assets/js/bulk-photo-references.js,ruta exacta en inventario y referencia presente en código
vida nocturna/Quadra do Salgueiro/salgueiro (5).jpg,/vida-nocturna/quadra-salgueiro,assets/js/bulk-photo-references.js,ruta exacta en inventario y referencia presente en código
vida nocturna/Quadra do Salgueiro/salgueiro (6).jpg,/vida-nocturna/quadra-salgueiro,assets/js/bulk-photo-references.js,ruta exacta en inventario y referencia presente en código
vida nocturna/Quadra do Salgueiro/salgueiro (4).jpg,/vida-nocturna/quadra-salgueiro,assets/js/bulk-photo-references.js,ruta exacta en inventario y referencia presente en código
vida nocturna/Quadra do Salgueiro/salgueiro (3).jpg,/vida-nocturna/quadra-salgueiro,assets/js/bulk-photo-references.js,ruta exacta en inventario y referencia presente en código
vida nocturna/Quadra do Salgueiro/salgueiro (1).jpg,/vida-nocturna/quadra-salgueiro,assets/js/bulk-photo-references.js,ruta exacta en inventario y referencia presente en código
vida nocturna/Quadra do Salgueiro/salgueiro (2).jpg,/vida-nocturna/quadra-salgueiro,assets/js/bulk-photo-references.js,ruta exacta en inventario y referencia presente en código
vida nocturna/coisas de bamba vn/coisas de bamba vn (2).jpg,/vida-nocturna/coisas-de-bamba,assets/js/bulk-photo-references.js,ruta exacta en inventario y referencia presente en código
vida nocturna/coisas de bamba vn/coisas de bamba vn (3).jpg,/vida-nocturna/coisas-de-bamba,assets/js/bulk-photo-references.js,ruta exacta en inventario y referencia presente en código
vida nocturna/coisas de bamba vn/coisas de bamba vn (1).jpg,/vida-nocturna/coisas-de-bamba,assets/js/bulk-photo-references.js,ruta exacta en inventario y referencia presente en código
vida nocturna/coisas de bamba vn/coisas de bamba vn (5).jpg,/vida-nocturna/coisas-de-bamba,assets/js/bulk-photo-references.js,ruta exacta en inventario y referencia presente en código
vida nocturna/coisas de bamba vn/coisas de bamba vn (4).jpg,/vida-nocturna/coisas-de-bamba,assets/js/bulk-photo-references.js,ruta exacta en inventario y referencia presente en código
vida nocturna/VITRINNI LOUNGE/vitrinni longue vn (2).jpg,/vida-nocturna/vitrinni,assets/js/bulk-photo-references.js,ruta exacta en inventario y referencia presente en código
vida nocturna/VITRINNI LOUNGE/vitrinni longue vn (5).jpg,/vida-nocturna/vitrinni,assets/js/bulk-photo-references.js,ruta exacta en inventario y referencia presente en código
vida nocturna/VITRINNI LOUNGE/vitrinni longue vn (3).jpg,/vida-nocturna/vitrinni,assets/js/bulk-photo-references.js,ruta exacta en inventario y referencia presente en código
vida nocturna/VITRINNI LOUNGE/vitrinni longue vn (6).jpg,/vida-nocturna/vitrinni,assets/js/bulk-photo-references.js,ruta exacta en inventario y referencia presente en código
vida nocturna/VITRINNI LOUNGE/vitrinni longue vn (4).jpg,/vida-nocturna/vitrinni,assets/js/bulk-photo-references.js,ruta exacta en inventario y referencia presente en código
vida nocturna/VITRINNI LOUNGE/vitrinni longue vn (7).jpg,/vida-nocturna/vitrinni,assets/js/bulk-photo-references.js,ruta exacta en inventario y referencia presente en código
vida nocturna/VITRINNI LOUNGE/vitrinni longue vn (1).jpg,/vida-nocturna/vitrinni,assets/js/bulk-photo-references.js,ruta exacta en inventario y referencia presente en código
vida nocturna/Yoo2 Rooftop/yoo2 vn (3).jpg,/vida-nocturna/yoo2,assets/js/bulk-photo-references.js,ruta exacta en inventario y referencia presente en código
vida nocturna/Yoo2 Rooftop/yoo2 vn (2).jpg,/vida-nocturna/yoo2,assets/js/bulk-photo-references.js,ruta exacta en inventario y referencia presente en código
vida nocturna/Yoo2 Rooftop/yoo2 vn (4).jpg,/vida-nocturna/yoo2,assets/js/bulk-photo-references.js,ruta exacta en inventario y referencia presente en código
vida nocturna/Yoo2 Rooftop/yoo2 vn (1).jpg,/vida-nocturna/yoo2,assets/js/bulk-photo-references.js,ruta exacta en inventario y referencia presente en código
vida nocturna/Yoo2 Rooftop/yoo2 vn (5).jpg,/vida-nocturna/yoo2,assets/js/bulk-photo-references.js,ruta exacta en inventario y referencia presente en código
vida nocturna/Moonlounge Rooftop/moonlounge marriot (2).webp,/vida-nocturna/moonlounge,assets/js/bulk-photo-references.js,ruta exacta en inventario y referencia presente en código
vida nocturna/Moonlounge Rooftop/moonlounge marriot (2).jpg,/vida-nocturna/moonlounge,assets/js/bulk-photo-references.js,ruta exacta en inventario y referencia presente en código
vida nocturna/Moonlounge Rooftop/moonlounge marriot (1).jpg,/vida-nocturna/moonlounge,assets/js/bulk-photo-references.js,ruta exacta en inventario y referencia presente en código
vida nocturna/Moonlounge Rooftop/moonlounge marriot (1).webp,/vida-nocturna/moonlounge,assets/js/bulk-photo-references.js,ruta exacta en inventario y referencia presente en código
vida nocturna/Moonlounge Rooftop/moonlounge marriot (3).webp,/vida-nocturna/moonlounge,assets/js/bulk-photo-references.js,ruta exacta en inventario y referencia presente en código
vida nocturna/Armazém Senado/armazen do senado vn (5).jpg,/vida-nocturna/armazem-do-senado,assets/js/bulk-photo-references.js,ruta exacta en inventario y referencia presente en código
vida nocturna/Armazém Senado/armazen do senado vn (1).jpg,/vida-nocturna/armazem-do-senado,assets/js/bulk-photo-references.js,ruta exacta en inventario y referencia presente en código
vida nocturna/Armazém Senado/armazen do senado vn (4).jpg,/vida-nocturna/armazem-do-senado,assets/js/bulk-photo-references.js,ruta exacta en inventario y referencia presente en código
vida nocturna/Armazém Senado/armazen do senado vn (7).jpg,/vida-nocturna/armazem-do-senado,assets/js/bulk-photo-references.js,ruta exacta en inventario y referencia presente en código
vida nocturna/Armazém Senado/armazen do senado vn (3).jpg,/vida-nocturna/armazem-do-senado,assets/js/bulk-photo-references.js,ruta exacta en inventario y referencia presente en código
vida nocturna/Armazém Senado/armazen do senado vn (6).jpg,/vida-nocturna/armazem-do-senado,assets/js/bulk-photo-references.js,ruta exacta en inventario y referencia presente en código
vida nocturna/Armazém Senado/armazen do senado vn (2).jpg,/vida-nocturna/armazem-do-senado,assets/js/bulk-photo-references.js,ruta exacta en inventario y referencia presente en código
vida nocturna/cacique ramos/cacique ramos vn (5).jpg,/vida-nocturna/cacique-de-ramos,assets/js/bulk-photo-references.js,ruta exacta en inventario y referencia presente en código
vida nocturna/cacique ramos/cacique ramos vn (3).jpg,/vida-nocturna/cacique-de-ramos,assets/js/bulk-photo-references.js,ruta exacta en inventario y referencia presente en código
vida nocturna/cacique ramos/cacique ramos vn (1).jpg,/vida-nocturna/cacique-de-ramos,assets/js/bulk-photo-references.js,ruta exacta en inventario y referencia presente en código
vida nocturna/cacique ramos/cacique ramos vn (2).jpg,/vida-nocturna/cacique-de-ramos,assets/js/bulk-photo-references.js,ruta exacta en inventario y referencia presente en código
vida nocturna/cacique ramos/cacique ramos vn (7).jpg,/vida-nocturna/cacique-de-ramos,assets/js/bulk-photo-references.js,ruta exacta en inventario y referencia presente en código
vida nocturna/cacique ramos/cacique ramos vn (8).jpg,/vida-nocturna/cacique-de-ramos,assets/js/bulk-photo-references.js,ruta exacta en inventario y referencia presente en código
vida nocturna/cacique ramos/cacique ramos vn (4).jpg,/vida-nocturna/cacique-de-ramos,assets/js/bulk-photo-references.js,ruta exacta en inventario y referencia presente en código
vida nocturna/cacique ramos/cacique ramos vn (6).jpg,/vida-nocturna/cacique-de-ramos,assets/js/bulk-photo-references.js,ruta exacta en inventario y referencia presente en código
vida nocturna/feira-de-sao-cristovao/feria sao cristovao vn (5).jpg,/vida-nocturna/feira-sao-cristovao-noite,assets/js/bulk-photo-references.js,ruta exacta en inventario y referencia presente en código
vida nocturna/feira-de-sao-cristovao/feria sao cristovao vn (2).jpg,/vida-nocturna/feira-sao-cristovao-noite,assets/js/bulk-photo-references.js,ruta exacta en inventario y referencia presente en código
vida nocturna/feira-de-sao-cristovao/feria sao cristovao vn (7).jpg,/vida-nocturna/feira-sao-cristovao-noite,assets/js/bulk-photo-references.js,ruta exacta en inventario y referencia presente en código
vida nocturna/feira-de-sao-cristovao/feria sao cristovao vn (4).jpg,/vida-nocturna/feira-sao-cristovao-noite,assets/js/bulk-photo-references.js,ruta exacta en inventario y referencia presente en código
vida nocturna/feira-de-sao-cristovao/feria sao cristovao vn (6).jpg,/vida-nocturna/feira-sao-cristovao-noite,assets/js/bulk-photo-references.js,ruta exacta en inventario y referencia presente en código
vida nocturna/feira-de-sao-cristovao/feria sao cristovao vn (1).png,/vida-nocturna/feira-sao-cristovao-noite,assets/js/bulk-photo-references.js,ruta exacta en inventario y referencia presente en código
vida nocturna/feira-de-sao-cristovao/feria sao cristovao vn (1).jpg,/vida-nocturna/feira-sao-cristovao-noite,assets/js/bulk-photo-references.js,ruta exacta en inventario y referencia presente en código
vida nocturna/feira-de-sao-cristovao/feria sao cristovao vn (3).jpg,/vida-nocturna/feira-sao-cristovao-noite,assets/js/bulk-photo-references.js,ruta exacta en inventario y referencia presente en código
vida nocturna/Quadra da Mangueira/mangueria vn (1).jpg,/vida-nocturna/quadra-mangueira,assets/js/bulk-photo-references.js,ruta exacta en inventario y referencia presente en código
vida nocturna/Quadra da Mangueira/mangueria vn (3).jpg,/vida-nocturna/quadra-mangueira,assets/js/bulk-photo-references.js,ruta exacta en inventario y referencia presente en código
vida nocturna/Quadra da Mangueira/mangueria vn (5).jpg,/vida-nocturna/quadra-mangueira,assets/js/bulk-photo-references.js,ruta exacta en inventario y referencia presente en código
vida nocturna/Quadra da Mangueira/mangueria vn (6).jpg,/vida-nocturna/quadra-mangueira,assets/js/bulk-photo-references.js,ruta exacta en inventario y referencia presente en código
vida nocturna/Quadra da Mangueira/mangueria vn (2).jpg,/vida-nocturna/quadra-mangueira,assets/js/bulk-photo-references.js,ruta exacta en inventario y referencia presente en código
vida nocturna/Quadra da Mangueira/mangueria vn (4).jpg,/vida-nocturna/quadra-mangueira,assets/js/bulk-photo-references.js,ruta exacta en inventario y referencia presente en código
vida nocturna/ocya ilha primeira vn/ocya ilha primeira vn (5).jpg,/vida-nocturna/ocya-ilha-primeira,assets/js/bulk-photo-references.js,ruta exacta en inventario y referencia presente en código
vida nocturna/ocya ilha primeira vn/ocya ilha primeira vn (2).jpg,/vida-nocturna/ocya-ilha-primeira,assets/js/bulk-photo-references.js,ruta exacta en inventario y referencia presente en código
vida nocturna/ocya ilha primeira vn/ocya ilha primeira vn (3).jpg,/vida-nocturna/ocya-ilha-primeira,assets/js/bulk-photo-references.js,ruta exacta en inventario y referencia presente en código
vida nocturna/ocya ilha primeira vn/ocya ilha primeira vn (4).jpg,/vida-nocturna/ocya-ilha-primeira,assets/js/bulk-photo-references.js,ruta exacta en inventario y referencia presente en código
vida nocturna/ocya ilha primeira vn/ocya ilha primeira vn (1).jpg,/vida-nocturna/ocya-ilha-primeira,assets/js/bulk-photo-references.js,ruta exacta en inventario y referencia presente en código
EXPERIENCIAS/MARACANA TOUR/MARACANA TOUR (4).jpg,/experiencias/maracana-experience,assets/js/bulk-photo-references.js,ruta exacta en inventario y referencia presente en código
EXPERIENCIAS/MARACANA TOUR/como-e-o-tour-pelo-maracana-todos-os-caminhos-2-scaled.jpg,/experiencias/maracana-experience,assets/js/bulk-photo-references.js,ruta exacta en inventario y referencia presente en código
EXPERIENCIAS/MARACANA TOUR/MARACANA TOUR (1).avif,/experiencias/maracana-experience,assets/js/bulk-photo-references.js,ruta exacta en inventario y referencia presente en código
EXPERIENCIAS/MARACANA TOUR/como-e-o-tour-pelo-maracana-todos-os-caminhos-5-scaled.jpg,/experiencias/maracana-experience,assets/js/bulk-photo-references.js,ruta exacta en inventario y referencia presente en código
EXPERIENCIAS/MARACANA TOUR/MARACANA TOUR (2).jpg,/experiencias/maracana-experience,assets/js/bulk-photo-references.js; experiencias/maracana-experience/index.html,ruta exacta en inventario y referencia presente en código
EXPERIENCIAS/MARACANA TOUR/MARACANA TOUR (1).jpg,/experiencias/maracana-experience,assets/js/bulk-photo-references.js; experiencias/maracana-experience/index.html,ruta exacta en inventario y referencia presente en código
EXPERIENCIAS/MARACANA TOUR/MARACANA TOUR (3).jpg,/experiencias/maracana-experience,assets/js/bulk-photo-references.js; experiencias/maracana-experience/index.html,ruta exacta en inventario y referencia presente en código
EXPERIENCIAS/MARACANA TOUR/MAR.jpg,/experiencias/maracana-experience,assets/js/bulk-photo-references.js; experiencias/maracana-experience/index.html,ruta exacta en inventario y referencia presente en código
EXPERIENCIAS/MARACANA TOUR/MARACANA TOUR (1).jpeg,/experiencias/maracana-experience,assets/js/bulk-photo-references.js; experiencias/maracana-experience/index.html,ruta exacta en inventario y referencia presente en código
EXPERIENCIAS/MARACANA TOUR/PORTADA MARACANA TOUR.jpg,/experiencias/maracana-experience,assets/js/bulk-photo-references.js; experiencias/maracana-experience/index.html,ruta exacta en inventario y referencia presente en código
EXPERIENCIAS/lancha/EXPERIENCIA LANCHAS (8).jpg,/experiencias/lancha-privada,assets/js/bulk-photo-references.js,ruta exacta en inventario y referencia presente en código
EXPERIENCIAS/lancha/EXPERIENCIA LANCHAS (6).jpg,/experiencias/lancha-privada,assets/js/bulk-photo-references.js,ruta exacta en inventario y referencia presente en código
EXPERIENCIAS/lancha/EXPERIENCIA LANCHAS (7).jpg,/experiencias/lancha-privada,assets/js/bulk-photo-references.js,ruta exacta en inventario y referencia presente en código
EXPERIENCIAS/lancha/PORTADA ABAJO TITULO.jpg,/experiencias/lancha-privada,assets/js/bulk-photo-references.js; experiencias/lancha-privada/index.html,ruta exacta en inventario y referencia presente en código
EXPERIENCIAS/lancha/EXPERIENCIA LANCHAS (3).jpg,/experiencias/lancha-privada,assets/js/bulk-photo-references.js; experiencias/lancha-privada/index.html,ruta exacta en inventario y referencia presente en código
EXPERIENCIAS/lancha/EXPERIENCIA LANCHAS (1).png,/experiencias/lancha-privada,assets/js/bulk-photo-references.js; experiencias/lancha-privada/index.html,ruta exacta en inventario y referencia presente en código
EXPERIENCIAS/PORTADA EXPERIENCIA LANCHAS.jpg,/experiencias/lancha-privada,assets/js/bulk-photo-references.js,ruta exacta en inventario y referencia presente en código
ARTE Y CULTURA/iglesias/Basílica Santuário de Nossa Senhora da Penha.jpg,/cultura/iglesias,assets/js/bulk-photo-references.js,ruta exacta en inventario y referencia presente en código
ARTE Y CULTURA/museos/acude/acude 2.jpg,/cultura/acude,assets/js/bulk-photo-references.js,ruta exacta en inventario y referencia presente en código
ARTE Y CULTURA/museos/acude/MUSEU ACUDE800x600.png,/cultura/acude,assets/js/bulk-photo-references.js,ruta exacta en inventario y referencia presente en código
ARTE Y CULTURA/museos/acude/acude 1.jpg,/cultura/acude,assets/js/bulk-photo-references.js,ruta exacta en inventario y referencia presente en código
ARTE Y CULTURA/museos/acude/acude 3.jpg,/cultura/acude,assets/js/bulk-photo-references.js,ruta exacta en inventario y referencia presente en código
ARTE Y CULTURA/museos/acude/MUSEU ACUDE 1672X941.png,/cultura/acude,assets/js/bulk-photo-references.js,ruta exacta en inventario y referencia presente en código
ARTE Y CULTURA/museos/mar/920a834e-310c-4a97-b353-08728621a346.png,/cultura/mar,assets/js/bulk-photo-references.js,ruta exacta en inventario y referencia presente en código
ARTE Y CULTURA/museos/mar/mar1.jpg,/cultura/mar,assets/js/bulk-photo-references.js,ruta exacta en inventario y referencia presente en código
ARTE Y CULTURA/museos/mar/mar3.jpg,/cultura/mar,assets/js/bulk-photo-references.js; cultura/mar/index.html,ruta exacta en inventario y referencia presente en código
ARTE Y CULTURA/museos/mar/mar2.jpg,/cultura/mar,assets/js/bulk-photo-references.js; cultura/mar/index.html,ruta exacta en inventario y referencia presente en código
ARTE Y CULTURA/museos/mar/800X600mar.png,/cultura/mar,assets/js/bulk-photo-references.js; cultura/mar/index.html,ruta exacta en inventario y referencia presente en código
ARTE Y CULTURA/museos/musal/musal 4.jpg,/cultura/musal,assets/js/bulk-photo-references.js,ruta exacta en inventario y referencia presente en código
ARTE Y CULTURA/museos/musal/musal 2.jpg,/cultura/musal,assets/js/bulk-photo-references.js,ruta exacta en inventario y referencia presente en código
ARTE Y CULTURA/museos/musal/musal 3.jpg,/cultura/musal,assets/js/bulk-photo-references.js,ruta exacta en inventario y referencia presente en código
ARTE Y CULTURA/museos/musal/MUSAL-Museu-Aeroespacial-22052101-1024x696.jpg,/cultura/musal,assets/js/bulk-photo-references.js,ruta exacta en inventario y referencia presente en código
ARTE Y CULTURA/museos/musal/800x60015.png,/cultura/musal,assets/js/bulk-photo-references.js; cultura/musal/index.html,ruta exacta en inventario y referencia presente en código
ARTE Y CULTURA/museos/musal/5d9a6e80-0b57-4a3a-93cc-36d089fac84b.png,/cultura/musal,assets/js/bulk-photo-references.js; cultura/musal/index.html,ruta exacta en inventario y referencia presente en código
ARTE Y CULTURA/museos/naval/naval1.jpg,/cultura/naval,assets/js/bulk-photo-references.js,ruta exacta en inventario y referencia presente en código
ARTE Y CULTURA/museos/naval/800x600na.png,/cultura/naval,assets/js/bulk-photo-references.js; cultura/naval/index.html,ruta exacta en inventario y referencia presente en código
ARTE Y CULTURA/museos/naval/naval12.jpg,/cultura/naval,assets/js/bulk-photo-references.js; cultura/naval/index.html,ruta exacta en inventario y referencia presente en código
ARTE Y CULTURA/museos/naval/naval123.jpg,/cultura/naval,assets/js/bulk-photo-references.js; cultura/naval/index.html,ruta exacta en inventario y referencia presente en código
ARTE Y CULTURA/museos/naval/7da1a0f0-4f73-4672-a6c4-b731ade7c66f.png,/cultura/naval,assets/js/bulk-photo-references.js; cultura/naval/index.html,ruta exacta en inventario y referencia presente en código
ARTE Y CULTURA/museos/amanha/YO MUSEO DE AMAÑANA.jpg,/cultura/amanha,assets/js/bulk-photo-references.js,ruta exacta en inventario y referencia presente en código
ARTE Y CULTURA/museos/amanha/MINIATURA MUSEU AMANHA 800x600a.png,/cultura/amanha,assets/js/bulk-photo-references.js,ruta exacta en inventario y referencia presente en código
ARTE Y CULTURA/museos/amanha/MUSEO AMANHA DEBAJO DE TITULO.jpg,/cultura/amanha,assets/js/bulk-photo-references.js,ruta exacta en inventario y referencia presente en código
ARTE Y CULTURA/museos/amanha/MINIATURA MUSEU DO AMANHA MINATURA 1672X941.png,/cultura/amanha,assets/js/bulk-photo-references.js,ruta exacta en inventario y referencia presente en código
ARTE Y CULTURA/museos/amanha/amanha2.jpg,/cultura/amanha,assets/js/bulk-photo-references.js; cultura/amanha/index.html,ruta exacta en inventario y referencia presente en código
ARTE Y CULTURA/museos/amanha/amanha3.jpg,/cultura/amanha,assets/js/bulk-photo-references.js; cultura/amanha/index.html,ruta exacta en inventario y referencia presente en código
ARTE Y CULTURA/museos/VILLA LOBOS/ae147d5e-c789-4bf0-94da-b7ce31f9f485.png,/cultura/villa-lobos,assets/js/bulk-photo-references.js,ruta exacta en inventario y referencia presente en código
ARTE Y CULTURA/museos/VILLA LOBOS/villal1.jpg,/cultura/villa-lobos,assets/js/bulk-photo-references.js,ruta exacta en inventario y referencia presente en código
ARTE Y CULTURA/museos/VILLA LOBOS/9bb104fc-03dd-438f-b9bb-da3f839543a0.png,/cultura/villa-lobos,assets/js/bulk-photo-references.js; cultura/villa-lobos/index.html,ruta exacta en inventario y referencia presente en código
ARTE Y CULTURA/museos/VILLA LOBOS/villal123.jpg,/cultura/villa-lobos,assets/js/bulk-photo-references.js; cultura/villa-lobos/index.html,ruta exacta en inventario y referencia presente en código
ARTE Y CULTURA/museos/VILLA LOBOS/villal12.jpg,/cultura/villa-lobos,assets/js/bulk-photo-references.js; cultura/villa-lobos/index.html,ruta exacta en inventario y referencia presente en código
ARTE Y CULTURA/museos/mhn/mhn1.jpg,/cultura/mhn,assets/js/bulk-photo-references.js,ruta exacta en inventario y referencia presente en código
ARTE Y CULTURA/museos/mhn/mhn min.png,/cultura/mhn,assets/js/bulk-photo-references.js,ruta exacta en inventario y referencia presente en código
"ARTE Y CULTURA/museos/mhn/ChatGPT Image Sep 1, 2026, 05_40_01 PM.png",/cultura/mhn,assets/js/bulk-photo-references.js,ruta exacta en inventario y referencia presente en código
ARTE Y CULTURA/museos/mhn/mhn3.jpg,/cultura/mhn,assets/js/bulk-photo-references.js,ruta exacta en inventario y referencia presente en código
ARTE Y CULTURA/museos/mhn/1wds.jpg,/cultura/mhn,assets/js/bulk-photo-references.js,ruta exacta en inventario y referencia presente en código
ARTE Y CULTURA/museos/mhn/mhn4.jpg,/cultura/mhn,assets/js/bulk-photo-references.js,ruta exacta en inventario y referencia presente en código
ARTE Y CULTURA/museos/mhn/mhn2.jpg,/cultura/mhn,assets/js/bulk-photo-references.js; cultura/mhn/index.html,ruta exacta en inventario y referencia presente en código
ARTE Y CULTURA/espacios culturales/pretos novos/pretos novos 3.webp,/cultura/pretos-novos,assets/js/bulk-photo-references.js,ruta exacta en inventario y referencia presente en código
ARTE Y CULTURA/espacios culturales/pretos novos/pretos novos po.webp,/cultura/pretos-novos,assets/js/bulk-photo-references.js,ruta exacta en inventario y referencia presente en código
ARTE Y CULTURA/espacios culturales/pretos novos/pretos novos 1.webp,/cultura/pretos-novos,assets/js/bulk-photo-references.js,ruta exacta en inventario y referencia presente en código
ARTE Y CULTURA/espacios culturales/pretos novos/pretos novos 2.jpg,/cultura/pretos-novos,assets/js/bulk-photo-references.js; cultura/pretos-novos/index.html,ruta exacta en inventario y referencia presente en código
ARTE Y CULTURA/espacios culturales/pretos novos/pretos novos 3.jpg,/cultura/pretos-novos,assets/js/bulk-photo-references.js; cultura/pretos-novos/index.html,ruta exacta en inventario y referencia presente en código
ARTE Y CULTURA/espacios culturales/pretos novos/pretos novos 1.jpg,/cultura/pretos-novos,assets/js/bulk-photo-references.js; cultura/pretos-novos/index.html,ruta exacta en inventario y referencia presente en código
GUIA DE RIO/MINIATURA VIAJANDO SOLO.png,/guia/viajar-solo,assets/js/bulk-photo-references.js,ruta exacta en inventario y referencia presente en código
GUIA DE RIO/VIAJAR SOLO O SOLA/sola en mirador.jpg,/guia/viajar-solo,assets/js/bulk-photo-references.js; guia/viajar-solo/index.html,ruta exacta en inventario y referencia presente en código
GUIA DE RIO/VIAJAR SOLO O SOLA/sola en la playa.jpg,/guia/viajar-solo,assets/js/bulk-photo-references.js; guia/viajar-solo/index.html,ruta exacta en inventario y referencia presente en código
GUIA DE RIO/MINIATURA GUIA RIO  CONSULADOS.png,/guia/consulados,assets/js/bulk-photo-references.js,ruta exacta en inventario y referencia presente en código
GUIA DE RIO/CONSULADOS/CENTORD.jpg,/guia/consulados,assets/js/bulk-photo-references.js; guia/consulados/index.html,ruta exacta en inventario y referencia presente en código
GUIA DE RIO/CONSULADOS/consulados del mundo.jpg,/guia/consulados,assets/js/bulk-photo-references.js; guia/consulados/index.html,ruta exacta en inventario y referencia presente en código
GUIA DE RIO/MINIATURA CONSULADOS.png,/guia/consulados,assets/js/bulk-photo-references.js,ruta exacta en inventario y referencia presente en código
GUIA DE RIO/GUARDA EQUIPAJE/bounce 03.jpg,/guia/guarda-equipaje,assets/js/bulk-photo-references.js,ruta exacta en inventario y referencia presente en código
GUIA DE RIO/GUARDA EQUIPAJE/bounce 02.jpg,/guia/guarda-equipaje,assets/js/bulk-photo-references.js,ruta exacta en inventario y referencia presente en código
GUIA DE RIO/GUARDA EQUIPAJE/bounce 1.png,/guia/guarda-equipaje,assets/js/bulk-photo-references.js,ruta exacta en inventario y referencia presente en código
GUIA DE RIO/GUARDA EQUIPAJE/GUARDA EQUIPAJE ESPAÑOL (1).png,/guia/guarda-equipaje,assets/js/bulk-photo-references.js,ruta exacta en inventario y referencia presente en código
GUIA DE RIO/GUARDA EQUIPAJE/GUARDA EQUIPAJE PT (1).png,/guia/guarda-equipaje,assets/js/bulk-photo-references.js,ruta exacta en inventario y referencia presente en código
GUIA DE RIO/GUARDA EQUIPAJE/GUARDA EQUIPAJE ENG (2).png,/guia/guarda-equipaje,assets/js/bulk-photo-references.js,ruta exacta en inventario y referencia presente en código
GUIA DE RIO/GUARDA EQUIPAJE/GUARDA EQUIPAJE ENG (3).png,/guia/guarda-equipaje,assets/js/bulk-photo-references.js,ruta exacta en inventario y referencia presente en código
GUIA DE RIO/GUARDA EQUIPAJE/GUARDA EQUIPAJE ESPAÑOL (4).png,/guia/guarda-equipaje,assets/js/bulk-photo-references.js; guia/guarda-equipaje/index.html,ruta exacta en inventario y referencia presente en código
GUIA DE RIO/GUARDA EQUIPAJE/GUARDA EQUIPAJE ESPAÑOL (3).png,/guia/guarda-equipaje,assets/js/bulk-photo-references.js,ruta exacta en inventario y referencia presente en código
GUIA DE RIO/GUARDA EQUIPAJE/GUARDA EQUIPAJE PT (3).png,/guia/guarda-equipaje,assets/js/bulk-photo-references.js,ruta exacta en inventario y referencia presente en código
GUIA DE RIO/GUARDA EQUIPAJE/GUARDA EQUIPAJE ESPAÑOL (2).png,/guia/guarda-equipaje,assets/js/bulk-photo-references.js,ruta exacta en inventario y referencia presente en código
GUIA DE RIO/GUARDA EQUIPAJE/GUARDA EQUIPAJE PT (2).png,/guia/guarda-equipaje,assets/js/bulk-photo-references.js,ruta exacta en inventario y referencia presente en código
GUIA DE RIO/GUARDA EQUIPAJE/GUARDA EQUIPAJE ENG (1).png,/guia/guarda-equipaje,assets/js/bulk-photo-references.js,ruta exacta en inventario y referencia presente en código
GUIA DE RIO/MINIATURA GUIA RIO GUARDA EQUIPAJE.png,/guia/guarda-equipaje,assets/js/bulk-photo-references.js,ruta exacta en inventario y referencia presente en código
GUIA DE RIO/CPF PARA EXTRANJEORS/cpf brasil.jpg,/guia/cpf,assets/js/bulk-photo-references.js,ruta exacta en inventario y referencia presente en código
GUIA DE RIO/CPF PARA EXTRANJEORS/DEBAJO DE TITULO.png,/guia/cpf,assets/js/bulk-photo-references.js; guia/cpf/index.html,ruta exacta en inventario y referencia presente en código
GUIA DE RIO/MINIATURA CPF PARA EXTRANGEROS.png,/guia/cpf,assets/js/bulk-photo-references.js,ruta exacta en inventario y referencia presente en código
GUIA DE RIO/CLIMA HOME.jpg,/guia/mes-a-mes,assets/js/bulk-photo-references.js,ruta exacta en inventario y referencia presente en código
GUIA DE RIO/RIO MES A MES/riodejaneiro-calor para rio mes a mes.jpg,/guia/mes-a-mes,assets/js/bulk-photo-references.js; guia/mes-a-mes/index.html,ruta exacta en inventario y referencia presente en código
GUIA DE RIO/MINIATURA GUIA RIO  RIO MES A MES.png,/guia/mes-a-mes,assets/js/bulk-photo-references.js,ruta exacta en inventario y referencia presente en código
GUIA DE RIO/MINIATURA GUIA RIO  MALETA Y CLIMA.png,/guia/mes-a-mes,assets/js/bulk-photo-references.js,ruta exacta en inventario y referencia presente en código
GUIA DE RIO/MALETA Y CLIMA/para clima en rio 2 con termometro.jpg,/guia/mes-a-mes,assets/js/bulk-photo-references.js,ruta exacta en inventario y referencia presente en código
GUIA DE RIO/MALETA Y CLIMA/para clima en rio.jpg,/guia/mes-a-mes,assets/js/bulk-photo-references.js,ruta exacta en inventario y referencia presente en código
COMPRAS/comercio populaer/feria de sao cristovao/feira-de-sao-cristovao-21.webp,/compras/feira-sao-cristovao,assets/js/bulk-photo-references.js,ruta exacta en inventario y referencia presente en código
COMPRAS/comercio populaer/feria de sao cristovao/feria sao cristovao 3.jpg,/compras/feira-sao-cristovao,assets/js/bulk-photo-references.js; compras/feira-sao-cristovao/index.html,ruta exacta en inventario y referencia presente en código
COMPRAS/comercio populaer/feria de sao cristovao/feria sao cristovao5.jpg,/compras/feira-sao-cristovao,assets/js/bulk-photo-references.js; compras/feira-sao-cristovao/index.html,ruta exacta en inventario y referencia presente en código
COMPRAS/comercio populaer/feria de sao cristovao/feria sao cristovaogfh.jpg,/compras/feira-sao-cristovao,assets/js/bulk-photo-references.js; compras/feira-sao-cristovao/index.html,ruta exacta en inventario y referencia presente en código
COMPRAS/comercio populaer/feria de sao cristovao/feria sao cristovao4.jpg,/compras/feira-sao-cristovao,assets/js/bulk-photo-references.js; compras/feira-sao-cristovao/index.html,ruta exacta en inventario y referencia presente en código
COMPRAS/comercio populaer/feria de sao cristovao/feria sao cristovao57.jpg,/compras/feira-sao-cristovao,assets/js/bulk-photo-references.js; compras/feira-sao-cristovao/index.html,ruta exacta en inventario y referencia presente en código
COMPRAS/comercio populaer/feria de sao cristovao/feria sao cristovao 1.jpg,/compras/feira-sao-cristovao,assets/js/bulk-photo-references.js; compras/feira-sao-cristovao/index.html,ruta exacta en inventario y referencia presente en código
COMPRAS/comercio populaer/feria de sao cristovao/feria sao cristovao 2.jpg,/compras/feira-sao-cristovao,assets/js/bulk-photo-references.js; compras/feira-sao-cristovao/index.html,ruta exacta en inventario y referencia presente en código
COMPRAS/comercio populaer/feria de sao cristovao/feria sao cristovao3.jpg,/compras/feira-sao-cristovao,assets/js/bulk-photo-references.js; compras/feira-sao-cristovao/index.html,ruta exacta en inventario y referencia presente en código
COMPRAS/shopping/norte shopping/SHOPPING NORTE SHOPPING (8).jpg,/compras/norte-shopping,assets/js/bulk-photo-references.js,ruta exacta en inventario y referencia presente en código
COMPRAS/shopping/norte shopping/SHOPPING NORTE SHOPPING (3).jpg,/compras/norte-shopping,assets/js/bulk-photo-references.js; compras/norte-shopping/index.html,ruta exacta en inventario y referencia presente en código
COMPRAS/shopping/norte shopping/SHOPPING NORTE SHOPPING (7).jpg,/compras/norte-shopping,assets/js/bulk-photo-references.js; compras/norte-shopping/index.html,ruta exacta en inventario y referencia presente en código
COMPRAS/shopping/norte shopping/SHOPPING NORTE SHOPPING (5).jpg,/compras/norte-shopping,assets/js/bulk-photo-references.js; compras/norte-shopping/index.html,ruta exacta en inventario y referencia presente en código
COMPRAS/shopping/norte shopping/SHOPPING NORTE SHOPPING (6).jpg,/compras/norte-shopping,assets/js/bulk-photo-references.js; compras/norte-shopping/index.html,ruta exacta en inventario y referencia presente en código
COMPRAS/shopping/norte shopping/SHOPPING NORTE SHOPPING (4).jpg,/compras/norte-shopping,assets/js/bulk-photo-references.js; compras/norte-shopping/index.html,ruta exacta en inventario y referencia presente en código
COMPRAS/shopping/norte shopping/SHOPPING NORTE SHOPPING PORT.jpg,/compras/norte-shopping,assets/js/bulk-photo-references.js; compras/norte-shopping/index.html,ruta exacta en inventario y referencia presente en código
COMPRAS/shopping/norte shopping/SHOPPING NORTE SHOPPING (2).jpg,/compras/norte-shopping,assets/js/bulk-photo-references.js; compras/norte-shopping/index.html,ruta exacta en inventario y referencia presente en código
COMPRAS/shopping/Shopping Tijuca/Shopping Tijuca 3.jpg,/compras/shopping-tijuca,assets/js/bulk-photo-references.js,ruta exacta en inventario y referencia presente en código
COMPRAS/shopping/Shopping Tijuca/Shopping Tijuca 4.jpg,/compras/shopping-tijuca,assets/js/bulk-photo-references.js,ruta exacta en inventario y referencia presente en código
COMPRAS/shopping/Shopping Tijuca/Shopping Tijuca 5.jpg,/compras/shopping-tijuca,assets/js/bulk-photo-references.js,ruta exacta en inventario y referencia presente en código
COMPRAS/shopping/Shopping Tijuca/Shopping Tijuca PORT.jpg,/compras/shopping-tijuca,assets/js/bulk-photo-references.js; compras/shopping-tijuca/index.html,ruta exacta en inventario y referencia presente en código
COMPRAS/shopping/Shopping Tijuca/Shopping Tijuca 2.jpg,/compras/shopping-tijuca,assets/js/bulk-photo-references.js; compras/shopping-tijuca/index.html,ruta exacta en inventario y referencia presente en código
COMPRAS/shopping/parkjacarepagua/SHOPPING PARK JACAREPAGUA (6).jpeg,/compras/parkjacarepagua,assets/js/bulk-photo-references.js,ruta exacta en inventario y referencia presente en código
COMPRAS/shopping/parkjacarepagua/SHOPPING PARK JACAREPAGUA (3).jpg,/compras/parkjacarepagua,assets/js/bulk-photo-references.js; compras/parkjacarepagua/index.html,ruta exacta en inventario y referencia presente en código
COMPRAS/shopping/parkjacarepagua/SHOPPING PARK JACAREPAGUA (2).jpg,/compras/parkjacarepagua,assets/js/bulk-photo-references.js; compras/parkjacarepagua/index.html,ruta exacta en inventario y referencia presente en código
COMPRAS/shopping/parkjacarepagua/SHOPPING PARK JACAREPAGUA (5).jpg,/compras/parkjacarepagua,assets/js/bulk-photo-references.js; compras/parkjacarepagua/index.html,ruta exacta en inventario y referencia presente en código
COMPRAS/shopping/parkjacarepagua/SHOPPING PARK JACAREPAGUA (4).jpg,/compras/parkjacarepagua,assets/js/bulk-photo-references.js; compras/parkjacarepagua/index.html,ruta exacta en inventario y referencia presente en código
COMPRAS/shopping/parkjacarepagua/SHOPPING PARK JACAREPAGUA PORT.jpg,/compras/parkjacarepagua,assets/js/bulk-photo-references.js; compras/parkjacarepagua/index.html,ruta exacta en inventario y referencia presente en código
COMPRAS/shopping/parkjacarepagua/SHOPPING PARK JACAREPAGUA (2).jpeg,/compras/parkjacarepagua,assets/js/bulk-photo-references.js; compras/parkjacarepagua/index.html,ruta exacta en inventario y referencia presente en código
ARTE Y CULTURA/museos/MAM/MAM3.jpg,/cultura/mam-rio,assets/js/bulk-photo-references.js,ruta exacta en inventario y referencia presente en código
ARTE Y CULTURA/museos/MAM/MAM1.jpg,/cultura/mam-rio,assets/js/bulk-photo-references.js,ruta exacta en inventario y referencia presente en código
ARTE Y CULTURA/museos/MAM/23f8bb15-cd74-4634-b68e-f9053befb3c6.png,/cultura/mam-rio,assets/js/bulk-photo-references.js,ruta exacta en inventario y referencia presente en código
ARTE Y CULTURA/museos/MAM/9eab6b6c-f919-4ed2-8fbf-ad026c19bc77.png,/cultura/mam-rio,assets/js/bulk-photo-references.js,ruta exacta en inventario y referencia presente en código
ARTE Y CULTURA/museos/MAM/MAM2.jpg,/cultura/mam-rio,assets/js/bulk-photo-references.js,ruta exacta en inventario y referencia presente en código
GUIA DE RIO/TERMINALES/rodoviaria_novo_rio_miniatura_1200x454.jpg,/guia/terminales,assets/js/bulk-photo-references.js; guia/terminales/index.html,ruta exacta en inventario y referencia presente en código
GUIA DE RIO/TERMINALES/pier maua con crucero.jpg,/guia/terminales,assets/js/bulk-photo-references.js; guia/terminales/index.html,ruta exacta en inventario y referencia presente en código
GUIA DE RIO/MINIATURA GUIA RIO  TERMINALES.png,/guia/terminales,assets/js/bulk-photo-references.js,ruta exacta en inventario y referencia presente en código
transportes/TRANSPORTES MINIATURA RODOVIARIA.jpg,/guia/terminales,assets/js/bulk-photo-references.js,ruta exacta en inventario y referencia presente en código
GUIA DE RIO/VACUNAS/GUIA DE RIO VACUNAS.jpeg,/guia/vacunas,assets/js/bulk-photo-references.js; guia/vacunas/index.html,ruta exacta en inventario y referencia presente en código
GUIA DE RIO/MINIATURA GUIA RIO VACUNAS.png,/guia/vacunas,assets/js/bulk-photo-references.js,ruta exacta en inventario y referencia presente en código
GUIA DE RIO/AEROPUERTOS/AEROPUERTOS aeroporto galeao.jpg,/guia/aeropuertos,assets/js/bulk-photo-references.js; guia/aeropuertos/index.html,ruta exacta en inventario y referencia presente en código
GUIA DE RIO/AEROPUERTOS/AEROPUERTOS santod doumont.jpg,/guia/aeropuertos,assets/js/bulk-photo-references.js; guia/aeropuertos/index.html,ruta exacta en inventario y referencia presente en código
GUIA DE RIO/MINIATURA GUIA RIO AEROPUERTOS.png,/guia/aeropuertos,assets/js/bulk-photo-references.js,ruta exacta en inventario y referencia presente en código
transportes/TRANSPORTES MINIATURA SDU.jpg,/guia/aeropuertos,assets/js/bulk-photo-references.js,ruta exacta en inventario y referencia presente en código
transportes/TRANSPORTES MINIATURAaeroporto galeao.jpg,/guia/aeropuertos,assets/js/bulk-photo-references.js,ruta exacta en inventario y referencia presente en código
GUIA DE RIO/ACCESIBILIDAD/pcd cristo.jpg,/guia/accesibilidad,assets/js/bulk-photo-references.js; guia/accesibilidad/index.html,ruta exacta en inventario y referencia presente en código
GUIA DE RIO/ACCESIBILIDAD/pcd pan.jpg,/guia/accesibilidad,assets/js/bulk-photo-references.js; guia/accesibilidad/index.html,ruta exacta en inventario y referencia presente en código
GUIA DE RIO/MINIATURA GUIA RIO ACCESIBILIDAD.png,/guia/accesibilidad,assets/js/bulk-photo-references.js,ruta exacta en inventario y referencia presente en código
restaurantes/Bar Urca/bar-e-restaurante-urca comida.jpg,/gastronomia/bar-urca,assets/js/bulk-photo-references.js; gastronomia/bar-urca/index.html,ruta exacta en inventario y referencia presente en código
restaurantes/Bar Urca/restaurante-ou-pintura  bar da urca.jpg,/gastronomia/bar-urca,assets/js/bulk-photo-references.js; gastronomia/bar-urca/index.html,ruta exacta en inventario y referencia presente en código
restaurantes/Bar Urca/top-10-camarao-a-milanesa  bar da urca.jpg,/gastronomia/bar-urca,assets/js/bulk-photo-references.js; gastronomia/bar-urca/index.html,ruta exacta en inventario y referencia presente en código
restaurantes/Bar Urca/camarao-na-moranga-imperdivel Bar Urca.jpg,/gastronomia/bar-urca,assets/js/bulk-photo-references.js; gastronomia/bar-urca/index.html,ruta exacta en inventario y referencia presente en código
restaurantes/Bar Urca/bar da urca vista.jpg,/gastronomia/bar-urca,assets/js/bulk-photo-references.js; gastronomia/bar-urca/index.html,ruta exacta en inventario y referencia presente en código
restaurantes/Bar Urca/top-5-moqueca-de-camarao bar da urca.jpg,/gastronomia/bar-urca,assets/js/bulk-photo-references.js; gastronomia/bar-urca/index.html,ruta exacta en inventario y referencia presente en código
restaurantes/Bar Urca/drink-e-petiscos-no-bar  bar da urca.jpg,/gastronomia/bar-urca,assets/js/bulk-photo-references.js; gastronomia/bar-urca/index.html,ruta exacta en inventario y referencia presente en código
restaurantes/Bar Urca/show  bar da urca.jpg,/gastronomia/bar-urca,assets/js/bulk-photo-references.js; gastronomia/bar-urca/index.html,ruta exacta en inventario y referencia presente en código
restaurantes/Bar Urca/top-5-polvo-grelhado  bar da urca.jpg,/gastronomia/bar-urca,assets/js/bulk-photo-references.js; gastronomia/bar-urca/index.html,ruta exacta en inventario y referencia presente en código
restaurantes/Bar Urca/sobremesas  bar da urca.jpg,/gastronomia/bar-urca,assets/js/bulk-photo-references.js; gastronomia/bar-urca/index.html,ruta exacta en inventario y referencia presente en código
restaurantes/Bar Urca.jpg,/gastronomia/bar-urca,assets/js/bulk-photo-references.js,ruta exacta en inventario y referencia presente en código
restaurantes/Adega da Velha/Adega da Velha4.jpg,/gastronomia/adega-da-velha,assets/js/bulk-photo-references.js; gastronomia/adega-da-velha/index.html,ruta exacta en inventario y referencia presente en código
restaurantes/Adega da Velha/Adega da Velha3.jpg,/gastronomia/adega-da-velha,assets/js/bulk-photo-references.js; gastronomia/adega-da-velha/index.html,ruta exacta en inventario y referencia presente en código
restaurantes/Adega da Velha/Adega da Velha6.jpg,/gastronomia/adega-da-velha,assets/js/bulk-photo-references.js; gastronomia/adega-da-velha/index.html,ruta exacta en inventario y referencia presente en código
restaurantes/Adega da Velha/Adega da Velha5.jpg,/gastronomia/adega-da-velha,assets/js/bulk-photo-references.js; gastronomia/adega-da-velha/index.html,ruta exacta en inventario y referencia presente en código
restaurantes/Adega da Velha/Adega da Velha2.jpg,/gastronomia/adega-da-velha,assets/js/bulk-photo-references.js; gastronomia/adega-da-velha/index.html,ruta exacta en inventario y referencia presente en código
restaurantes/Adega da Velha/Adega da Velha PORT.jpg,/gastronomia/adega-da-velha,assets/js/bulk-photo-references.js; gastronomia/adega-da-velha/index.html,ruta exacta en inventario y referencia presente en código
restaurantes/Adega da Velha/Adega da Velha1.jpg,/gastronomia/adega-da-velha,assets/js/bulk-photo-references.js; gastronomia/adega-da-velha/index.html,ruta exacta en inventario y referencia presente en código
restaurantes/aconchego-carioca/aconchego-carioca 3.jpg,/gastronomia/aconchego-carioca,assets/js/bulk-photo-references.js; gastronomia/aconchego-carioca/index.html,ruta exacta en inventario y referencia presente en código
restaurantes/aconchego-carioca/costelinha-suina-no-barbecue aconchego-carioca.jpg,/gastronomia/aconchego-carioca,assets/js/bulk-photo-references.js; gastronomia/aconchego-carioca/index.html,ruta exacta en inventario y referencia presente en código
restaurantes/aconchego-carioca/bolinho-de-feijoada aconchego-carioca.jpg,/gastronomia/aconchego-carioca,assets/js/bulk-photo-references.js; gastronomia/aconchego-carioca/index.html,ruta exacta en inventario y referencia presente en código
restaurantes/aconchego-carioca/aconchego-carioca salon.jpg,/gastronomia/aconchego-carioca,assets/js/bulk-photo-references.js; gastronomia/aconchego-carioca/index.html,ruta exacta en inventario y referencia presente en código
restaurantes/aconchego-carioca/aconchego-carioca 6.jpg,/gastronomia/aconchego-carioca,assets/js/bulk-photo-references.js; gastronomia/aconchego-carioca/index.html,ruta exacta en inventario y referencia presente en código
restaurantes/aconchego-carioca/Aconchego Carioca PORT.jpg,/gastronomia/aconchego-carioca,assets/js/bulk-photo-references.js; gastronomia/aconchego-carioca/index.html,ruta exacta en inventario y referencia presente en código
restaurantes/aconchego-carioca/aconchego-carioca 2.jpg,/gastronomia/aconchego-carioca,assets/js/bulk-photo-references.js; gastronomia/aconchego-carioca/index.html,ruta exacta en inventario y referencia presente en código
restaurantes/Arab leblon/arab1.jpg,/gastronomia/arab-leblon,assets/js/bulk-photo-references.js; gastronomia/arab-leblon/index.html,ruta exacta en inventario y referencia presente en código
restaurantes/Arab leblon/arab2.jpg,/gastronomia/arab-leblon,assets/js/bulk-photo-references.js; gastronomia/arab-leblon/index.html,ruta exacta en inventario y referencia presente en código
restaurantes/Arab leblon/arab4.jpg,/gastronomia/arab-leblon,assets/js/bulk-photo-references.js; gastronomia/arab-leblon/index.html,ruta exacta en inventario y referencia presente en código
restaurantes/Arab leblon/arabfront.jpg,/gastronomia/arab-leblon,assets/js/bulk-photo-references.js; gastronomia/arab-leblon/index.html,ruta exacta en inventario y referencia presente en código
restaurantes/Arab leblon/arab3de.jpg,/gastronomia/arab-leblon,assets/js/bulk-photo-references.js; gastronomia/arab-leblon/index.html,ruta exacta en inventario y referencia presente en código
restaurantes/Arab leblon/arab21.jpg,/gastronomia/arab-leblon,assets/js/bulk-photo-references.js; gastronomia/arab-leblon/index.html,ruta exacta en inventario y referencia presente en código
restaurantes/Arab leblon/arab3.jpg,/gastronomia/arab-leblon,assets/js/bulk-photo-references.js; gastronomia/arab-leblon/index.html,ruta exacta en inventario y referencia presente en código
restaurantes/Cosmopolita/cosmopolita1.jpg,/gastronomia/cosmopolita,assets/js/bulk-photo-references.js; gastronomia/cosmopolita/index.html,ruta exacta en inventario y referencia presente en código
restaurantes/Cosmopolita/cosmopolita12.jpg,/gastronomia/cosmopolita,assets/js/bulk-photo-references.js; gastronomia/cosmopolita/index.html,ruta exacta en inventario y referencia presente en código
restaurantes/Cosmopolita/cosmopolita123.jpg,/gastronomia/cosmopolita,assets/js/bulk-photo-references.js; gastronomia/cosmopolita/index.html,ruta exacta en inventario y referencia presente en código
restaurantes/Terra Brasilis/terra-brasilis-rio-de.jpg,/gastronomia/terra-brasilis,assets/js/bulk-photo-references.js; gastronomia/terra-brasilis/index.html,ruta exacta en inventario y referencia presente en código
restaurantes/Terra Brasilis/camarao-empanado-e-vista.jpg,/gastronomia/terra-brasilis,assets/js/bulk-photo-references.js; gastronomia/terra-brasilis/index.html,ruta exacta en inventario y referencia presente en código
restaurantes/Terra Brasilis/Terra Brasilis6.jpg,/gastronomia/terra-brasilis,assets/js/bulk-photo-references.js; gastronomia/terra-brasilis/index.html,ruta exacta en inventario y referencia presente en código
restaurantes/Terra Brasilis/salao3.jpeg,/gastronomia/terra-brasilis,assets/js/bulk-photo-references.js; gastronomia/terra-brasilis/index.html,ruta exacta en inventario y referencia presente en código
restaurantes/Terra Brasilis/salao2.jpeg,/gastronomia/terra-brasilis,assets/js/bulk-photo-references.js; gastronomia/terra-brasilis/index.html,ruta exacta en inventario y referencia presente en código
restaurantes/Terra Brasilis/Terra Brasilis2.jpg,/gastronomia/terra-brasilis,assets/js/bulk-photo-references.js; gastronomia/terra-brasilis/index.html,ruta exacta en inventario y referencia presente en código
restaurantes/Terra Brasilis/Terra Brasilis4.jpg,/gastronomia/terra-brasilis,assets/js/bulk-photo-references.js; gastronomia/terra-brasilis/index.html,ruta exacta en inventario y referencia presente en código
restaurantes/Terra Brasilis/salao1.jpeg,/gastronomia/terra-brasilis,assets/js/bulk-photo-references.js; gastronomia/terra-brasilis/index.html,ruta exacta en inventario y referencia presente en código
restaurantes/Terra Brasilis/entrada2.jpeg,/gastronomia/terra-brasilis,assets/js/bulk-photo-references.js; gastronomia/terra-brasilis/index.html,ruta exacta en inventario y referencia presente en código
restaurantes/Terra Brasilis/amendoreira_nova2.jpeg,/gastronomia/terra-brasilis,assets/js/bulk-photo-references.js; gastronomia/terra-brasilis/index.html,ruta exacta en inventario y referencia presente en código
restaurantes/Terra Brasilis/entrada.jpeg,/gastronomia/terra-brasilis,assets/js/bulk-photo-references.js; gastronomia/terra-brasilis/index.html,ruta exacta en inventario y referencia presente en código
restaurantes/Terra Brasilis/Terra Brasilis5.jpg,/gastronomia/terra-brasilis,assets/js/bulk-photo-references.js; gastronomia/terra-brasilis/index.html,ruta exacta en inventario y referencia presente en código
restaurantes/garota de ipanema/garota de ipanema 4.jpg,/gastronomia/garota-de-ipanema,assets/js/bulk-photo-references.js; gastronomia/garota-de-ipanema/index.html,ruta exacta en inventario y referencia presente en código
restaurantes/garota de ipanema/feijoada-completa garota de ipanema.jpg,/gastronomia/garota-de-ipanema,assets/js/bulk-photo-references.js; gastronomia/garota-de-ipanema/index.html,ruta exacta en inventario y referencia presente en código
restaurantes/garota de ipanema/garota de ipanema portada.jpg,/gastronomia/garota-de-ipanema,assets/js/bulk-photo-references.js; gastronomia/garota-de-ipanema/index.html,ruta exacta en inventario y referencia presente en código
restaurantes/garota de ipanema/pasteis-de-nata garota de ipanema.jpg,/gastronomia/garota-de-ipanema,assets/js/bulk-photo-references.js; gastronomia/garota-de-ipanema/index.html,ruta exacta en inventario y referencia presente en código
restaurantes/garota de ipanema/garota de ipanema 3.jpg,/gastronomia/garota-de-ipanema,assets/js/bulk-photo-references.js; gastronomia/garota-de-ipanema/index.html,ruta exacta en inventario y referencia presente en código
restaurantes/garota de ipanema/file-de-linguado-a-belle garota de ipanema.jpg,/gastronomia/garota-de-ipanema,assets/js/bulk-photo-references.js; gastronomia/garota-de-ipanema/index.html,ruta exacta en inventario y referencia presente en código
restaurantes/garota de ipanema/garota de ipanema 2.jpg,/gastronomia/garota-de-ipanema,assets/js/bulk-photo-references.js; gastronomia/garota-de-ipanema/index.html,ruta exacta en inventario y referencia presente en código
restaurantes/garota de ipanema.jpg,/gastronomia/garota-de-ipanema,assets/js/bulk-photo-references.js,ruta exacta en inventario y referencia presente en código
restaurantes/Lilia/Lilia2.jpg,/gastronomia/lilia,assets/js/bulk-photo-references.js; gastronomia/lilia/index.html,ruta exacta en inventario y referencia presente en código
restaurantes/Lilia/Lilia3.jpg,/gastronomia/lilia,assets/js/bulk-photo-references.js; gastronomia/lilia/index.html,ruta exacta en inventario y referencia presente en código
restaurantes/Lilia/Lilia7.jpg,/gastronomia/lilia,assets/js/bulk-photo-references.js; gastronomia/lilia/index.html,ruta exacta en inventario y referencia presente en código
restaurantes/Lilia/5Lilia4.jpg,/gastronomia/lilia,assets/js/bulk-photo-references.js; gastronomia/lilia/index.html,ruta exacta en inventario y referencia presente en código
restaurantes/Lilia/Lilia4.jpg,/gastronomia/lilia,assets/js/bulk-photo-references.js; gastronomia/lilia/index.html,ruta exacta en inventario y referencia presente en código
restaurantes/Lilia/Lilia6.jpg,/gastronomia/lilia,assets/js/bulk-photo-references.js; gastronomia/lilia/index.html,ruta exacta en inventario y referencia presente en código
restaurantes/Lilia/Lilia1.jpg,/gastronomia/lilia,assets/js/bulk-photo-references.js; gastronomia/lilia/index.html,ruta exacta en inventario y referencia presente en código
restaurantes/Irajá Redux/iraja-redux14.jpg,/gastronomia/iraja-redux,assets/js/bulk-photo-references.js; gastronomia/iraja-redux/index.html,ruta exacta en inventario y referencia presente en código
restaurantes/Irajá Redux/iraja-redux15.jpg,/gastronomia/iraja-redux,assets/js/bulk-photo-references.js; gastronomia/iraja-redux/index.html,ruta exacta en inventario y referencia presente en código
restaurantes/Irajá Redux/iraja-redux1.jpg,/gastronomia/iraja-redux,assets/js/bulk-photo-references.js; gastronomia/iraja-redux/index.html,ruta exacta en inventario y referencia presente en código
restaurantes/Irajá Redux/IrajaBarra-26.jpg,/gastronomia/iraja-redux,assets/js/bulk-photo-references.js; gastronomia/iraja-redux/index.html,ruta exacta en inventario y referencia presente en código
restaurantes/Irajá Redux/iraja-redux13.jpg,/gastronomia/iraja-redux,assets/js/bulk-photo-references.js; gastronomia/iraja-redux/index.html,ruta exacta en inventario y referencia presente en código
restaurantes/Irajá Redux/iraja-redux12.jpg,/gastronomia/iraja-redux,assets/js/bulk-photo-references.js; gastronomia/iraja-redux/index.html,ruta exacta en inventario y referencia presente en código
restaurantes/esquimo/esquimo12eds.jpg,/gastronomia/esquimo,assets/js/bulk-photo-references.js; gastronomia/esquimo/index.html,ruta exacta en inventario y referencia presente en código
restaurantes/esquimo/esquimo12ed.jpg,/gastronomia/esquimo,assets/js/bulk-photo-references.js; gastronomia/esquimo/index.html,ruta exacta en inventario y referencia presente en código
restaurantes/esquimo/esquimo12e.jpg,/gastronomia/esquimo,assets/js/bulk-photo-references.js; gastronomia/esquimo/index.html,ruta exacta en inventario y referencia presente en código
restaurantes/esquimo/esquimo1.jpg,/gastronomia/esquimo,assets/js/bulk-photo-references.js; gastronomia/esquimo/index.html,ruta exacta en inventario y referencia presente en código
restaurantes/esquimo/esquimo12.jpg,/gastronomia/esquimo,assets/js/bulk-photo-references.js; gastronomia/esquimo/index.html,ruta exacta en inventario y referencia presente en código
restaurantes/Toca da Traíra/Toca da Traíra.jpg,/gastronomia/toca-da-traira,assets/js/bulk-photo-references.js; gastronomia/toca-da-traira/index.html,ruta exacta en inventario y referencia presente en código
restaurantes/Toca da Traíra/Toca da Traíra maer.jpg,/gastronomia/toca-da-traira,assets/js/bulk-photo-references.js; gastronomia/toca-da-traira/index.html,ruta exacta en inventario y referencia presente en código
restaurantes/Toca da Traíra/Toca da Traíra wqd.jpg,/gastronomia/toca-da-traira,assets/js/bulk-photo-references.js; gastronomia/toca-da-traira/index.html,ruta exacta en inventario y referencia presente en código
restaurantes/Toca da Traíra/Toca da Traíra peixe.jpg,/gastronomia/toca-da-traira,assets/js/bulk-photo-references.js; gastronomia/toca-da-traira/index.html,ruta exacta en inventario y referencia presente en código
restaurantes/Toca da Traíra/restaurante-toca-da-traira.jpg,/gastronomia/toca-da-traira,assets/js/bulk-photo-references.js; gastronomia/toca-da-traira/index.html,ruta exacta en inventario y referencia presente en código
restaurantes/Toca da Traíra/Toca da Traíra sobre mesa.jpg,/gastronomia/toca-da-traira,assets/js/bulk-photo-references.js; gastronomia/toca-da-traira/index.html,ruta exacta en inventario y referencia presente en código
restaurantes/Toca da Traíra/Toca da Traíra interior.jpg,/gastronomia/toca-da-traira,assets/js/bulk-photo-references.js; gastronomia/toca-da-traira/index.html,ruta exacta en inventario y referencia presente en código
restaurantes/Toca da Traíra/Toca da Traíra tabla mar.jpg,/gastronomia/toca-da-traira,assets/js/bulk-photo-references.js; gastronomia/toca-da-traira/index.html,ruta exacta en inventario y referencia presente en código
restaurantes/Toca da Traíra/Toca da Traíra salon.jpg,/gastronomia/toca-da-traira,assets/js/bulk-photo-references.js; gastronomia/toca-da-traira/index.html,ruta exacta en inventario y referencia presente en código
restaurantes/La Bicyclette/La Bicyclette he.jpg,/gastronomia/la-bicyclette,assets/js/bulk-photo-references.js; gastronomia/la-bicyclette/index.html,ruta exacta en inventario y referencia presente en código
restaurantes/La Bicyclette/La Bicyclette cafe.jpg,/gastronomia/la-bicyclette,assets/js/bulk-photo-references.js; gastronomia/la-bicyclette/index.html,ruta exacta en inventario y referencia presente en código
restaurantes/La Bicyclette/nossas-tigelas La Bicyclette.jpg,/gastronomia/la-bicyclette,assets/js/bulk-photo-references.js; gastronomia/la-bicyclette/index.html,ruta exacta en inventario y referencia presente en código
restaurantes/La Bicyclette/La Bicyclette 2.jpg,/gastronomia/la-bicyclette,assets/js/bulk-photo-references.js; gastronomia/la-bicyclette/index.html,ruta exacta en inventario y referencia presente en código
restaurantes/La Bicyclette/La Bicyclette interiro.jpg,/gastronomia/la-bicyclette,assets/js/bulk-photo-references.js; gastronomia/la-bicyclette/index.html,ruta exacta en inventario y referencia presente en código
restaurantes/La Bicyclette/La Bicyclette cafe2.jpg,/gastronomia/la-bicyclette,assets/js/bulk-photo-references.js; gastronomia/la-bicyclette/index.html,ruta exacta en inventario y referencia presente en código
restaurantes/La Bicyclette/La Bicyclette 1.jpg,/gastronomia/la-bicyclette,assets/js/bulk-photo-references.js; gastronomia/la-bicyclette/index.html,ruta exacta en inventario y referencia presente en código
restaurantes/La Bicyclette/La Bicyclette vista.jpg,/gastronomia/la-bicyclette,assets/js/bulk-photo-references.js; gastronomia/la-bicyclette/index.html,ruta exacta en inventario y referencia presente en código
restaurantes/La Bicyclette/La Bicyclette tostadas.jpg,/gastronomia/la-bicyclette,assets/js/bulk-photo-references.js; gastronomia/la-bicyclette/index.html,ruta exacta en inventario y referencia presente en código
restaurantes/adega perola/adega perola 3.jpg,/gastronomia/adega-perola,assets/js/bulk-photo-references.js; gastronomia/adega-perola/index.html,ruta exacta en inventario y referencia presente en código
restaurantes/adega perola/adegaperola1.jpg,/gastronomia/adega-perola,assets/js/bulk-photo-references.js; gastronomia/adega-perola/index.html,ruta exacta en inventario y referencia presente en código
restaurantes/adega perola/adega perola 6.jpg,/gastronomia/adega-perola,assets/js/bulk-photo-references.js; gastronomia/adega-perola/index.html,ruta exacta en inventario y referencia presente en código
restaurantes/adega perola/adega perola 2.jpg,/gastronomia/adega-perola,assets/js/bulk-photo-references.js; gastronomia/adega-perola/index.html,ruta exacta en inventario y referencia presente en código
restaurantes/adega perola/adega perola 5.jpg,/gastronomia/adega-perola,assets/js/bulk-photo-references.js; gastronomia/adega-perola/index.html,ruta exacta en inventario y referencia presente en código
restaurantes/adega perola/adega entrada.jpg,/gastronomia/adega-perola,assets/js/bulk-photo-references.js; gastronomia/adega-perola/index.html,ruta exacta en inventario y referencia presente en código
restaurantes/adega perola/adega perola sardinha.jpg,/gastronomia/adega-perola,assets/js/bulk-photo-references.js; gastronomia/adega-perola/index.html,ruta exacta en inventario y referencia presente en código
restaurantes/adega perola/adega perola 1.jpg,/gastronomia/adega-perola,assets/js/bulk-photo-references.js; gastronomia/adega-perola/index.html,ruta exacta en inventario y referencia presente en código
restaurantes/adega perola/adega perola PORT.jpg,/gastronomia/adega-perola,assets/js/bulk-photo-references.js; gastronomia/adega-perola/index.html,ruta exacta en inventario y referencia presente en código
restaurantes/Nido Ristorante/fileto-rossiniNido Ristorante.jpg,/gastronomia/nido-ristorante,assets/js/bulk-photo-references.js; gastronomia/nido-ristorante/index.html,ruta exacta en inventario y referencia presente en código
restaurantes/Nido Ristorante/Nido Ristorante2.jpg,/gastronomia/nido-ristorante,assets/js/bulk-photo-references.js; gastronomia/nido-ristorante/index.html,ruta exacta en inventario y referencia presente en código
restaurantes/Nido Ristorante/Nido Ristorante salon.jpg,/gastronomia/nido-ristorante,assets/js/bulk-photo-references.js; gastronomia/nido-ristorante/index.html,ruta exacta en inventario y referencia presente en código
restaurantes/Nido Ristorante/Nido Ristorante3.jpg,/gastronomia/nido-ristorante,assets/js/bulk-photo-references.js; gastronomia/nido-ristorante/index.html,ruta exacta en inventario y referencia presente en código
restaurantes/Nido Ristorante/Nido Ristorante2 56.jpg,/gastronomia/nido-ristorante,assets/js/bulk-photo-references.js; gastronomia/nido-ristorante/index.html,ruta exacta en inventario y referencia presente en código
restaurantes/Nido Ristorante/nido-ristorante1.jpg,/gastronomia/nido-ristorante,assets/js/bulk-photo-references.js; gastronomia/nido-ristorante/index.html,ruta exacta en inventario y referencia presente en código
restaurantes/Nido Ristorante/Nido Ristorante4.jpg,/gastronomia/nido-ristorante,assets/js/bulk-photo-references.js; gastronomia/nido-ristorante/index.html,ruta exacta en inventario y referencia presente en código
restaurantes/Nido Ristorante/Nido Ristorante corero.jpg,/gastronomia/nido-ristorante,assets/js/bulk-photo-references.js; gastronomia/nido-ristorante/index.html,ruta exacta en inventario y referencia presente en código
restaurantes/Nido Ristorante/Nido Ristorante2as.jpg,/gastronomia/nido-ristorante,assets/js/bulk-photo-references.js; gastronomia/nido-ristorante/index.html,ruta exacta en inventario y referencia presente en código
restaurantes/Nido Ristorante/Nido Ristorante2 iy.jpg,/gastronomia/nido-ristorante,assets/js/bulk-photo-references.js; gastronomia/nido-ristorante/index.html,ruta exacta en inventario y referencia presente en código
restaurantes/Nido Ristorante/Nido Ristorante21.jpg,/gastronomia/nido-ristorante,assets/js/bulk-photo-references.js; gastronomia/nido-ristorante/index.html,ruta exacta en inventario y referencia presente en código
restaurantes/Nido Ristorante/Nido Ristorante2fdg.jpg,/gastronomia/nido-ristorante,assets/js/bulk-photo-references.js; gastronomia/nido-ristorante/index.html,ruta exacta en inventario y referencia presente en código
restaurantes/Galeto Liceu/galeto-liceu3.jpg,/gastronomia/galeto-liceu,assets/js/bulk-photo-references.js; gastronomia/galeto-liceu/index.html,ruta exacta en inventario y referencia presente en código
restaurantes/Galeto Liceu/galeto-liceu1.jpg,/gastronomia/galeto-liceu,assets/js/bulk-photo-references.js; gastronomia/galeto-liceu/index.html,ruta exacta en inventario y referencia presente en código
restaurantes/Galeto Liceu/galeto-liceu2.jpg,/gastronomia/galeto-liceu,assets/js/bulk-photo-references.js; gastronomia/galeto-liceu/index.html,ruta exacta en inventario y referencia presente en código
restaurantes/Galeto Liceu/galeto-liceu4.jpg,/gastronomia/galeto-liceu,assets/js/bulk-photo-references.js; gastronomia/galeto-liceu/index.html,ruta exacta en inventario y referencia presente en código
restaurantes/Fiorino/Fiorino4.jpg,/gastronomia/fiorino,assets/js/bulk-photo-references.js; gastronomia/fiorino/index.html,ruta exacta en inventario y referencia presente en código
restaurantes/Fiorino/fiorino5.jpg,/gastronomia/fiorino,assets/js/bulk-photo-references.js; gastronomia/fiorino/index.html,ruta exacta en inventario y referencia presente en código
restaurantes/Fiorino/Fiorino2.jpg,/gastronomia/fiorino,assets/js/bulk-photo-references.js; gastronomia/fiorino/index.html,ruta exacta en inventario y referencia presente en código
restaurantes/Fiorino/Fiorino3.jpg,/gastronomia/fiorino,assets/js/bulk-photo-references.js; gastronomia/fiorino/index.html,ruta exacta en inventario y referencia presente en código
restaurantes/Fiorino/Fiorino1.jpg,/gastronomia/fiorino,assets/js/bulk-photo-references.js; gastronomia/fiorino/index.html,ruta exacta en inventario y referencia presente en código
restaurantes/Oteque/Oteque3.jpg,/gastronomia/oteque,assets/js/bulk-photo-references.js; gastronomia/oteque/index.html,ruta exacta en inventario y referencia presente en código
restaurantes/Oteque/Oteque4.jpg,/gastronomia/oteque,assets/js/bulk-photo-references.js; gastronomia/oteque/index.html,ruta exacta en inventario y referencia presente en código
restaurantes/Oteque/Oteque1.jpg,/gastronomia/oteque,assets/js/bulk-photo-references.js; gastronomia/oteque/index.html,ruta exacta en inventario y referencia presente en código
restaurantes/Oteque/Oteque2.jpg,/gastronomia/oteque,assets/js/bulk-photo-references.js; gastronomia/oteque/index.html,ruta exacta en inventario y referencia presente en código
restaurantes/Oteque/Oteque5.jpg,/gastronomia/oteque,assets/js/bulk-photo-references.js; gastronomia/oteque/index.html,ruta exacta en inventario y referencia presente en código
restaurantes/Majórica/Majórica6.jpg,/gastronomia/majorica,assets/js/bulk-photo-references.js; gastronomia/majorica/index.html,ruta exacta en inventario y referencia presente en código
restaurantes/Majórica/Majórica2.jpg,/gastronomia/majorica,assets/js/bulk-photo-references.js; gastronomia/majorica/index.html,ruta exacta en inventario y referencia presente en código
restaurantes/Majórica/Majórica5.jpg,/gastronomia/majorica,assets/js/bulk-photo-references.js; gastronomia/majorica/index.html,ruta exacta en inventario y referencia presente en código
restaurantes/Majórica/Majórica4.jpg,/gastronomia/majorica,assets/js/bulk-photo-references.js; gastronomia/majorica/index.html,ruta exacta en inventario y referencia presente en código
restaurantes/Majórica/Majórica1.jpg,/gastronomia/majorica,assets/js/bulk-photo-references.js; gastronomia/majorica/index.html,ruta exacta en inventario y referencia presente en código
restaurantes/Majórica/Majórica3.jpg,/gastronomia/majorica,assets/js/bulk-photo-references.js; gastronomia/majorica/index.html,ruta exacta en inventario y referencia presente en código
restaurantes/Teva/Teva 4.jpg,/gastronomia/teva,assets/js/bulk-photo-references.js; gastronomia/teva/index.html,ruta exacta en inventario y referencia presente en código
restaurantes/Teva/paella-de-vegetais Teva.jpg,/gastronomia/teva,assets/js/bulk-photo-references.js; gastronomia/teva/index.html,ruta exacta en inventario y referencia presente en código
restaurantes/Teva/Teva tavos verdes.jpg,/gastronomia/teva,assets/js/bulk-photo-references.js; gastronomia/teva/index.html,ruta exacta en inventario y referencia presente en código
restaurantes/Teva/canelone-de-alcachofra Teva.jpg,/gastronomia/teva,assets/js/bulk-photo-references.js; gastronomia/teva/index.html,ruta exacta en inventario y referencia presente en código
restaurantes/Teva/Teva 2.jpg,/gastronomia/teva,assets/js/bulk-photo-references.js; gastronomia/teva/index.html,ruta exacta en inventario y referencia presente en código
restaurantes/Teva/arroz-coreano-picante Teva.jpg,/gastronomia/teva,assets/js/bulk-photo-references.js; gastronomia/teva/index.html,ruta exacta en inventario y referencia presente en código
restaurantes/Teva/staertesr Teva.jpg,/gastronomia/teva,assets/js/bulk-photo-references.js; gastronomia/teva/index.html,ruta exacta en inventario y referencia presente en código
restaurantes/Teva/rolinho-de-verao Teva.jpg,/gastronomia/teva,assets/js/bulk-photo-references.js; gastronomia/teva/index.html,ruta exacta en inventario y referencia presente en código
restaurantes/Teva/entradas-para-compartilhar Teva.jpg,/gastronomia/teva,assets/js/bulk-photo-references.js; gastronomia/teva/index.html,ruta exacta en inventario y referencia presente en código
restaurantes/Umai/Umai 4.jpg,/gastronomia/umai,assets/js/bulk-photo-references.js; gastronomia/umai/index.html,ruta exacta en inventario y referencia presente en código
restaurantes/Umai/Umai 1.jpg,/gastronomia/umai,assets/js/bulk-photo-references.js; gastronomia/umai/index.html,ruta exacta en inventario y referencia presente en código
restaurantes/Umai/Umai 6.jpg,/gastronomia/umai,assets/js/bulk-photo-references.js; gastronomia/umai/index.html,ruta exacta en inventario y referencia presente en código
restaurantes/Umai/Umai nigiris.jpg,/gastronomia/umai,assets/js/bulk-photo-references.js; gastronomia/umai/index.html,ruta exacta en inventario y referencia presente en código
restaurantes/Umai/Umai mesa.jpg,/gastronomia/umai,assets/js/bulk-photo-references.js; gastronomia/umai/index.html,ruta exacta en inventario y referencia presente en código
restaurantes/Umai/Umai salon.jpg,/gastronomia/umai,assets/js/bulk-photo-references.js; gastronomia/umai/index.html,ruta exacta en inventario y referencia presente en código
restaurantes/Umai/Umai chef.jpg,/gastronomia/umai,assets/js/bulk-photo-references.js; gastronomia/umai/index.html,ruta exacta en inventario y referencia presente en código
restaurantes/Umai/Umai 3.jpg,/gastronomia/umai,assets/js/bulk-photo-references.js; gastronomia/umai/index.html,ruta exacta en inventario y referencia presente en código
restaurantes/Umai/Umai 2.jpg,/gastronomia/umai,assets/js/bulk-photo-references.js; gastronomia/umai/index.html,ruta exacta en inventario y referencia presente en código
restaurantes/aprazivel/restaurante-aprazivel polvo.jpg,/gastronomia/aprazivel,assets/js/bulk-photo-references.js; gastronomia/aprazivel/index.html,ruta exacta en inventario y referencia presente en código
restaurantes/aprazivel/aprazivel camarao risoto.jpg,/gastronomia/aprazivel,assets/js/bulk-photo-references.js; gastronomia/aprazivel/index.html,ruta exacta en inventario y referencia presente en código
restaurantes/aprazivel/aprazivel 2.jpg,/gastronomia/aprazivel,assets/js/bulk-photo-references.js; gastronomia/aprazivel/index.html,ruta exacta en inventario y referencia presente en código
restaurantes/aprazivel/aprazivel sobremesa.jpg,/gastronomia/aprazivel,assets/js/bulk-photo-references.js; gastronomia/aprazivel/index.html,ruta exacta en inventario y referencia presente en código
restaurantes/aprazivel/aprazivel sobremsa.jpg,/gastronomia/aprazivel,assets/js/bulk-photo-references.js; gastronomia/aprazivel/index.html,ruta exacta en inventario y referencia presente en código
restaurantes/aprazivel/restaurante-aprazivel.jpg,/gastronomia/aprazivel,assets/js/bulk-photo-references.js; gastronomia/aprazivel/index.html,ruta exacta en inventario y referencia presente en código
restaurantes/aprazivel/aprazivel vista.jpg,/gastronomia/aprazivel,assets/js/bulk-photo-references.js; gastronomia/aprazivel/index.html,ruta exacta en inventario y referencia presente en código
restaurantes/aprazivel/aprazivel lindo aprazivel.jpg,/gastronomia/aprazivel,assets/js/bulk-photo-references.js; gastronomia/aprazivel/index.html,ruta exacta en inventario y referencia presente en código
restaurantes/aprazivel/aprazivel as.jpg,/gastronomia/aprazivel,assets/js/bulk-photo-references.js; gastronomia/aprazivel/index.html,ruta exacta en inventario y referencia presente en código
restaurantes/Amendoeira/restaurante-amendoeira2.jpg,/gastronomia/amendoeira,assets/js/bulk-photo-references.js; gastronomia/amendoeira/index.html,ruta exacta en inventario y referencia presente en código
restaurantes/Amendoeira/restaurante-amendoeira1.jpg,/gastronomia/amendoeira,assets/js/bulk-photo-references.js; gastronomia/amendoeira/index.html,ruta exacta en inventario y referencia presente en código
restaurantes/Amendoeira/Amendoeira3.jpg,/gastronomia/amendoeira,assets/js/bulk-photo-references.js; gastronomia/amendoeira/index.html,ruta exacta en inventario y referencia presente en código
restaurantes/Amendoeira/Amendoeira4.jpg,/gastronomia/amendoeira,assets/js/bulk-photo-references.js; gastronomia/amendoeira/index.html,ruta exacta en inventario y referencia presente en código
ARTE Y CULTURA/FORTES/FORTALEZA CONCEICAO/FOTALEZA CONCEICAO (2).jpg,/cultura/fortaleza-conceicao,assets/js/bulk-photo-references.js; cultura/fortaleza-conceicao/index.html,ruta exacta en inventario y referencia presente en código
ARTE Y CULTURA/FORTES/FORTALEZA CONCEICAO/FOTALEZA CONCEICAO (3).jpg,/cultura/fortaleza-conceicao,assets/js/bulk-photo-references.js; cultura/fortaleza-conceicao/index.html,ruta exacta en inventario y referencia presente en código
ARTE Y CULTURA/FORTES/FORTALEZA CONCEICAO/FOTALEZA CONCEICAO (1).jpg,/cultura/fortaleza-conceicao,assets/js/bulk-photo-references.js; cultura/fortaleza-conceicao/index.html,ruta exacta en inventario y referencia presente en código
ARTE Y CULTURA/FORTES/FORTALEZA CONCEICAO/FOTALEZA CONCEICAO (4).jpg,/cultura/fortaleza-conceicao,assets/js/bulk-photo-references.js; cultura/fortaleza-conceicao/index.html,ruta exacta en inventario y referencia presente en código
ARTE Y CULTURA/espacios culturales/HELIO-OITICICA/HELIO-OITICICA.jpeg,/cultura/helio-oiticica,assets/js/bulk-photo-references.js; cultura/helio-oiticica/index.html,ruta exacta en inventario y referencia presente en código
ARTE Y CULTURA/espacios culturales/HELIO-OITICICA/helio 3.jpg,/cultura/helio-oiticica,assets/js/bulk-photo-references.js; cultura/helio-oiticica/index.html,ruta exacta en inventario y referencia presente en código
ARTE Y CULTURA/espacios culturales/HELIO-OITICICA/helio 2.jpg,/cultura/helio-oiticica,assets/js/bulk-photo-references.js; cultura/helio-oiticica/index.html,ruta exacta en inventario y referencia presente en código
ARTE Y CULTURA/espacios culturales/ccbb/ccbb1.jpg,/cultura/ccbb,assets/js/bulk-photo-references.js; cultura/ccbb/index.html,ruta exacta en inventario y referencia presente en código
ARTE Y CULTURA/espacios culturales/ccbb/ccbb2.jpg,/cultura/ccbb,assets/js/bulk-photo-references.js; cultura/ccbb/index.html,ruta exacta en inventario y referencia presente en código
ARTE Y CULTURA/espacios culturales/ccbb/ccbb3.jpg,/cultura/ccbb,assets/js/bulk-photo-references.js; cultura/ccbb/index.html,ruta exacta en inventario y referencia presente en código
ARTE Y CULTURA/espacios culturales/jose bonifacio/jose bonitacio 2.jpg,/cultura/jose-bonifacio,assets/js/bulk-photo-references.js; cultura/jose-bonifacio/index.html,ruta exacta en inventario y referencia presente en código
ARTE Y CULTURA/espacios culturales/jose bonifacio/Jose-Bonifacio 2.jpg,/cultura/jose-bonifacio,assets/js/bulk-photo-references.js; cultura/jose-bonifacio/index.html,ruta exacta en inventario y referencia presente en código
ARTE Y CULTURA/espacios culturales/jose bonifacio/jose bonitacio 3.jpg,/cultura/jose-bonifacio,assets/js/bulk-photo-references.js; cultura/jose-bonifacio/index.html,ruta exacta en inventario y referencia presente en código
COMPRAS/comercio populaer/cadeg/cadeg3.jpg,/compras/cadeg,assets/js/bulk-photo-references.js; compras/cadeg/index.html,ruta exacta en inventario y referencia presente en código
COMPRAS/comercio populaer/cadeg/cadeg5.jpg,/compras/cadeg,assets/js/bulk-photo-references.js; compras/cadeg/index.html,ruta exacta en inventario y referencia presente en código
COMPRAS/comercio populaer/cadeg/cadeg34gf.jpg,/compras/cadeg,assets/js/bulk-photo-references.js; compras/cadeg/index.html,ruta exacta en inventario y referencia presente en código
COMPRAS/comercio populaer/cadeg/cadeg34d.jpg,/compras/cadeg,assets/js/bulk-photo-references.js; compras/cadeg/index.html,ruta exacta en inventario y referencia presente en código
COMPRAS/comercio populaer/cadeg/cadeg 1.jpg,/compras/cadeg,assets/js/bulk-photo-references.js; compras/cadeg/index.html,ruta exacta en inventario y referencia presente en código
COMPRAS/comercio populaer/cadeg/cadeg 2.jpg,/compras/cadeg,assets/js/bulk-photo-references.js; compras/cadeg/index.html,ruta exacta en inventario y referencia presente en código
COMPRAS/comercio populaer/cadeg/cadeg34.jpg,/compras/cadeg,assets/js/bulk-photo-references.js; compras/cadeg/index.html,ruta exacta en inventario y referencia presente en código
COMPRAS/comercio populaer/cadeg/cadeg 3.webp,/compras/cadeg,assets/js/bulk-photo-references.js; compras/cadeg/index.html,ruta exacta en inventario y referencia presente en código
COMPRAS/comercio populaer/cadeg/cadeg5sd.jpg,/compras/cadeg,assets/js/bulk-photo-references.js; compras/cadeg/index.html,ruta exacta en inventario y referencia presente en código
COMPRAS/comercio populaer/saara/COMERCIO POPULAR SAARA (3).jpg,/compras/saara,assets/js/bulk-photo-references.js; compras/saara/index.html,ruta exacta en inventario y referencia presente en código
COMPRAS/comercio populaer/saara/COMERCIO POPULAR SAARA (6).jpg,/compras/saara,assets/js/bulk-photo-references.js; compras/saara/index.html,ruta exacta en inventario y referencia presente en código
COMPRAS/comercio populaer/saara/COMERCIO POPULAR SAARA (5).jpg,/compras/saara,assets/js/bulk-photo-references.js; compras/saara/index.html,ruta exacta en inventario y referencia presente en código
COMPRAS/comercio populaer/saara/saara portada.jpg,/compras/saara,assets/js/bulk-photo-references.js; compras/saara/index.html,ruta exacta en inventario y referencia presente en código
COMPRAS/comercio populaer/saara/COMERCIO POPULAR SAARA (2).JPG,/compras/saara,assets/js/bulk-photo-references.js; compras/saara/index.html,ruta exacta en inventario y referencia presente en código
COMPRAS/comercio populaer/saara/COMERCIO POPULAR SAARA (1).jpg,/compras/saara,assets/js/bulk-photo-references.js; compras/saara/index.html,ruta exacta en inventario y referencia presente en código
COMPRAS/comercio populaer/saara/COMERCIO POPULAR SAARA (4).jpg,/compras/saara,assets/js/bulk-photo-references.js; compras/saara/index.html,ruta exacta en inventario y referencia presente en código
COMPRAS/shopping/village mall/village mall 2.jpg,/compras/village-mall,assets/js/bulk-photo-references.js; compras/village-mall/index.html,ruta exacta en inventario y referencia presente en código
COMPRAS/shopping/village mall/village mall dior.jpg,/compras/village-mall,assets/js/bulk-photo-references.js; compras/village-mall/index.html,ruta exacta en inventario y referencia presente en código
COMPRAS/shopping/village mall/shopping-village-mall PORT.jpg,/compras/village-mall,assets/js/bulk-photo-references.js; compras/village-mall/index.html,ruta exacta en inventario y referencia presente en código
COMPRAS/shopping/village mall/village mal resto  fuera.jpg,/compras/village-mall,assets/js/bulk-photo-references.js; compras/village-mall/index.html,ruta exacta en inventario y referencia presente en código
COMPRAS/shopping/village mall/village mall gucci.jpg,/compras/village-mall,assets/js/bulk-photo-references.js; compras/village-mall/index.html,ruta exacta en inventario y referencia presente en código
COMPRAS/shopping/village mall/village mall dg.jpg,/compras/village-mall,assets/js/bulk-photo-references.js; compras/village-mall/index.html,ruta exacta en inventario y referencia presente en código
COMPRAS/shopping/village mall/village mal fuera.jpg,/compras/village-mall,assets/js/bulk-photo-references.js; compras/village-mall/index.html,ruta exacta en inventario y referencia presente en código
COMPRAS/shopping/village mall/village mall.jpg,/compras/village-mall,assets/js/bulk-photo-references.js; compras/village-mall/index.html,ruta exacta en inventario y referencia presente en código
COMPRAS/shopping/shopping leblon/SHOPPING LEBLON (2).jpg,/compras/shopping-leblon,assets/js/bulk-photo-references.js; compras/shopping-leblon/index.html,ruta exacta en inventario y referencia presente en código
COMPRAS/shopping/shopping leblon/SHOPPING LEBLON PORT.jpg,/compras/shopping-leblon,assets/js/bulk-photo-references.js; compras/shopping-leblon/index.html,ruta exacta en inventario y referencia presente en código
COMPRAS/shopping/shopping leblon/SHOPPING LEBLON (3).jpg,/compras/shopping-leblon,assets/js/bulk-photo-references.js; compras/shopping-leblon/index.html,ruta exacta en inventario y referencia presente en código
COMPRAS/shopping/shopping leblon/SHOPPING LEBLON (6).jpg,/compras/shopping-leblon,assets/js/bulk-photo-references.js; compras/shopping-leblon/index.html,ruta exacta en inventario y referencia presente en código
COMPRAS/shopping/shopping leblon/SHOPPING LEBLON (5).jpg,/compras/shopping-leblon,assets/js/bulk-photo-references.js; compras/shopping-leblon/index.html,ruta exacta en inventario y referencia presente en código
COMPRAS/shopping/shopping leblon/SHOPPING LEBLON (4).jpg,/compras/shopping-leblon,assets/js/bulk-photo-references.js; compras/shopping-leblon/index.html,ruta exacta en inventario y referencia presente en código
COMPRAS/shopping/shopping leblon/SHOPPING LEBLON (7).jpg,/compras/shopping-leblon,assets/js/bulk-photo-references.js; compras/shopping-leblon/index.html,ruta exacta en inventario y referencia presente en código
COMPRAS/shopping/botafogo praia shopping/BOTAGOFO PRAIA SHOPPING (2).jpg,/compras/botafogo-praia-shopping,assets/js/bulk-photo-references.js; compras/botafogo-praia-shopping/index.html,ruta exacta en inventario y referencia presente en código
COMPRAS/shopping/botafogo praia shopping/BOTAGOFO PRAIA SHOPPING (7).jpg,/compras/botafogo-praia-shopping,assets/js/bulk-photo-references.js; compras/botafogo-praia-shopping/index.html,ruta exacta en inventario y referencia presente en código
COMPRAS/shopping/botafogo praia shopping/BOTAGOFO PRAIA SHOPPING (3).jpg,/compras/botafogo-praia-shopping,assets/js/bulk-photo-references.js; compras/botafogo-praia-shopping/index.html,ruta exacta en inventario y referencia presente en código
COMPRAS/shopping/botafogo praia shopping/BOTAGOFO PRAIA SHOPPING (6).jpg,/compras/botafogo-praia-shopping,assets/js/bulk-photo-references.js; compras/botafogo-praia-shopping/index.html,ruta exacta en inventario y referencia presente en código
COMPRAS/shopping/botafogo praia shopping/BOTAGOFO PRAIA SHOPPING (4).jpg,/compras/botafogo-praia-shopping,assets/js/bulk-photo-references.js; compras/botafogo-praia-shopping/index.html,ruta exacta en inventario y referencia presente en código
COMPRAS/shopping/botafogo praia shopping/BOTAGOFO PRAIA SHOPPING PORT.jpg,/compras/botafogo-praia-shopping,assets/js/bulk-photo-references.js; compras/botafogo-praia-shopping/index.html,ruta exacta en inventario y referencia presente en código
COMPRAS/shopping/botafogo praia shopping/BOTAGOFO PRAIA SHOPPING (5).jpg,/compras/botafogo-praia-shopping,assets/js/bulk-photo-references.js; compras/botafogo-praia-shopping/index.html,ruta exacta en inventario y referencia presente en código
COMPRAS/ferias/Feira das Yabás/Feira das Yabás 7.jpg,/compras/feira-das-yabas,assets/js/bulk-photo-references.js; compras/feira-das-yabas/index.html,ruta exacta en inventario y referencia presente en código
COMPRAS/ferias/Feira das Yabás/Feira das Yabás 6.jpg,/compras/feira-das-yabas,assets/js/bulk-photo-references.js; compras/feira-das-yabas/index.html,ruta exacta en inventario y referencia presente en código
COMPRAS/ferias/Feira das Yabás/Feira das Yabás 5.jpg,/compras/feira-das-yabas,assets/js/bulk-photo-references.js; compras/feira-das-yabas/index.html,ruta exacta en inventario y referencia presente en código
COMPRAS/ferias/Feira das Yabás/Feira das Yabás 3.jpg,/compras/feira-das-yabas,assets/js/bulk-photo-references.js; compras/feira-das-yabas/index.html,ruta exacta en inventario y referencia presente en código
COMPRAS/ferias/Feira das Yabás/Feira das Yabás 4.jpg,/compras/feira-das-yabas,assets/js/bulk-photo-references.js; compras/feira-das-yabas/index.html,ruta exacta en inventario y referencia presente en código
COMPRAS/ferias/Feira das Yabás/Feira das Yabás 2.jpg,/compras/feira-das-yabas,assets/js/bulk-photo-references.js; compras/feira-das-yabas/index.html,ruta exacta en inventario y referencia presente en código
transportes/VLT/vlt_Rio.jpg,/transportes/vlt,assets/js/bulk-photo-references.js; transportes/vlt/index.html,ruta exacta en inventario y referencia presente en código
transportes/VLT/mapa-vlt.jpg,/transportes/vlt,assets/js/bulk-photo-references.js,ruta exacta en inventario y referencia presente en código
transportes/VLT/VLT.jpg,/transportes/vlt,assets/js/bulk-photo-references.js; transportes/vlt/index.html,ruta exacta en inventario y referencia presente en código
transportes/TRANSPORTES miniatura VLT CARIOCA.jpg,/transportes/vlt,assets/js/bulk-photo-references.js,ruta exacta en inventario y referencia presente en código
transportes/METRO/metro PORTADA.jpg,/transportes/metro,assets/js/bulk-photo-references.js; transportes/metro/index.html,ruta exacta en inventario y referencia presente en código
transportes/METRO/METRORIO MAPA2.jpg,/transportes/metro,assets/js/bulk-photo-references.js,ruta exacta en inventario y referencia presente en código
transportes/METRO/DIAGRAMA METRO.jpg,/transportes/metro,assets/js/bulk-photo-references.js,ruta exacta en inventario y referencia presente en código
transportes/METRO/METRORIO LINHA 2 VERDE.png,/transportes/metro,assets/js/bulk-photo-references.js,ruta exacta en inventario y referencia presente en código
transportes/METRO/LINHA 1 METRO RIO.jpg,/transportes/metro,assets/js/bulk-photo-references.js; transportes/metro/index.html,ruta exacta en inventario y referencia presente en código
transportes/METRO/LINHA 2  METRO RIO.jpg,/transportes/metro,assets/js/bulk-photo-references.js; transportes/metro/index.html,ruta exacta en inventario y referencia presente en código
transportes/METRO/LINHA 4  METRO RIO.jpg,/transportes/metro,assets/js/bulk-photo-references.js; transportes/metro/index.html,ruta exacta en inventario y referencia presente en código
transportes/METRO/METRORIO MAPA.jpg,/transportes/metro,assets/js/bulk-photo-references.js; transportes/metro/index.html,ruta exacta en inventario y referencia presente en código
transportes/TRANSPORTE PRIVADO/trasnporte privado.jpg,/transportes/transporte-privado,assets/js/bulk-photo-references.js; transportes/transporte-privado/index.html,ruta exacta en inventario y referencia presente en código
transportes/TRANSPORTE MINIATURA TRANSPORTE PRIVADO.jpg,/transportes/transporte-privado,assets/js/bulk-photo-references.js,ruta exacta en inventario y referencia presente en código
transportes/BRT/MAPA BRT.jpg,/transportes/brt,assets/js/bulk-photo-references.js,ruta exacta en inventario y referencia presente en código
transportes/BRT/Rio_de_Janeiro4_BRT_system_smart_cities_Optibus_PR_rt.jpg,/transportes/brt,assets/js/bulk-photo-references.js,ruta exacta en inventario y referencia presente en código
transportes/BRT/onibus-brt-rio-de-janeiro.jpg,/transportes/brt,assets/js/bulk-photo-references.js; transportes/brt/index.html,ruta exacta en inventario y referencia presente en código
transportes/BRT/brt-amarelo.png,/transportes/brt,assets/js/bulk-photo-references.js; transportes/brt/index.html,ruta exacta en inventario y referencia presente en código
transportes/TRANSPORTES MINIATURA brt.jpg,/transportes/brt,assets/js/bulk-photo-references.js,ruta exacta en inventario y referencia presente en código
transportes/UBER/uber transporte 2.jpg,/transportes/uber,assets/js/bulk-photo-references.js; transportes/uber/index.html,ruta exacta en inventario y referencia presente en código
transportes/UBER/uber tt (2).jpg,/transportes/uber,assets/js/bulk-photo-references.js; transportes/uber/index.html,ruta exacta en inventario y referencia presente en código
transportes/UBER/uber transoorte 1.jpeg,/transportes/uber,assets/js/bulk-photo-references.js; transportes/uber/index.html,ruta exacta en inventario y referencia presente en código
transportes/UBER/uber trnasporte 2.webp,/transportes/uber,assets/js/bulk-photo-references.js; transportes/uber/index.html,ruta exacta en inventario y referencia presente en código
transportes/TRANSPORTES miniatura uber.jpg,/transportes/uber,assets/js/bulk-photo-references.js,ruta exacta en inventario y referencia presente en código
transportes/ONIBUS/transporte micro.jpg,/transportes/onibus,assets/js/bulk-photo-references.js; transportes/onibus/index.html,ruta exacta en inventario y referencia presente en código
transportes/TRANSPORTE MINIATURA AUTOBUS.jpg,/transportes/onibus,assets/js/bulk-photo-references.js,ruta exacta en inventario y referencia presente en código
EXPERIENCIAS/PEQUEÑA AFRICA/pedra-do-sal-pequena-africa.jpg,/experiencias/pequena-africa,assets/js/bulk-photo-references.js; experiencias/pequena-africa/index.html,ruta exacta en inventario y referencia presente en código
EXPERIENCIAS/ROCINHA/EXPERIENCIA ROCINHA (1).jpg,/experiencias/rocinha,assets/js/bulk-photo-references.js; experiencias/rocinha/index.html,ruta exacta en inventario y referencia presente en código
EXPERIENCIAS/ROCINHA/EXPERIENCIA ROCINHA (1).JPEG,/experiencias/rocinha,assets/js/bulk-photo-references.js; experiencias/rocinha/index.html,ruta exacta en inventario y referencia presente en código
EXPERIENCIAS/ROCINHA/EXPERIENCIA ROCINHA 10.jpg,/experiencias/rocinha,assets/js/bulk-photo-references.js; experiencias/rocinha/index.html,ruta exacta en inventario y referencia presente en código
EXPERIENCIAS/MORRO DOIS IRMAOS/MORRO DOIS IRMAOS (6).jpg,/experiencias/morro-dois-irmaos,assets/js/bulk-photo-references.js; experiencias/morro-dois-irmaos/index.html,ruta exacta en inventario y referencia presente en código
EXPERIENCIAS/MORRO DOIS IRMAOS/MORRO DOIS IRMAOS (13).jpg,/experiencias/morro-dois-irmaos,assets/js/bulk-photo-references.js; experiencias/morro-dois-irmaos/index.html,ruta exacta en inventario y referencia presente en código
EXPERIENCIAS/MORRO DOIS IRMAOS/MORRO DOIS IRMAOS (8).jpg,/experiencias/morro-dois-irmaos,assets/js/bulk-photo-references.js; experiencias/morro-dois-irmaos/index.html,ruta exacta en inventario y referencia presente en código
EXPERIENCIAS/MORRO DOIS IRMAOS/MORRO DOIS IRMAOS (9).jpg,/experiencias/morro-dois-irmaos,assets/js/bulk-photo-references.js; experiencias/morro-dois-irmaos/index.html,ruta exacta en inventario y referencia presente en código
EXPERIENCIAS/MORRO DOIS IRMAOS/MORRO DOIS IRMAOS (7).jpg,/experiencias/morro-dois-irmaos,assets/js/bulk-photo-references.js; experiencias/morro-dois-irmaos/index.html,ruta exacta en inventario y referencia presente en código
EXPERIENCIAS/MORRO DOIS IRMAOS/MORRO DOIS IRMAOS (3).jpg,/experiencias/morro-dois-irmaos,assets/js/bulk-photo-references.js; experiencias/morro-dois-irmaos/index.html,ruta exacta en inventario y referencia presente en código
EXPERIENCIAS/MORRO DOIS IRMAOS/MORRO DOIS IRMAOS (12).jpg,/experiencias/morro-dois-irmaos,assets/js/bulk-photo-references.js; experiencias/morro-dois-irmaos/index.html,ruta exacta en inventario y referencia presente en código
EXPERIENCIAS/MORRO DOIS IRMAOS/MORRO DOIS IRMAOS (10).jpg,/experiencias/morro-dois-irmaos,assets/js/bulk-photo-references.js; experiencias/morro-dois-irmaos/index.html,ruta exacta en inventario y referencia presente en código
EXPERIENCIAS/MORRO DOIS IRMAOS/MORRO DOIS IRMAOS (2).jpg,/experiencias/morro-dois-irmaos,assets/js/bulk-photo-references.js; experiencias/morro-dois-irmaos/index.html,ruta exacta en inventario y referencia presente en código
EXPERIENCIAS/MORRO DOIS IRMAOS/MORRO DOIS IRMAOS (5).jpg,/experiencias/morro-dois-irmaos,assets/js/bulk-photo-references.js; experiencias/morro-dois-irmaos/index.html,ruta exacta en inventario y referencia presente en código
EXPERIENCIAS/MORRO DOIS IRMAOS/MORRO DOIS IRMAOS (11).jpg,/experiencias/morro-dois-irmaos,assets/js/bulk-photo-references.js; experiencias/morro-dois-irmaos/index.html,ruta exacta en inventario y referencia presente en código
EXPERIENCIAS/MORRO DOIS IRMAOS/MORRO DOIS IRMAOS (1).jpg,/experiencias/morro-dois-irmaos,assets/js/bulk-photo-references.js; experiencias/morro-dois-irmaos/index.html,ruta exacta en inventario y referencia presente en código
EXPERIENCIAS/MORRO DOIS IRMAOS/MORRO DOIS IRMAOS (4).jpg,/experiencias/morro-dois-irmaos,assets/js/bulk-photo-references.js; experiencias/morro-dois-irmaos/index.html,ruta exacta en inventario y referencia presente en código
FOTOGRAFIA/FOTOGRAFIA MORRO DOIS IRMAOS.jpg,/experiencias/morro-dois-irmaos,assets/js/bulk-photo-references.js,ruta exacta en inventario y referencia presente en código
HOSPEDAJE/AP1015/AP1015 (10).jpeg,/hospedaje/1015,assets/js/bulk-photo-references.js,ruta exacta en inventario y referencia presente en código
HOSPEDAJE/AP1015/AP1015 (13).jpeg,/hospedaje/1015,assets/js/bulk-photo-references.js,ruta exacta en inventario y referencia presente en código
HOSPEDAJE/AP1015/AP1015 (6).jpeg,/hospedaje/1015,assets/js/bulk-photo-references.js,ruta exacta en inventario y referencia presente en código
HOSPEDAJE/AP1015/AP1015 (12).jpeg,/hospedaje/1015,assets/js/bulk-photo-references.js,ruta exacta en inventario y referencia presente en código
HOSPEDAJE/AP1015/AP1015 (3).jpeg,/hospedaje/1015,assets/js/bulk-photo-references.js,ruta exacta en inventario y referencia presente en código
HOSPEDAJE/AP1015/AP1015 (8).jpeg,/hospedaje/1015,assets/js/bulk-photo-references.js,ruta exacta en inventario y referencia presente en código
HOSPEDAJE/AP1015/AP1015 (15).jpeg,/hospedaje/1015,assets/js/bulk-photo-references.js,ruta exacta en inventario y referencia presente en código
HOSPEDAJE/AP1015/PORTADA AP1015.jpeg,/hospedaje/1015,assets/js/bulk-photo-references.js; hospedaje/1015/index.html,ruta exacta en inventario y referencia presente en código
HOSPEDAJE/AP1015/AP1015 (14).jpeg,/hospedaje/1015,assets/js/bulk-photo-references.js,ruta exacta en inventario y referencia presente en código
HOSPEDAJE/AP1015/AP1015 (7).jpeg,/hospedaje/1015,assets/js/bulk-photo-references.js,ruta exacta en inventario y referencia presente en código
HOSPEDAJE/AP1015/AP1015 (16).jpeg,/hospedaje/1015,assets/js/bulk-photo-references.js,ruta exacta en inventario y referencia presente en código
HOSPEDAJE/AP1015/AP1015 (4).jpeg,/hospedaje/1015,assets/js/bulk-photo-references.js,ruta exacta en inventario y referencia presente en código
HOSPEDAJE/AP1015/AP1015 (1).jpeg,/hospedaje/1015,assets/js/bulk-photo-references.js; hospedaje/1015/index.html,ruta exacta en inventario y referencia presente en código
HOSPEDAJE/AP1015/AP1015 (17).jpeg,/hospedaje/1015,assets/js/bulk-photo-references.js,ruta exacta en inventario y referencia presente en código
HOSPEDAJE/AP1015/AP1015 (9).jpeg,/hospedaje/1015,assets/js/bulk-photo-references.js,ruta exacta en inventario y referencia presente en código
HOSPEDAJE/AP1015/AP1015 (2).jpeg,/hospedaje/1015,assets/js/bulk-photo-references.js,ruta exacta en inventario y referencia presente en código
HOSPEDAJE/AP1015/AP1015 (11).jpeg,/hospedaje/1015,assets/js/bulk-photo-references.js,ruta exacta en inventario y referencia presente en código
HOSPEDAJE/AP1015/AP1015 (5).jpeg,/hospedaje/1015,assets/js/bulk-photo-references.js,ruta exacta en inventario y referencia presente en código
HOSPEDAJE/AP 54/AP54 (2).JPG,/hospedaje/54,assets/js/bulk-photo-references.js,ruta exacta en inventario y referencia presente en código
HOSPEDAJE/AP 54/AP54 (9).JPG,/hospedaje/54,assets/js/bulk-photo-references.js,ruta exacta en inventario y referencia presente en código
HOSPEDAJE/AP 54/AP54 (11).JPG,/hospedaje/54,assets/js/bulk-photo-references.js,ruta exacta en inventario y referencia presente en código
HOSPEDAJE/AP 54/AP54 (17).JPG,/hospedaje/54,assets/js/bulk-photo-references.js,ruta exacta en inventario y referencia presente en código
HOSPEDAJE/AP 54/AP54 (4).JPG,/hospedaje/54,assets/js/bulk-photo-references.js,ruta exacta en inventario y referencia presente en código
HOSPEDAJE/AP 54/AP54 (19).JPG,/hospedaje/54,assets/js/bulk-photo-references.js,ruta exacta en inventario y referencia presente en código
HOSPEDAJE/AP 54/AP54  PORTADA.jpg,/hospedaje/54,assets/js/bulk-photo-references.js,ruta exacta en inventario y referencia presente en código
HOSPEDAJE/AP 54/AP54 (12).JPG,/hospedaje/54,assets/js/bulk-photo-references.js,ruta exacta en inventario y referencia presente en código
HOSPEDAJE/AP 54/AP54 (6).JPG,/hospedaje/54,assets/js/bulk-photo-references.js,ruta exacta en inventario y referencia presente en código
HOSPEDAJE/AP 54/AP54 (18).JPG,/hospedaje/54,assets/js/bulk-photo-references.js,ruta exacta en inventario y referencia presente en código
HOSPEDAJE/AP 54/AP54 (1).JPG,/hospedaje/54,assets/js/bulk-photo-references.js,ruta exacta en inventario y referencia presente en código
HOSPEDAJE/AP 54/AP54 (13).JPG,/hospedaje/54,assets/js/bulk-photo-references.js,ruta exacta en inventario y referencia presente en código
HOSPEDAJE/AP 54/AP54 (20).JPG,/hospedaje/54,assets/js/bulk-photo-references.js,ruta exacta en inventario y referencia presente en código
HOSPEDAJE/AP 54/AP54 (10).JPG,/hospedaje/54,assets/js/bulk-photo-references.js,ruta exacta en inventario y referencia presente en código
HOSPEDAJE/AP 54/AP54 (8).JPG,/hospedaje/54,assets/js/bulk-photo-references.js,ruta exacta en inventario y referencia presente en código
HOSPEDAJE/AP 54/AP54 (16).JPG,/hospedaje/54,assets/js/bulk-photo-references.js,ruta exacta en inventario y referencia presente en código
HOSPEDAJE/AP 54/AP54 (21).JPG,/hospedaje/54,assets/js/bulk-photo-references.js,ruta exacta en inventario y referencia presente en código
HOSPEDAJE/AP 54/AP54 (3).JPG,/hospedaje/54,assets/js/bulk-photo-references.js,ruta exacta en inventario y referencia presente en código
HOSPEDAJE/AP 54/AP54 (14).JPG,/hospedaje/54,assets/js/bulk-photo-references.js,ruta exacta en inventario y referencia presente en código
HOSPEDAJE/AP 54/AP54 (15).JPG,/hospedaje/54,assets/js/bulk-photo-references.js,ruta exacta en inventario y referencia presente en código
HOSPEDAJE/AP 54/AP54 (5).JPG,/hospedaje/54,assets/js/bulk-photo-references.js,ruta exacta en inventario y referencia presente en código
HOSPEDAJE/AP 54/AP54 (7).JPG,/hospedaje/54,assets/js/bulk-photo-references.js,ruta exacta en inventario y referencia presente en código
HOSPEDAJE/AP605/PORTADA AP 605.jpeg,/hospedaje/605,assets/js/bulk-photo-references.js; hospedaje/605/index.html,ruta exacta en inventario y referencia presente en código
HOSPEDAJE/AP605/ap 605 bolivar (13).jpg,/hospedaje/605,assets/js/bulk-photo-references.js,ruta exacta en inventario y referencia presente en código
HOSPEDAJE/AP605/ap 605 bolivar (12).jpg,/hospedaje/605,assets/js/bulk-photo-references.js,ruta exacta en inventario y referencia presente en código
HOSPEDAJE/AP605/ap 605 bolivar (11).jpg,/hospedaje/605,assets/js/bulk-photo-references.js,ruta exacta en inventario y referencia presente en código
HOSPEDAJE/AP605/ap 605 bolivar (18).jpg,/hospedaje/605,assets/js/bulk-photo-references.js,ruta exacta en inventario y referencia presente en código
HOSPEDAJE/AP605/ap 605 bolivar (20).jpg,/hospedaje/605,assets/js/bulk-photo-references.js,ruta exacta en inventario y referencia presente en código
HOSPEDAJE/AP605/ap 605 bolivar (14).jpg,/hospedaje/605,assets/js/bulk-photo-references.js,ruta exacta en inventario y referencia presente en código
HOSPEDAJE/AP605/ap 605 bolivar (17).jpg,/hospedaje/605,assets/js/bulk-photo-references.js,ruta exacta en inventario y referencia presente en código
HOSPEDAJE/AP605/ap 605 bolivar (10).jpg,/hospedaje/605,assets/js/bulk-photo-references.js,ruta exacta en inventario y referencia presente en código
HOSPEDAJE/AP605/ap 605 bolivar (5).jpg,/hospedaje/605,assets/js/bulk-photo-references.js,ruta exacta en inventario y referencia presente en código
HOSPEDAJE/AP605/ap 605 bolivar (1).jpg,/hospedaje/605,assets/js/bulk-photo-references.js; hospedaje/605/index.html,ruta exacta en inventario y referencia presente en código
HOSPEDAJE/AP605/ap 605 bolivar (7).jpg,/hospedaje/605,assets/js/bulk-photo-references.js,ruta exacta en inventario y referencia presente en código
HOSPEDAJE/AP605/ap 605 bolivar (19).jpg,/hospedaje/605,assets/js/bulk-photo-references.js,ruta exacta en inventario y referencia presente en código
HOSPEDAJE/AP605/ap 605 bolivar (22).jpg,/hospedaje/605,assets/js/bulk-photo-references.js,ruta exacta en inventario y referencia presente en código
HOSPEDAJE/AP605/ap 605 bolivar (16).jpg,/hospedaje/605,assets/js/bulk-photo-references.js,ruta exacta en inventario y referencia presente en código
HOSPEDAJE/AP605/ap 605 bolivar (2).jpg,/hospedaje/605,assets/js/bulk-photo-references.js,ruta exacta en inventario y referencia presente en código
HOSPEDAJE/AP605/ap 605 bolivar (21).jpg,/hospedaje/605,assets/js/bulk-photo-references.js,ruta exacta en inventario y referencia presente en código
HOSPEDAJE/AP605/ap 605 bolivar (4).jpg,/hospedaje/605,assets/js/bulk-photo-references.js,ruta exacta en inventario y referencia presente en código
HOSPEDAJE/AP605/ap 605 bolivar (23).jpg,/hospedaje/605,assets/js/bulk-photo-references.js,ruta exacta en inventario y referencia presente en código
HOSPEDAJE/AP605/ap 605 bolivar (15).jpg,/hospedaje/605,assets/js/bulk-photo-references.js,ruta exacta en inventario y referencia presente en código
HOSPEDAJE/AP605/ap 605 bolivar (3).jpg,/hospedaje/605,assets/js/bulk-photo-references.js,ruta exacta en inventario y referencia presente en código
HOSPEDAJE/AP605/ap 605 bolivar (9).jpg,/hospedaje/605,assets/js/bulk-photo-references.js,ruta exacta en inventario y referencia presente en código
HOSPEDAJE/AP605/ap 605 bolivar (8).jpg,/hospedaje/605,assets/js/bulk-photo-references.js,ruta exacta en inventario y referencia presente en código
HOSPEDAJE/AP605/ap 605 bolivar (26).jpg,/hospedaje/605,assets/js/bulk-photo-references.js,ruta exacta en inventario y referencia presente en código
HOSPEDAJE/AP605/ap 605 bolivar (24).jpg,/hospedaje/605,assets/js/bulk-photo-references.js,ruta exacta en inventario y referencia presente en código
HOSPEDAJE/AP805/PORTADA AP805.jpeg,/hospedaje/805,assets/js/bulk-photo-references.js; hospedaje/805/index.html,ruta exacta en inventario y referencia presente en código
HOSPEDAJE/AP 12212/AP1221 (15).jpeg,/hospedaje/1221,assets/js/bulk-photo-references.js,ruta exacta en inventario y referencia presente en código
HOSPEDAJE/AP 12212/AP1221 (25).jpeg,/hospedaje/1221,assets/js/bulk-photo-references.js,ruta exacta en inventario y referencia presente en código
HOSPEDAJE/AP 12212/AP1221 (14).jpeg,/hospedaje/1221,assets/js/bulk-photo-references.js,ruta exacta en inventario y referencia presente en código
HOSPEDAJE/AP 12212/AP1221 (16).jpeg,/hospedaje/1221,assets/js/bulk-photo-references.js,ruta exacta en inventario y referencia presente en código
HOSPEDAJE/AP 12212/PORTADA 1221.jpeg,/hospedaje/1221,assets/js/bulk-photo-references.js,ruta exacta en inventario y referencia presente en código
HOSPEDAJE/AP 12212/AP1221 (4).jpeg,/hospedaje/1221,assets/js/bulk-photo-references.js,ruta exacta en inventario y referencia presente en código
HOSPEDAJE/AP 12212/AP1221 (9).jpeg,/hospedaje/1221,assets/js/bulk-photo-references.js,ruta exacta en inventario y referencia presente en código
HOSPEDAJE/AP 12212/AP1221 (24).jpeg,/hospedaje/1221,assets/js/bulk-photo-references.js,ruta exacta en inventario y referencia presente en código
HOSPEDAJE/AP 12212/AP1221 (19).jpeg,/hospedaje/1221,assets/js/bulk-photo-references.js,ruta exacta en inventario y referencia presente en código
HOSPEDAJE/AP 12212/AP1221 (8).jpeg,/hospedaje/1221,assets/js/bulk-photo-references.js,ruta exacta en inventario y referencia presente en código
HOSPEDAJE/AP 12212/AP1221 (2).jpeg,/hospedaje/1221,assets/js/bulk-photo-references.js,ruta exacta en inventario y referencia presente en código
HOSPEDAJE/AP 12212/AP1221 (18).jpeg,/hospedaje/1221,assets/js/bulk-photo-references.js,ruta exacta en inventario y referencia presente en código
HOSPEDAJE/AP 12212/AP1221 (3).jpeg,/hospedaje/1221,assets/js/bulk-photo-references.js,ruta exacta en inventario y referencia presente en código
HOSPEDAJE/AP 12212/AP1221 (12).jpeg,/hospedaje/1221,assets/js/bulk-photo-references.js,ruta exacta en inventario y referencia presente en código
HOSPEDAJE/AP 12212/AP1221 (23).jpeg,/hospedaje/1221,assets/js/bulk-photo-references.js,ruta exacta en inventario y referencia presente en código
HOSPEDAJE/AP 12212/AP1221 (5).jpeg,/hospedaje/1221,assets/js/bulk-photo-references.js,ruta exacta en inventario y referencia presente en código
HOSPEDAJE/AP 12212/AP1221 (7).jpeg,/hospedaje/1221,assets/js/bulk-photo-references.js,ruta exacta en inventario y referencia presente en código
HOSPEDAJE/AP 12212/AP1221 (11).jpeg,/hospedaje/1221,assets/js/bulk-photo-references.js,ruta exacta en inventario y referencia presente en código
HOSPEDAJE/AP 12212/AP1221 (20).jpeg,/hospedaje/1221,assets/js/bulk-photo-references.js,ruta exacta en inventario y referencia presente en código
HOSPEDAJE/AP 12212/AP1221 (13).jpeg,/hospedaje/1221,assets/js/bulk-photo-references.js,ruta exacta en inventario y referencia presente en código
HOSPEDAJE/AP 12212/AP1221 (10).jpeg,/hospedaje/1221,assets/js/bulk-photo-references.js,ruta exacta en inventario y referencia presente en código
HOSPEDAJE/AP 12212/AP1221 (6).jpeg,/hospedaje/1221,assets/js/bulk-photo-references.js,ruta exacta en inventario y referencia presente en código
HOSPEDAJE/AP 12212/AP1221 (1).jpeg,/hospedaje/1221,assets/js/bulk-photo-references.js,ruta exacta en inventario y referencia presente en código
HOSPEDAJE/AP 12212/AP1221 (21).jpeg,/hospedaje/1221,assets/js/bulk-photo-references.js,ruta exacta en inventario y referencia presente en código
HOSPEDAJE/AP 12212/AP1221 (22).jpeg,/hospedaje/1221,assets/js/bulk-photo-references.js,ruta exacta en inventario y referencia presente en código
HOSPEDAJE/AP 12212/AP1221 (17).jpeg,/hospedaje/1221,assets/js/bulk-photo-references.js,ruta exacta en inventario y referencia presente en código
HOSPEDAJE/AP5621/AP621 (15).jpg,/hospedaje/621,assets/js/bulk-photo-references.js,ruta exacta en inventario y referencia presente en código
HOSPEDAJE/AP5621/AP621 (2).jpg,/hospedaje/621,assets/js/bulk-photo-references.js,ruta exacta en inventario y referencia presente en código
HOSPEDAJE/AP5621/AP621 (8).jpg,/hospedaje/621,assets/js/bulk-photo-references.js,ruta exacta en inventario y referencia presente en código
HOSPEDAJE/AP5621/AP621 (5).jpg,/hospedaje/621,assets/js/bulk-photo-references.js,ruta exacta en inventario y referencia presente en código
HOSPEDAJE/AP5621/AP621 (7).jpg,/hospedaje/621,assets/js/bulk-photo-references.js,ruta exacta en inventario y referencia presente en código
HOSPEDAJE/AP5621/AP621 (9).jpg,/hospedaje/621,assets/js/bulk-photo-references.js,ruta exacta en inventario y referencia presente en código
HOSPEDAJE/AP5621/AP621 (14).jpg,/hospedaje/621,assets/js/bulk-photo-references.js,ruta exacta en inventario y referencia presente en código
HOSPEDAJE/AP5621/AP621 (1).jpg,/hospedaje/621,assets/js/bulk-photo-references.js,ruta exacta en inventario y referencia presente en código
HOSPEDAJE/AP5621/AP621 (16).jpg,/hospedaje/621,assets/js/bulk-photo-references.js,ruta exacta en inventario y referencia presente en código
HOSPEDAJE/AP5621/AP621  PORTADA.jpg,/hospedaje/621,assets/js/bulk-photo-references.js,ruta exacta en inventario y referencia presente en código
HOSPEDAJE/AP5621/AP621 (13).jpg,/hospedaje/621,assets/js/bulk-photo-references.js,ruta exacta en inventario y referencia presente en código
HOSPEDAJE/AP5621/AP621 (4).jpg,/hospedaje/621,assets/js/bulk-photo-references.js,ruta exacta en inventario y referencia presente en código
HOSPEDAJE/AP5621/AP621 (10).jpg,/hospedaje/621,assets/js/bulk-photo-references.js,ruta exacta en inventario y referencia presente en código
HOSPEDAJE/AP5621/AP621 (12).jpg,/hospedaje/621,assets/js/bulk-photo-references.js,ruta exacta en inventario y referencia presente en código
HOSPEDAJE/AP5621/AP621 (11).jpg,/hospedaje/621,assets/js/bulk-photo-references.js,ruta exacta en inventario y referencia presente en código
HOSPEDAJE/AP5621/AP621 (3).jpg,/hospedaje/621,assets/js/bulk-photo-references.js,ruta exacta en inventario y referencia presente en código
HOSPEDAJE/AP5621/AP621 (6).jpg,/hospedaje/621,assets/js/bulk-photo-references.js,ruta exacta en inventario y referencia presente en código
HOSPEDAJE/AP 217/AP217 (15).jpeg,/hospedaje/217,assets/js/bulk-photo-references.js,ruta exacta en inventario y referencia presente en código
HOSPEDAJE/AP 217/AP217 (11).jpeg,/hospedaje/217,assets/js/bulk-photo-references.js,ruta exacta en inventario y referencia presente en código
HOSPEDAJE/AP 217/AP217 (1).jpeg,/hospedaje/217,assets/js/bulk-photo-references.js,ruta exacta en inventario y referencia presente en código
HOSPEDAJE/AP 217/AP217 (13).jpeg,/hospedaje/217,assets/js/bulk-photo-references.js,ruta exacta en inventario y referencia presente en código
HOSPEDAJE/AP 217/AP217 (6).jpeg,/hospedaje/217,assets/js/bulk-photo-references.js,ruta exacta en inventario y referencia presente en código
HOSPEDAJE/AP 217/AP217 (5).jpeg,/hospedaje/217,assets/js/bulk-photo-references.js,ruta exacta en inventario y referencia presente en código
HOSPEDAJE/AP 217/AP217 (14).jpeg,/hospedaje/217,assets/js/bulk-photo-references.js,ruta exacta en inventario y referencia presente en código
HOSPEDAJE/AP 217/AP217 (8).jpeg,/hospedaje/217,assets/js/bulk-photo-references.js,ruta exacta en inventario y referencia presente en código
HOSPEDAJE/AP 217/AP217 (7).jpeg,/hospedaje/217,assets/js/bulk-photo-references.js,ruta exacta en inventario y referencia presente en código
HOSPEDAJE/AP 217/AP217 (10).jpeg,/hospedaje/217,assets/js/bulk-photo-references.js,ruta exacta en inventario y referencia presente en código
HOSPEDAJE/AP 217/AP217 (12).jpeg,/hospedaje/217,assets/js/bulk-photo-references.js,ruta exacta en inventario y referencia presente en código
HOSPEDAJE/AP 217/AP217 (2).jpeg,/hospedaje/217,assets/js/bulk-photo-references.js,ruta exacta en inventario y referencia presente en código
HOSPEDAJE/AP 217/AP217 (3).jpeg,/hospedaje/217,assets/js/bulk-photo-references.js,ruta exacta en inventario y referencia presente en código
HOSPEDAJE/AP 217/AP217 (9).jpeg,/hospedaje/217,assets/js/bulk-photo-references.js,ruta exacta en inventario y referencia presente en código
HOSPEDAJE/AP 217/AP217 (17).jpeg,/hospedaje/217,assets/js/bulk-photo-references.js,ruta exacta en inventario y referencia presente en código
HOSPEDAJE/AP 217/AP217 (16).jpeg,/hospedaje/217,assets/js/bulk-photo-references.js,ruta exacta en inventario y referencia presente en código
HOSPEDAJE/AP 217/PORTADA 217.jpeg,/hospedaje/217,assets/js/bulk-photo-references.js,ruta exacta en inventario y referencia presente en código
HOSPEDAJE/AP 217/AP217 (4).jpeg,/hospedaje/217,assets/js/bulk-photo-references.js,ruta exacta en inventario y referencia presente en código
HOSPEDAJE/AP WALDIR/AP 702W (6).JPG,/hospedaje/702,assets/js/bulk-photo-references.js,ruta exacta en inventario y referencia presente en código
HOSPEDAJE/AP WALDIR/AP 702W (8).JPG,/hospedaje/702,assets/js/bulk-photo-references.js,ruta exacta en inventario y referencia presente en código
HOSPEDAJE/AP WALDIR/AP 702W (3).JPG,/hospedaje/702,assets/js/bulk-photo-references.js,ruta exacta en inventario y referencia presente en código
HOSPEDAJE/AP WALDIR/AP 702W (7).JPG,/hospedaje/702,assets/js/bulk-photo-references.js,ruta exacta en inventario y referencia presente en código
HOSPEDAJE/AP WALDIR/portada AP 702.jpg,/hospedaje/702,assets/js/bulk-photo-references.js,ruta exacta en inventario y referencia presente en código
HOSPEDAJE/AP WALDIR/AP 702W (2).JPG,/hospedaje/702,assets/js/bulk-photo-references.js,ruta exacta en inventario y referencia presente en código
HOSPEDAJE/AP WALDIR/AP 702W (1).JPG,/hospedaje/702,assets/js/bulk-photo-references.js,ruta exacta en inventario y referencia presente en código
HOSPEDAJE/AP WALDIR/AP 702W (5).JPG,/hospedaje/702,assets/js/bulk-photo-references.js,ruta exacta en inventario y referencia presente en código
HOSPEDAJE/AP WALDIR/AP 702W (4).JPG,/hospedaje/702,assets/js/bulk-photo-references.js,ruta exacta en inventario y referencia presente en código
HOSPEDAJE/AP1008/ap1008 1 (1).jpg,/hospedaje/1008,assets/js/bulk-photo-references.js; hospedaje/1008/index.html,ruta exacta en inventario y referencia presente en código
HOSPEDAJE/AP1008/ap1008 1 (14).jpg,/hospedaje/1008,assets/js/bulk-photo-references.js,ruta exacta en inventario y referencia presente en código
HOSPEDAJE/AP1008/ap1008 1 (13).jpg,/hospedaje/1008,assets/js/bulk-photo-references.js,ruta exacta en inventario y referencia presente en código
HOSPEDAJE/AP1008/ap1008 1 (5).jpg,/hospedaje/1008,assets/js/bulk-photo-references.js,ruta exacta en inventario y referencia presente en código
HOSPEDAJE/AP1008/ap1008 1 (2).jpg,/hospedaje/1008,assets/js/bulk-photo-references.js,ruta exacta en inventario y referencia presente en código
HOSPEDAJE/AP1008/ap1008 1 (12).jpg,/hospedaje/1008,assets/js/bulk-photo-references.js,ruta exacta en inventario y referencia presente en código
HOSPEDAJE/AP1008/PORTADA AP1008.jpeg,/hospedaje/1008,assets/js/bulk-photo-references.js; hospedaje/1008/index.html,ruta exacta en inventario y referencia presente en código
HOSPEDAJE/AP1008/ap1008 1 (4).jpg,/hospedaje/1008,assets/js/bulk-photo-references.js,ruta exacta en inventario y referencia presente en código
HOSPEDAJE/AP1008/ap1008 1 (10).jpg,/hospedaje/1008,assets/js/bulk-photo-references.js,ruta exacta en inventario y referencia presente en código
HOSPEDAJE/AP1008/ap1008 1 (8).jpg,/hospedaje/1008,assets/js/bulk-photo-references.js,ruta exacta en inventario y referencia presente en código
HOSPEDAJE/AP1008/ap1008 1 (11).jpg,/hospedaje/1008,assets/js/bulk-photo-references.js,ruta exacta en inventario y referencia presente en código
HOSPEDAJE/AP1008/ap1008 1 (3).jpg,/hospedaje/1008,assets/js/bulk-photo-references.js,ruta exacta en inventario y referencia presente en código
HOSPEDAJE/AP1008/ap1008 1 (6).jpg,/hospedaje/1008,assets/js/bulk-photo-references.js,ruta exacta en inventario y referencia presente en código
HOSPEDAJE/AP1008/ap1008 1 (7).jpg,/hospedaje/1008,assets/js/bulk-photo-references.js,ruta exacta en inventario y referencia presente en código
HOSPEDAJE/AP1008/ap1008 1 (9).jpg,/hospedaje/1008,assets/js/bulk-photo-references.js,ruta exacta en inventario y referencia presente en código
HOSPEDAJE/AP1008/ap1008 1 (15).jpg,/hospedaje/1008,assets/js/bulk-photo-references.js,ruta exacta en inventario y referencia presente en código
HOSPEDAJE/casa goia/casa goia (25).jpg,/hospedaje/goia,assets/js/bulk-photo-references.js,ruta exacta en inventario y referencia presente en código
HOSPEDAJE/casa goia/casa goia (11).jpg,/hospedaje/goia,assets/js/bulk-photo-references.js,ruta exacta en inventario y referencia presente en código
HOSPEDAJE/casa goia/casa goia (7).jpg,/hospedaje/goia,assets/js/bulk-photo-references.js,ruta exacta en inventario y referencia presente en código
HOSPEDAJE/casa goia/casa goia (12).jpg,/hospedaje/goia,assets/js/bulk-photo-references.js,ruta exacta en inventario y referencia presente en código
HOSPEDAJE/casa goia/casa goia (22).jpg,/hospedaje/goia,assets/js/bulk-photo-references.js,ruta exacta en inventario y referencia presente en código
HOSPEDAJE/casa goia/casa goia (8).jpg,/hospedaje/goia,assets/js/bulk-photo-references.js,ruta exacta en inventario y referencia presente en código
HOSPEDAJE/casa goia/casa goia (13).jpg,/hospedaje/goia,assets/js/bulk-photo-references.js,ruta exacta en inventario y referencia presente en código
HOSPEDAJE/casa goia/casa goia (15).jpg,/hospedaje/goia,assets/js/bulk-photo-references.js,ruta exacta en inventario y referencia presente en código
HOSPEDAJE/casa goia/casa goia (17).jpg,/hospedaje/goia,assets/js/bulk-photo-references.js,ruta exacta en inventario y referencia presente en código
HOSPEDAJE/casa goia/casa goia (19).jpg,/hospedaje/goia,assets/js/bulk-photo-references.js,ruta exacta en inventario y referencia presente en código
HOSPEDAJE/casa goia/casa goia (9).jpg,/hospedaje/goia,assets/js/bulk-photo-references.js,ruta exacta en inventario y referencia presente en código
HOSPEDAJE/casa goia/casa goia (20).jpg,/hospedaje/goia,assets/js/bulk-photo-references.js,ruta exacta en inventario y referencia presente en código
HOSPEDAJE/casa goia/casa goia (1).jpg,/hospedaje/goia,assets/js/bulk-photo-references.js,ruta exacta en inventario y referencia presente en código
HOSPEDAJE/casa goia/casa goia (18).jpg,/hospedaje/goia,assets/js/bulk-photo-references.js,ruta exacta en inventario y referencia presente en código
HOSPEDAJE/casa goia/casa goia (23).jpg,/hospedaje/goia,assets/js/bulk-photo-references.js,ruta exacta en inventario y referencia presente en código
HOSPEDAJE/casa goia/casa goia (2).jpg,/hospedaje/goia,assets/js/bulk-photo-references.js,ruta exacta en inventario y referencia presente en código
HOSPEDAJE/casa goia/casa goia (5).jpg,/hospedaje/goia,assets/js/bulk-photo-references.js,ruta exacta en inventario y referencia presente en código
HOSPEDAJE/casa goia/casa goia (3).jpg,/hospedaje/goia,assets/js/bulk-photo-references.js,ruta exacta en inventario y referencia presente en código
HOSPEDAJE/casa goia/casa goia (4).jpg,/hospedaje/goia,assets/js/bulk-photo-references.js,ruta exacta en inventario y referencia presente en código
HOSPEDAJE/casa goia/casa goia (24).jpg,/hospedaje/goia,assets/js/bulk-photo-references.js,ruta exacta en inventario y referencia presente en código
HOSPEDAJE/casa goia/casa goia (16).jpg,/hospedaje/goia,assets/js/bulk-photo-references.js,ruta exacta en inventario y referencia presente en código
HOSPEDAJE/casa goia/casa goia (6).jpg,/hospedaje/goia,assets/js/bulk-photo-references.js,ruta exacta en inventario y referencia presente en código
HOSPEDAJE/casa goia/casa goia (21).jpg,/hospedaje/goia,assets/js/bulk-photo-references.js,ruta exacta en inventario y referencia presente en código
HOSPEDAJE/casa goia/casa goia (10).jpg,/hospedaje/goia,assets/js/bulk-photo-references.js,ruta exacta en inventario y referencia presente en código
HOSPEDAJE/casa goia/casa goia (14).jpg,/hospedaje/goia,assets/js/bulk-photo-references.js,ruta exacta en inventario y referencia presente en código
HOSPEDAJE/CASA VENTI/CASA VENTI (1).jpg,/hospedaje/venti,assets/js/bulk-photo-references.js; hospedaje/venti/index.html,ruta exacta en inventario y referencia presente en código
HOSPEDAJE/CASA VENTI/CASA VENTI (33).jpg,/hospedaje/venti,assets/js/bulk-photo-references.js,ruta exacta en inventario y referencia presente en código
HOSPEDAJE/CASA VENTI/CASA VENTI (29).jpg,/hospedaje/venti,assets/js/bulk-photo-references.js,ruta exacta en inventario y referencia presente en código
HOSPEDAJE/CASA VENTI/CASA VENTI (32).jpg,/hospedaje/venti,assets/js/bulk-photo-references.js,ruta exacta en inventario y referencia presente en código
HOSPEDAJE/CASA VENTI/CASA VENTI (17).jpg,/hospedaje/venti,assets/js/bulk-photo-references.js,ruta exacta en inventario y referencia presente en código
HOSPEDAJE/CASA VENTI/CASA VENTI (19).jpg,/hospedaje/venti,assets/js/bulk-photo-references.js,ruta exacta en inventario y referencia presente en código
HOSPEDAJE/CASA VENTI/CASA VENTI (22).jpg,/hospedaje/venti,assets/js/bulk-photo-references.js,ruta exacta en inventario y referencia presente en código
HOSPEDAJE/CASA VENTI/CASA VENTI (6).jpg,/hospedaje/venti,assets/js/bulk-photo-references.js,ruta exacta en inventario y referencia presente en código
HOSPEDAJE/CASA VENTI/CASA VENTI (16).jpg,/hospedaje/venti,assets/js/bulk-photo-references.js,ruta exacta en inventario y referencia presente en código
HOSPEDAJE/CASA VENTI/CASA VENTI (30).jpg,/hospedaje/venti,assets/js/bulk-photo-references.js,ruta exacta en inventario y referencia presente en código
HOSPEDAJE/CASA VENTI/CASA VENTI (15).jpg,/hospedaje/venti,assets/js/bulk-photo-references.js,ruta exacta en inventario y referencia presente en código
HOSPEDAJE/CASA VENTI/CASA VENTI (10).jpg,/hospedaje/venti,assets/js/bulk-photo-references.js,ruta exacta en inventario y referencia presente en código
HOSPEDAJE/CASA VENTI/CASA VENTI (25).jpg,/hospedaje/venti,assets/js/bulk-photo-references.js,ruta exacta en inventario y referencia presente en código
HOSPEDAJE/CASA VENTI/CASA VENTI (23).jpg,/hospedaje/venti,assets/js/bulk-photo-references.js,ruta exacta en inventario y referencia presente en código
HOSPEDAJE/CASA VENTI/CASA VENTI (34).jpg,/hospedaje/venti,assets/js/bulk-photo-references.js,ruta exacta en inventario y referencia presente en código
HOSPEDAJE/CASA VENTI/CASA VENTI (12).jpg,/hospedaje/venti,assets/js/bulk-photo-references.js,ruta exacta en inventario y referencia presente en código
HOSPEDAJE/CASA VENTI/CASA VENTI (20).jpg,/hospedaje/venti,assets/js/bulk-photo-references.js,ruta exacta en inventario y referencia presente en código
HOSPEDAJE/CASA VENTI/CASA VENTI (2).jpg,/hospedaje/venti,assets/js/bulk-photo-references.js,ruta exacta en inventario y referencia presente en código
HOSPEDAJE/CASA VENTI/CASA VENTI (28).jpg,/hospedaje/venti,assets/js/bulk-photo-references.js,ruta exacta en inventario y referencia presente en código
HOSPEDAJE/CASA VENTI/CASA VENTI (18).jpg,/hospedaje/venti,assets/js/bulk-photo-references.js,ruta exacta en inventario y referencia presente en código
HOSPEDAJE/CASA VENTI/CASA VENTI (7).jpg,/hospedaje/venti,assets/js/bulk-photo-references.js,ruta exacta en inventario y referencia presente en código
HOSPEDAJE/CASA VENTI/CASA VENTI (13).jpg,/hospedaje/venti,assets/js/bulk-photo-references.js,ruta exacta en inventario y referencia presente en código
HOSPEDAJE/CASA VENTI/CASA VENTI (3).jpg,/hospedaje/venti,assets/js/bulk-photo-references.js,ruta exacta en inventario y referencia presente en código
HOSPEDAJE/CASA VENTI/CASA VENTI (14).jpg,/hospedaje/venti,assets/js/bulk-photo-references.js,ruta exacta en inventario y referencia presente en código
HOSPEDAJE/CASA VENTI/CASA VENTI (31).jpg,/hospedaje/venti,assets/js/bulk-photo-references.js,ruta exacta en inventario y referencia presente en código
HOSPEDAJE/CASA VENTI/CASA VENTI (9).jpg,/hospedaje/venti,assets/js/bulk-photo-references.js,ruta exacta en inventario y referencia presente en código
HOSPEDAJE/CASA VENTI/CASA VENTI (4).jpg,/hospedaje/venti,assets/js/bulk-photo-references.js,ruta exacta en inventario y referencia presente en código
HOSPEDAJE/CASA VENTI/CASA VENTI (26).jpg,/hospedaje/venti,assets/js/bulk-photo-references.js,ruta exacta en inventario y referencia presente en código
HOSPEDAJE/CASA VENTI/CASA VENTI (21).jpg,/hospedaje/venti,assets/js/bulk-photo-references.js,ruta exacta en inventario y referencia presente en código
HOSPEDAJE/CASA VENTI/CASA VENTI (5).jpg,/hospedaje/venti,assets/js/bulk-photo-references.js,ruta exacta en inventario y referencia presente en código
HOSPEDAJE/CASA VENTI/CASA VENTI (8).jpg,/hospedaje/venti,assets/js/bulk-photo-references.js,ruta exacta en inventario y referencia presente en código
HOSPEDAJE/CASA VENTI/CASA VENTI (24).jpg,/hospedaje/venti,assets/js/bulk-photo-references.js,ruta exacta en inventario y referencia presente en código
HOSPEDAJE/CASA VENTI/CASA VENTI (27).jpg,/hospedaje/venti,assets/js/bulk-photo-references.js,ruta exacta en inventario y referencia presente en código
HOSPEDAJE/CASA VENTI/CASA VENTI (11).jpg,/hospedaje/venti,assets/js/bulk-photo-references.js,ruta exacta en inventario y referencia presente en código
HOSPEDAJE/CASA VENTI/CASA VENTI PORTADA.jpg,/hospedaje/venti,assets/js/bulk-photo-references.js; hospedaje/venti/index.html,ruta exacta en inventario y referencia presente en código
HOSPEDAJE/CASA ÑATA GIGOIA/CASA ÑATA GIGOIA (15).jpg,/hospedaje/nata,assets/js/bulk-photo-references.js,ruta exacta en inventario y referencia presente en código
HOSPEDAJE/CASA ÑATA GIGOIA/CASA ÑATA GIGOIA (16).jpg,/hospedaje/nata,assets/js/bulk-photo-references.js,ruta exacta en inventario y referencia presente en código
HOSPEDAJE/CASA ÑATA GIGOIA/CASA ÑATA GIGOIA (12).jpg,/hospedaje/nata,assets/js/bulk-photo-references.js,ruta exacta en inventario y referencia presente en código
HOSPEDAJE/CASA ÑATA GIGOIA/CASA ÑATA GIGOIA (11).jpg,/hospedaje/nata,assets/js/bulk-photo-references.js,ruta exacta en inventario y referencia presente en código
HOSPEDAJE/CASA ÑATA GIGOIA/CASA ÑATA GIGOIA (18).jpg,/hospedaje/nata,assets/js/bulk-photo-references.js,ruta exacta en inventario y referencia presente en código
HOSPEDAJE/CASA ÑATA GIGOIA/CASA ÑATA GIGOIA (17).jpg,/hospedaje/nata,assets/js/bulk-photo-references.js,ruta exacta en inventario y referencia presente en código
HOSPEDAJE/CASA ÑATA GIGOIA/CASA ÑATA GIGOIA (14).jpg,/hospedaje/nata,assets/js/bulk-photo-references.js,ruta exacta en inventario y referencia presente en código
HOSPEDAJE/CASA ÑATA GIGOIA/CASA ÑATA GIGOIA (2).jpg,/hospedaje/nata,assets/js/bulk-photo-references.js,ruta exacta en inventario y referencia presente en código
HOSPEDAJE/CASA ÑATA GIGOIA/CASA ÑATA GIGOIA (1).jpg,/hospedaje/nata,assets/js/bulk-photo-references.js,ruta exacta en inventario y referencia presente en código
HOSPEDAJE/CASA ÑATA GIGOIA/CASA ÑATA GIGOIA (8).jpg,/hospedaje/nata,assets/js/bulk-photo-references.js,ruta exacta en inventario y referencia presente en código
HOSPEDAJE/CASA ÑATA GIGOIA/CASA ÑATA GIGOIA (10).jpg,/hospedaje/nata,assets/js/bulk-photo-references.js,ruta exacta en inventario y referencia presente en código
HOSPEDAJE/CASA ÑATA GIGOIA/CASA ÑATA GIGOIA (7).jpg,/hospedaje/nata,assets/js/bulk-photo-references.js,ruta exacta en inventario y referencia presente en código
HOSPEDAJE/CASA ÑATA GIGOIA/CASA ÑATA GIGOIA (9).jpg,/hospedaje/nata,assets/js/bulk-photo-references.js,ruta exacta en inventario y referencia presente en código
HOSPEDAJE/CASA ÑATA GIGOIA/CASA ÑATA GIGOIA (13).jpg,/hospedaje/nata,assets/js/bulk-photo-references.js,ruta exacta en inventario y referencia presente en código
HOSPEDAJE/CASA ÑATA GIGOIA/CASA ÑATA GIGOIA (6).jpg,/hospedaje/nata,assets/js/bulk-photo-references.js,ruta exacta en inventario y referencia presente en código
HOSPEDAJE/CASA ÑATA GIGOIA/CASA ÑATA GIGOIA (5).jpg,/hospedaje/nata,assets/js/bulk-photo-references.js,ruta exacta en inventario y referencia presente en código
HOSPEDAJE/CASA ÑATA GIGOIA/CASA ÑATA GIGOIA (3).jpg,/hospedaje/nata,assets/js/bulk-photo-references.js,ruta exacta en inventario y referencia presente en código
HOSPEDAJE/CASA ÑATA GIGOIA/CASA ÑATA GIGOIA (4).jpg,/hospedaje/nata,assets/js/bulk-photo-references.js,ruta exacta en inventario y referencia presente en código
HOSPEDAJE/CASA ÑATA GIGOIA/CASA ÑATA GIGOIA PORTADA.jpg,/hospedaje/nata,assets/js/bulk-photo-references.js,ruta exacta en inventario y referencia presente en código
COMPRAS/ferias/feria noctura/feria nocturna copa 5.JPG,/compras/feira-noturna-copacabana,assets/js/bulk-photo-references.js,ruta exacta en inventario y referencia presente en código
COMPRAS/ferias/feria noctura/feria nocturna copa 1.JPG,/compras/feira-noturna-copacabana,assets/js/bulk-photo-references.js,ruta exacta en inventario y referencia presente en código
COMPRAS/ferias/feria noctura/feria nocturna copa 1 1.JPG,/compras/feira-noturna-copacabana,assets/js/bulk-photo-references.js,ruta exacta en inventario y referencia presente en código
COMPRAS/ferias/feria noctura/feria nocturna copa 4.JPG,/compras/feira-noturna-copacabana,assets/js/bulk-photo-references.js,ruta exacta en inventario y referencia presente en código
COMPRAS/ferias/feria noctura/feria nocturna copa.jpg,/compras/feira-noturna-copacabana,assets/js/bulk-photo-references.js,ruta exacta en inventario y referencia presente en código
COMPRAS/ferias/feria noctura/feria nocturna copa 3.JPG,/compras/feira-noturna-copacabana,assets/js/bulk-photo-references.js,ruta exacta en inventario y referencia presente en código
COMPRAS/ferias/feria noctura/feria nocturna copa 2.JPG,/compras/feira-noturna-copacabana,assets/js/bulk-photo-references.js,ruta exacta en inventario y referencia presente en código
COMPRAS/ferias/feria antiguedades plaza xv/feria antiguedades plaza xv 3.jpg,/compras/praca-xv,assets/js/bulk-photo-references.js; compras/praca-xv/index.html,ruta exacta en inventario y referencia presente en código
COMPRAS/ferias/feria antiguedades plaza xv/feria antiguedades plaza xv 5.jpg,/compras/praca-xv,assets/js/bulk-photo-references.js; compras/praca-xv/index.html,ruta exacta en inventario y referencia presente en código
COMPRAS/ferias/feria antiguedades plaza xv/feria antiguedades plaza xv 2.JPEG,/compras/praca-xv,assets/js/bulk-photo-references.js; compras/praca-xv/index.html,ruta exacta en inventario y referencia presente en código
COMPRAS/ferias/feria antiguedades plaza xv/feria antiguedades plaza xv6.jpg,/compras/praca-xv,assets/js/bulk-photo-references.js; compras/praca-xv/index.html,ruta exacta en inventario y referencia presente en código
COMPRAS/ferias/feria antiguedades plaza xv/feria antiguedades plaza xv 4.jpg,/compras/praca-xv,assets/js/bulk-photo-references.js; compras/praca-xv/index.html,ruta exacta en inventario y referencia presente en código
COMPRAS/ferias/feria antiguedades plaza xv/feria antiguedades plaza xv7.jpg,/compras/praca-xv,assets/js/bulk-photo-references.js; compras/praca-xv/index.html,ruta exacta en inventario y referencia presente en código
COMPRAS/ferias/feria lavradio/lavradio 23.jpg,/compras/lavradio,assets/js/bulk-photo-references.js; compras/lavradio/index.html,ruta exacta en inventario y referencia presente en código
COMPRAS/ferias/feria lavradio/lavradio port.jpg,/compras/lavradio,assets/js/bulk-photo-references.js; compras/lavradio/index.html,ruta exacta en inventario y referencia presente en código
COMPRAS/ferias/feria lavradio/feria lavradio 44.jpg,/compras/lavradio,assets/js/bulk-photo-references.js; compras/lavradio/index.html,ruta exacta en inventario y referencia presente en código
COMPRAS/ferias/feria lavradio/lavradio ant.jpg,/compras/lavradio,assets/js/bulk-photo-references.js; compras/lavradio/index.html,ruta exacta en inventario y referencia presente en código
COMPRAS/ferias/feria lavradio/lavradio 2.jpg,/compras/lavradio,assets/js/bulk-photo-references.js; compras/lavradio/index.html,ruta exacta en inventario y referencia presente en código
COMPRAS/ferias/feria lavradio/lavradio ñportada 1.jpg,/compras/lavradio,assets/js/bulk-photo-references.js; compras/lavradio/index.html,ruta exacta en inventario y referencia presente en código
COMPRAS/ferias/feria libre da gloria/feria libre da gloria6.jpg,/compras/feira-da-gloria,assets/js/bulk-photo-references.js; compras/feira-da-gloria/index.html,ruta exacta en inventario y referencia presente en código
COMPRAS/ferias/feria libre da gloria/feria libre da gloria 1.jpg,/compras/feira-da-gloria,assets/js/bulk-photo-references.js; compras/feira-da-gloria/index.html,ruta exacta en inventario y referencia presente en código
COMPRAS/ferias/feria libre da gloria/FEIRA_DA_GLORIA2.JPG,/compras/feira-da-gloria,assets/js/bulk-photo-references.js; compras/feira-da-gloria/index.html,ruta exacta en inventario y referencia presente en código
COMPRAS/ferias/feria libre da gloria/feria libre da gloria 2.jpg,/compras/feira-da-gloria,assets/js/bulk-photo-references.js; compras/feira-da-gloria/index.html,ruta exacta en inventario y referencia presente en código
COMPRAS/ferias/feria libre da gloria/feria libre da gloria5.jpg,/compras/feira-da-gloria,assets/js/bulk-photo-references.js; compras/feira-da-gloria/index.html,ruta exacta en inventario y referencia presente en código
COMPRAS/ferias/feria libre da gloria/feria libre da gloria 3.webp,/compras/feira-da-gloria,assets/js/bulk-photo-references.js; compras/feira-da-gloria/index.html,ruta exacta en inventario y referencia presente en código
COMPRAS/ferias/feria libre da gloria/feria libre da gloria 4.jpg,/compras/feira-da-gloria,assets/js/bulk-photo-references.js; compras/feira-da-gloria/index.html,ruta exacta en inventario y referencia presente en código
COMPRAS/ferias/feria organica da gloria/feria organica da gloria34.jpg,/compras/feira-organica-gloria,assets/js/bulk-photo-references.js; compras/feira-organica-gloria/index.html,ruta exacta en inventario y referencia presente en código
COMPRAS/ferias/feria organica da gloria/feria organica da gloria 2.jpg,/compras/feira-organica-gloria,assets/js/bulk-photo-references.js; compras/feira-organica-gloria/index.html,ruta exacta en inventario y referencia presente en código
COMPRAS/ferias/feria organica da gloria/feria organica da gloria6.jpg,/compras/feira-organica-gloria,assets/js/bulk-photo-references.js; compras/feira-organica-gloria/index.html,ruta exacta en inventario y referencia presente en código
COMPRAS/ferias/feria organica da gloria/feria organica da gloria5.jpg,/compras/feira-organica-gloria,assets/js/bulk-photo-references.js; compras/feira-organica-gloria/index.html,ruta exacta en inventario y referencia presente en código
COMPRAS/ferias/feria organica da gloria/feria organica da gloria3.jpg,/compras/feira-organica-gloria,assets/js/bulk-photo-references.js; compras/feira-organica-gloria/index.html,ruta exacta en inventario y referencia presente en código
COMPRAS/ferias/feria organica da gloria/feria organica da gloria.jpg,/compras/feira-organica-gloria,assets/js/bulk-photo-references.js; compras/feira-organica-gloria/index.html,ruta exacta en inventario y referencia presente en código
COMPRAS/ferias/hippie ipanema/hippie ipanema 2.jpg,/compras/feira-hippie-ipanema,assets/js/bulk-photo-references.js; compras/feira-hippie-ipanema/index.html,ruta exacta en inventario y referencia presente en código
COMPRAS/ferias/hippie ipanema/hippie ipanema5.jpg,/compras/feira-hippie-ipanema,assets/js/bulk-photo-references.js; compras/feira-hippie-ipanema/index.html,ruta exacta en inventario y referencia presente en código
COMPRAS/ferias/hippie ipanema/hippie ipanema6.jpg,/compras/feira-hippie-ipanema,assets/js/bulk-photo-references.js; compras/feira-hippie-ipanema/index.html,ruta exacta en inventario y referencia presente en código
COMPRAS/ferias/hippie ipanema/hippie ipanema 3.jpg,/compras/feira-hippie-ipanema,assets/js/bulk-photo-references.js; compras/feira-hippie-ipanema/index.html,ruta exacta en inventario y referencia presente en código
COMPRAS/ferias/hippie ipanema/hippie ipanema.jpg,/compras/feira-hippie-ipanema,assets/js/bulk-photo-references.js; compras/feira-hippie-ipanema/index.html,ruta exacta en inventario y referencia presente en código
COMPRAS/ferias/hippie ipanema/hippie ipanema7.jpg,/compras/feira-hippie-ipanema,assets/js/bulk-photo-references.js; compras/feira-hippie-ipanema/index.html,ruta exacta en inventario y referencia presente en código
COMPRAS/ferias/feria praca do lido/feria praca do lido 3.jpg,/compras/praca-lido,assets/js/bulk-photo-references.js; compras/praca-lido/index.html,ruta exacta en inventario y referencia presente en código
COMPRAS/ferias/feria praca do lido/feria praca do lido 5.jpg,/compras/praca-lido,assets/js/bulk-photo-references.js; compras/praca-lido/index.html,ruta exacta en inventario y referencia presente en código
COMPRAS/ferias/feria praca do lido/feria praca do lido.jpg,/compras/praca-lido,assets/js/bulk-photo-references.js; compras/praca-lido/index.html,ruta exacta en inventario y referencia presente en código
COMPRAS/ferias/feria praca do lido/feria praca do lido6.jpg,/compras/praca-lido,assets/js/bulk-photo-references.js; compras/praca-lido/index.html,ruta exacta en inventario y referencia presente en código
COMPRAS/ferias/feria praca do lido/feria praca do lido 4.jpg,/compras/praca-lido,assets/js/bulk-photo-references.js; compras/praca-lido/index.html,ruta exacta en inventario y referencia presente en código
COMPRAS/ferias/feria praca do lido/feria praca do lido 2.jpg,/compras/praca-lido,assets/js/bulk-photo-references.js; compras/praca-lido/index.html,ruta exacta en inventario y referencia presente en código
COMPRAS/ferias/feria da providencia/feria da providencia 3.jpg,/compras/feira-da-providencia,assets/js/bulk-photo-references.js; compras/feira-da-providencia/index.html,ruta exacta en inventario y referencia presente en código
COMPRAS/ferias/feria da providencia/feria da providencia 2.jpg,/compras/feira-da-providencia,assets/js/bulk-photo-references.js; compras/feira-da-providencia/index.html,ruta exacta en inventario y referencia presente en código
COMPRAS/ferias/feria da providencia/feria da providencia 6.jpg,/compras/feira-da-providencia,assets/js/bulk-photo-references.js; compras/feira-da-providencia/index.html,ruta exacta en inventario y referencia presente en código
COMPRAS/ferias/feria da providencia/feria da providencia 4.jpg,/compras/feira-da-providencia,assets/js/bulk-photo-references.js; compras/feira-da-providencia/index.html,ruta exacta en inventario y referencia presente en código
COMPRAS/ferias/feria da providencia/feria da providencia 5.jpg,/compras/feira-da-providencia,assets/js/bulk-photo-references.js; compras/feira-da-providencia/index.html,ruta exacta en inventario y referencia presente en código
COMPRAS/ferias/feria da providencia/feria da providencia 7.jpg,/compras/feira-da-providencia,assets/js/bulk-photo-references.js; compras/feira-da-providencia/index.html,ruta exacta en inventario y referencia presente en código
COMPRAS/shopping/shopping nova america/puma  outlet shopping nova america.jpg,/compras/nova-america,assets/js/bulk-photo-references.js; compras/nova-america/index.html,ruta exacta en inventario y referencia presente en código
COMPRAS/shopping/shopping nova america/shopping nova america 11.jpg,/compras/nova-america,assets/js/bulk-photo-references.js; compras/nova-america/index.html,ruta exacta en inventario y referencia presente en código
COMPRAS/shopping/shopping nova america/shopping nova america 2.jpg,/compras/nova-america,assets/js/bulk-photo-references.js; compras/nova-america/index.html,ruta exacta en inventario y referencia presente en código
COMPRAS/shopping/shopping nova america/shopping nova america 3.jpg,/compras/nova-america,assets/js/bulk-photo-references.js; compras/nova-america/index.html,ruta exacta en inventario y referencia presente en código
COMPRAS/shopping/shopping nova america/shopping nova america PORT.jpg,/compras/nova-america,assets/js/bulk-photo-references.js; compras/nova-america/index.html,ruta exacta en inventario y referencia presente en código
COMPRAS/shopping/shopping nova america/adidas  outlet shopping nova america.jpg,/compras/nova-america,assets/js/bulk-photo-references.js; compras/nova-america/index.html,ruta exacta en inventario y referencia presente en código
COMPRAS/shopping/shopping nova america/nike outlet shopping nova america.jpg,/compras/nova-america,assets/js/bulk-photo-references.js; compras/nova-america/index.html,ruta exacta en inventario y referencia presente en código
COMPRAS/shopping/barra-shopping/barra-shopping-3.jpg,/compras/barrashopping,assets/js/bulk-photo-references.js; compras/barrashopping/index.html,ruta exacta en inventario y referencia presente en código
COMPRAS/shopping/barra-shopping/BarraShopping2.jpg,/compras/barrashopping,assets/js/bulk-photo-references.js; compras/barrashopping/index.html,ruta exacta en inventario y referencia presente en código
COMPRAS/shopping/barra-shopping/barra shopping 6.jpg,/compras/barrashopping,assets/js/bulk-photo-references.js; compras/barrashopping/index.html,ruta exacta en inventario y referencia presente en código
COMPRAS/shopping/barra-shopping/barra shopping 5.jpg,/compras/barrashopping,assets/js/bulk-photo-references.js; compras/barrashopping/index.html,ruta exacta en inventario y referencia presente en código
COMPRAS/shopping/barra-shopping/barra-shopping port.jpg,/compras/barrashopping,assets/js/bulk-photo-references.js; compras/barrashopping/index.html,ruta exacta en inventario y referencia presente en código
COMPRAS/shopping/barra-shopping/barra-shopping 4.jpg,/compras/barrashopping,assets/js/bulk-photo-references.js; compras/barrashopping/index.html,ruta exacta en inventario y referencia presente en código
COMPRAS/shopping/barra-shopping/barra-shopping 5.jpg,/compras/barrashopping,assets/js/bulk-photo-references.js; compras/barrashopping/index.html,ruta exacta en inventario y referencia presente en código
COMPRAS/shopping/down town/DONW TOWN SHOPPING (5).jpg,/compras/downtown,assets/js/bulk-photo-references.js; compras/downtown/index.html,ruta exacta en inventario y referencia presente en código
COMPRAS/shopping/down town/DONW TOWN SHOPPING (2).jpg,/compras/downtown,assets/js/bulk-photo-references.js; compras/downtown/index.html,ruta exacta en inventario y referencia presente en código
COMPRAS/shopping/down town/DONW TOWN SHOPPING (6).jpg,/compras/downtown,assets/js/bulk-photo-references.js; compras/downtown/index.html,ruta exacta en inventario y referencia presente en código
COMPRAS/shopping/down town/DONW TOWN SHOPPING (3).jpg,/compras/downtown,assets/js/bulk-photo-references.js; compras/downtown/index.html,ruta exacta en inventario y referencia presente en código
COMPRAS/shopping/down town/DONW TOWN SHOPPING (7).jpg,/compras/downtown,assets/js/bulk-photo-references.js; compras/downtown/index.html,ruta exacta en inventario y referencia presente en código
COMPRAS/shopping/down town/DONW TOWN SHOPPING PORT.jpg,/compras/downtown,assets/js/bulk-photo-references.js; compras/downtown/index.html,ruta exacta en inventario y referencia presente en código
COMPRAS/shopping/down town/DONW TOWN SHOPPING (4).jpg,/compras/downtown,assets/js/bulk-photo-references.js; compras/downtown/index.html,ruta exacta en inventario y referencia presente en código
COMPRAS/shopping/shopping rio sul/shopping rio sul  2.jpg,/compras/rio-sul,assets/js/bulk-photo-references.js; compras/rio-sul/index.html,ruta exacta en inventario y referencia presente en código
COMPRAS/shopping/shopping rio sul/shopping rio sul 3.jpg,/compras/rio-sul,assets/js/bulk-photo-references.js; compras/rio-sul/index.html,ruta exacta en inventario y referencia presente en código
COMPRAS/shopping/shopping rio sul/shopping rio sul 4.jpg,/compras/rio-sul,assets/js/bulk-photo-references.js; compras/rio-sul/index.html,ruta exacta en inventario y referencia presente en código
COMPRAS/shopping/shopping rio sul/rio sul port.jpg,/compras/rio-sul,assets/js/bulk-photo-references.js; compras/rio-sul/index.html,ruta exacta en inventario y referencia presente en código
COMPRAS/shopping/shopping rio sul/riosul portada shopping.jpg,/compras/rio-sul,assets/js/bulk-photo-references.js; compras/rio-sul/index.html,ruta exacta en inventario y referencia presente en código
COMPRAS/shopping/shopping rio sul/shopping rio sul  1.jpg,/compras/rio-sul,assets/js/bulk-photo-references.js; compras/rio-sul/index.html,ruta exacta en inventario y referencia presente en código
COMPRAS/shopping/fashion-mall-l3/SHOPPING FASHION MALL (6).jpg,/compras/fashion-mall,assets/js/bulk-photo-references.js; compras/fashion-mall/index.html,ruta exacta en inventario y referencia presente en código
COMPRAS/shopping/fashion-mall-l3/SHOPPING FASHION MALL (4).jpg,/compras/fashion-mall,assets/js/bulk-photo-references.js; compras/fashion-mall/index.html,ruta exacta en inventario y referencia presente en código
COMPRAS/shopping/fashion-mall-l3/SHOPPING FASHION MALL (5).jpg,/compras/fashion-mall,assets/js/bulk-photo-references.js; compras/fashion-mall/index.html,ruta exacta en inventario y referencia presente en código
COMPRAS/shopping/fashion-mall-l3/SHOPPING FASHION MALL PORT.jpg,/compras/fashion-mall,assets/js/bulk-photo-references.js; compras/fashion-mall/index.html,ruta exacta en inventario y referencia presente en código
COMPRAS/shopping/fashion-mall-l3/SHOPPING FASHION MALL (1).jpg,/compras/fashion-mall,assets/js/bulk-photo-references.js; compras/fashion-mall/index.html,ruta exacta en inventario y referencia presente en código
COMPRAS/shopping/fashion-mall-l3/SHOPPING FASHION MALL (3).jpg,/compras/fashion-mall,assets/js/bulk-photo-references.js; compras/fashion-mall/index.html,ruta exacta en inventario y referencia presente en código
COMPRAS/shopping/Shopping Metropolitano Barra/Shopping Metropolitano Barra 3.png,/compras/metropolitano-barra,assets/js/bulk-photo-references.js; compras/metropolitano-barra/index.html,ruta exacta en inventario y referencia presente en código
COMPRAS/shopping/Shopping Metropolitano Barra/Shopping Metropolitano Barra 5.jpg,/compras/metropolitano-barra,assets/js/bulk-photo-references.js; compras/metropolitano-barra/index.html,ruta exacta en inventario y referencia presente en código
COMPRAS/shopping/Shopping Metropolitano Barra/Shopping Metropolitano Barra 4.jpg,/compras/metropolitano-barra,assets/js/bulk-photo-references.js; compras/metropolitano-barra/index.html,ruta exacta en inventario y referencia presente en código
COMPRAS/shopping/Shopping Metropolitano Barra/Shopping Metropolitano Barra.jpg,/compras/metropolitano-barra,assets/js/bulk-photo-references.js; compras/metropolitano-barra/index.html,ruta exacta en inventario y referencia presente en código
COMPRAS/shopping/Shopping Metropolitano Barra/Shopping Metropolitano Barra PORT.jpg,/compras/metropolitano-barra,assets/js/bulk-photo-references.js; compras/metropolitano-barra/index.html,ruta exacta en inventario y referencia presente en código
COMPRAS/comercio populaer/sao pedro niteroi/mercado sao pedro4.jpg,/compras/mercado-sao-pedro,assets/js/bulk-photo-references.js; compras/mercado-sao-pedro/index.html,ruta exacta en inventario y referencia presente en código
COMPRAS/comercio populaer/sao pedro niteroi/mercado sao pedro2.jpg,/compras/mercado-sao-pedro,assets/js/bulk-photo-references.js; compras/mercado-sao-pedro/index.html,ruta exacta en inventario y referencia presente en código
COMPRAS/comercio populaer/sao pedro niteroi/mercado sao pedr05.jpg,/compras/mercado-sao-pedro,assets/js/bulk-photo-references.js; compras/mercado-sao-pedro/index.html,ruta exacta en inventario y referencia presente en código
COMPRAS/comercio populaer/sao pedro niteroi/mercado sao pedro 1.jpg,/compras/mercado-sao-pedro,assets/js/bulk-photo-references.js; compras/mercado-sao-pedro/index.html,ruta exacta en inventario y referencia presente en código
COMPRAS/comercio populaer/sao pedro niteroi/mercado sao pedr01.jpg,/compras/mercado-sao-pedro,assets/js/bulk-photo-references.js; compras/mercado-sao-pedro/index.html,ruta exacta en inventario y referencia presente en código
COMPRAS/comercio populaer/sao pedro niteroi/mercado sao pedro3.jpg,/compras/mercado-sao-pedro,assets/js/bulk-photo-references.js; compras/mercado-sao-pedro/index.html,ruta exacta en inventario y referencia presente en código
COMPRAS/comercio populaer/uruguaniana/URUGUAIANA (2).jpg,/compras/uruguaiana,assets/js/bulk-photo-references.js; compras/uruguaiana/index.html,ruta exacta en inventario y referencia presente en código
COMPRAS/comercio populaer/uruguaniana/URUGUAIANA (6).jpg,/compras/uruguaiana,assets/js/bulk-photo-references.js; compras/uruguaiana/index.html,ruta exacta en inventario y referencia presente en código
COMPRAS/comercio populaer/uruguaniana/URUGUAIANA (7).jpg,/compras/uruguaiana,assets/js/bulk-photo-references.js; compras/uruguaiana/index.html,ruta exacta en inventario y referencia presente en código
COMPRAS/comercio populaer/uruguaniana/URUGUAIANA (3).jpg,/compras/uruguaiana,assets/js/bulk-photo-references.js; compras/uruguaiana/index.html,ruta exacta en inventario y referencia presente en código
COMPRAS/comercio populaer/uruguaniana/URUGUAIANA (4).jpg,/compras/uruguaiana,assets/js/bulk-photo-references.js; compras/uruguaiana/index.html,ruta exacta en inventario y referencia presente en código
COMPRAS/comercio populaer/uruguaniana/URUGUAIANA (1).jpg,/compras/uruguaiana,assets/js/bulk-photo-references.js; compras/uruguaiana/index.html,ruta exacta en inventario y referencia presente en código
COMPRAS/comercio populaer/uruguaniana/URUGUAIANA (5).jpg,/compras/uruguaiana,assets/js/bulk-photo-references.js; compras/uruguaiana/index.html,ruta exacta en inventario y referencia presente en código
COMPRAS/comercio populaer/mercadao-de-madureira/MECRCADAO MADUREIRA (4).jpg,/compras/mercadao-madureira,assets/js/bulk-photo-references.js; compras/mercadao-madureira/index.html,ruta exacta en inventario y referencia presente en código
COMPRAS/comercio populaer/mercadao-de-madureira/MECRCADAO MADUREIRA (3).jpg,/compras/mercadao-madureira,assets/js/bulk-photo-references.js; compras/mercadao-madureira/index.html,ruta exacta en inventario y referencia presente en código
COMPRAS/comercio populaer/mercadao-de-madureira/MECRCADAO MADUREIRA (7).jpg,/compras/mercadao-madureira,assets/js/bulk-photo-references.js; compras/mercadao-madureira/index.html,ruta exacta en inventario y referencia presente en código
COMPRAS/comercio populaer/mercadao-de-madureira/MECRCADAO MADUREIRA (5).jpg,/compras/mercadao-madureira,assets/js/bulk-photo-references.js; compras/mercadao-madureira/index.html,ruta exacta en inventario y referencia presente en código
COMPRAS/comercio populaer/mercadao-de-madureira/MECRCADAO MADUREIRA (1).jpg,/compras/mercadao-madureira,assets/js/bulk-photo-references.js; compras/mercadao-madureira/index.html,ruta exacta en inventario y referencia presente en código
COMPRAS/comercio populaer/mercadao-de-madureira/MECRCADAO MADUREIRA (6).jpg,/compras/mercadao-madureira,assets/js/bulk-photo-references.js; compras/mercadao-madureira/index.html,ruta exacta en inventario y referencia presente en código
COMPRAS/comercio populaer/mercadao-de-madureira/MECRCADAO MADUREIRA (2).jpg,/compras/mercadao-madureira,assets/js/bulk-photo-references.js; compras/mercadao-madureira/index.html,ruta exacta en inventario y referencia presente en código
EXPERIENCIAS/ANGRA/SANTANA.jpg,/experiencias/angra-ilha-grande,assets/js/bulk-photo-references.js; experiencias/angra-ilha-grande/index.html,ruta exacta en inventario y referencia presente en código
EXPERIENCIAS/ANGRA/lagoa-azul.jpg,/experiencias/angra-ilha-grande,assets/js/bulk-photo-references.js; experiencias/angra-ilha-grande/index.html,ruta exacta en inventario y referencia presente en código
EXPERIENCIAS/ANGRA/ilha-grande-angra-dos-reis-ilha-cataguases.jpg,/experiencias/angra-ilha-grande,assets/js/bulk-photo-references.js; experiencias/angra-ilha-grande/index.html,ruta exacta en inventario y referencia presente en código
EXPERIENCIAS/ANGRA/fotos-de-arraial-do-cabo-rj.jpg,/experiencias/angra-ilha-grande,assets/js/bulk-photo-references.js,ruta exacta en inventario y referencia presente en código
EXPERIENCIAS/ANGRA/caption (2).jpg,/experiencias/angra-ilha-grande,assets/js/bulk-photo-references.js,ruta exacta en inventario y referencia presente en código
EXPERIENCIAS/ANGRA/caption.jpg,/experiencias/angra-ilha-grande,assets/js/bulk-photo-references.js; experiencias/angra-ilha-grande/index.html,ruta exacta en inventario y referencia presente en código
EXPERIENCIAS/ANGRA/caption (1).jpg,/experiencias/angra-ilha-grande,assets/js/bulk-photo-references.js,ruta exacta en inventario y referencia presente en código
EXPERIENCIAS/ANGRA/japaris-beach.jpg,/experiencias/angra-ilha-grande,assets/js/bulk-photo-references.js; experiencias/angra-ilha-grande/index.html,ruta exacta en inventario y referencia presente en código
EXPERIENCIAS PORTADA ANGRA.jpg,/experiencias/angra-ilha-grande,assets/js/bulk-photo-references.js; experiencias/angra-ilha-grande/index.html,ruta exacta en inventario y referencia presente en código
EXPERIENCIAS/ARRAIAL/PRAIA DO FORNO.jpeg,/experiencias/arraial-do-cabo,assets/js/bulk-photo-references.js; experiencias/arraial-do-cabo/index.html,ruta exacta en inventario y referencia presente en código
EXPERIENCIAS/ARRAIAL/ARRAIAL.jpg,/experiencias/arraial-do-cabo,assets/js/bulk-photo-references.js; experiencias/arraial-do-cabo/index.html,ruta exacta en inventario y referencia presente en código
EXPERIENCIAS/ARRAIAL/PRAINHA DO PONTAL.jpg,/experiencias/arraial-do-cabo,assets/js/bulk-photo-references.js; experiencias/arraial-do-cabo/index.html,ruta exacta en inventario y referencia presente en código
EXPERIENCIAS/ARRAIAL/PRAIA DO FAROL.jpg,/experiencias/arraial-do-cabo,assets/js/bulk-photo-references.js; experiencias/arraial-do-cabo/index.html,ruta exacta en inventario y referencia presente en código
EXPERIENCIAS PORTADA ARRAIAL.jpg,/experiencias/arraial-do-cabo,assets/js/bulk-photo-references.js; experiencias/arraial-do-cabo/index.html,ruta exacta en inventario y referencia presente en código
EXPERIENCIAS/ASA DELTA/asa delta (4).jpeg,/experiencias/ala-delta,assets/js/bulk-photo-references.js,ruta exacta en inventario y referencia presente en código
EXPERIENCIAS/ASA DELTA/asa delta (3).jpeg,/experiencias/ala-delta,assets/js/bulk-photo-references.js,ruta exacta en inventario y referencia presente en código
EXPERIENCIAS/ASA DELTA/asa delta (2).jpeg,/experiencias/ala-delta,assets/js/bulk-photo-references.js,ruta exacta en inventario y referencia presente en código
EXPERIENCIAS/ASA DELTA/asa delta (1).jpeg,/experiencias/ala-delta,assets/js/bulk-photo-references.js,ruta exacta en inventario y referencia presente en código
EXPERIENCIAS/ASA DELTA/asa delta experiencia portada.jpeg,/experiencias/ala-delta,assets/js/bulk-photo-references.js,ruta exacta en inventario y referencia presente en código
EXPERIENCIAS/ASA DELTA/asa delta (6).jpeg,/experiencias/ala-delta,assets/js/bulk-photo-references.js,ruta exacta en inventario y referencia presente en código
EXPERIENCIAS/ASA DELTA/asa delta (5).jpeg,/experiencias/ala-delta,assets/js/bulk-photo-references.js,ruta exacta en inventario y referencia presente en código
EXPERIENCIAS/asa delta experiencia portada.jpeg,/experiencias/ala-delta,assets/js/bulk-photo-references.js,ruta exacta en inventario y referencia presente en código
EXPERIENCIAS/FULL DAY/MARACANA.jpg,/experiencias/full-day-rio,assets/js/bulk-photo-references.js; experiencias/full-day-rio/index.html,ruta exacta en inventario y referencia presente en código
EXPERIENCIAS/FULL DAY/CRISTO REDENTOR.jpg,/experiencias/full-day-rio,assets/js/bulk-photo-references.js,ruta exacta en inventario y referencia presente en código
EXPERIENCIAS/FULL DAY/CATEDRAL.jpg,/experiencias/full-day-rio,assets/js/bulk-photo-references.js; experiencias/full-day-rio/index.html,ruta exacta en inventario y referencia presente en código
EXPERIENCIAS/FULL DAY/SAMBODROMO.jpg,/experiencias/full-day-rio,assets/js/bulk-photo-references.js; experiencias/full-day-rio/index.html,ruta exacta en inventario y referencia presente en código
EXPERIENCIAS/FULL DAY/ESCALERA.jpg,/experiencias/full-day-rio,assets/js/bulk-photo-references.js; experiencias/full-day-rio/index.html,ruta exacta en inventario y referencia presente en código
EXPERIENCIAS/FULL DAY/ALMUEROBUFFET.jpg,/experiencias/full-day-rio,assets/js/bulk-photo-references.js; experiencias/full-day-rio/index.html,ruta exacta en inventario y referencia presente en código
EXPERIENCIAS/FULL DAY/PAN DE AZUCAR.jpeg,/experiencias/full-day-rio,assets/js/bulk-photo-references.js; experiencias/full-day-rio/index.html,ruta exacta en inventario y referencia presente en código
PORTADA FULL DAY RIO.png,/experiencias/full-day-rio,assets/js/bulk-photo-references.js; experiencias/full-day-rio/index.html,ruta exacta en inventario y referencia presente en código
EXPERIENCIAS/parapente/WhatsApp Image 2026-09-03 at 10.50.28 (1).jpeg,/experiencias/vuelo-en-parapente,assets/js/bulk-photo-references.js,ruta exacta en inventario y referencia presente en código
EXPERIENCIAS/parapente/WhatsApp Image 2026-09-03 at 10.50.28 (3).jpeg,/experiencias/vuelo-en-parapente,assets/js/bulk-photo-references.js,ruta exacta en inventario y referencia presente en código
EXPERIENCIAS/parapente/WhatsApp Image 2026-09-03 at 10.50.28 (2).jpeg,/experiencias/vuelo-en-parapente,assets/js/bulk-photo-references.js,ruta exacta en inventario y referencia presente en código
EXPERIENCIAS/parapente/Snapshot_20230256_050200.JPG,/experiencias/vuelo-en-parapente,assets/js/bulk-photo-references.js; experiencias/vuelo-en-parapente/index.html,ruta exacta en inventario y referencia presente en código
EXPERIENCIAS/paraquedas/fdba8d85-8575-4a49-85c8-f5f589dbe284 (1).jpg,/experiencias/paracaidas,assets/js/bulk-photo-references.js; experiencias/paracaidas/index.html,ruta exacta en inventario y referencia presente en código
EXPERIENCIAS/paraquedas/MNJG9388.JPG,/experiencias/paracaidas,assets/js/bulk-photo-references.js; experiencias/paracaidas/index.html,ruta exacta en inventario y referencia presente en código
EXPERIENCIAS/FAVELA VIDIGAL/FAVELA VIDIGAL.jpg,/experiencias/vidigal,assets/js/bulk-photo-references.js; experiencias/vidigal/index.html,ruta exacta en inventario y referencia presente en código
GUIA DE RIO/ALQUILER DE AUTO/banner rent cars.png,/guia/alquiler-auto,assets/js/bulk-photo-references.js; guia/alquiler-auto/index.html,ruta exacta en inventario y referencia presente en código
GUIA DE RIO/ALQUILER DE AUTO/alquiler auto.jpg,/guia/alquiler-auto,assets/js/bulk-photo-references.js; guia/alquiler-auto/index.html,ruta exacta en inventario y referencia presente en código
GUIA DE RIO/MINIATURA GUIA RIO ALQUILER DE AUTOS.png,/guia/alquiler-auto,assets/js/bulk-photo-references.js,ruta exacta en inventario y referencia presente en código
GUIA DE RIO/APP UTILIES/para apps.png,/guia/apps,assets/js/bulk-photo-references.js; guia/apps/index.html,ruta exacta en inventario y referencia presente en código
GUIA DE RIO/APP UTILIES/apps pix.png,/guia/apps,assets/js/bulk-photo-references.js; guia/apps/index.html,ruta exacta en inventario y referencia presente en código
GUIA DE RIO/MINIATUA APPS.png,/guia/apps,assets/js/bulk-photo-references.js,ruta exacta en inventario y referencia presente en código
GUIA DE RIO/DINERO Y TARJETAS/DINERO Y TARJETAS billetes brasil (1).png,/guia/dinero,assets/js/bulk-photo-references.js; guia/dinero/index.html,ruta exacta en inventario y referencia presente en código
GUIA DE RIO/DINERO Y TARJETAS/DINERO Y TARJETAS MONEDAS brasil (2).png,/guia/dinero,assets/js/bulk-photo-references.js; guia/dinero/index.html,ruta exacta en inventario y referencia presente en código
GUIA DE RIO/DINERO Y TARJETAS/ABAJO DE TITULO.jpg,/guia/dinero,assets/js/bulk-photo-references.js; guia/dinero/index.html,ruta exacta en inventario y referencia presente en código
GUIA DE RIO/MINIATURA GUIA RIO DINERO Y PRESUPUESTOS.png,/guia/dinero,assets/js/bulk-photo-references.js,ruta exacta en inventario y referencia presente en código
GUIA DE RIO/DOCUMENTOS Y ENTRADA/ERNESTINHO DOCUMENTOS Y ENTRADA.png,/guia/documentos,assets/js/bulk-photo-references.js; guia/documentos/index.html,ruta exacta en inventario y referencia presente en código
GUIA DE RIO/MINIATURA DOCUMENTOS Y ENTRADA.png,/guia/documentos,assets/js/bulk-photo-references.js,ruta exacta en inventario y referencia presente en código
GUIA DE RIO/DONDE ALOJARSE EN RIO/DONDE ALOJARSE BOTAFOGO ATERR.jpg,/guia/donde-alojarse,assets/js/bulk-photo-references.js; guia/donde-alojarse/index.html,ruta exacta en inventario y referencia presente en código
GUIA DE RIO/DONDE ALOJARSE EN RIO/DONDE ALOJARSE DEBAJO DE TITULO.jpg,/guia/donde-alojarse,assets/js/bulk-photo-references.js; guia/donde-alojarse/index.html,ruta exacta en inventario y referencia presente en código
GUIA DE RIO/DONDE ALOJARSE EN RIO/IPANEMAS12.jpg,/guia/donde-alojarse,assets/js/bulk-photo-references.js; guia/donde-alojarse/index.html,ruta exacta en inventario y referencia presente en código
GUIA DE RIO/DONDE ALOJARSE EN RIO/DONDE ALOJARSE COPACABANA.jpg,/guia/donde-alojarse,assets/js/bulk-photo-references.js; guia/donde-alojarse/index.html,ruta exacta en inventario y referencia presente en código
GUIA DE RIO/DONDE ALOJARSE EN RIO/DONDE ALOJARSE BARRA DE TIJUCA.jpg,/guia/donde-alojarse,assets/js/bulk-photo-references.js; guia/donde-alojarse/index.html,ruta exacta en inventario y referencia presente en código
GUIA DE RIO/DONDE ALOJARSE EN RIO/DONDE ALOJARSE CENTRO.jpg,/guia/donde-alojarse,assets/js/bulk-photo-references.js; guia/donde-alojarse/index.html,ruta exacta en inventario y referencia presente en código
GUIA DE RIO/MINIATURA GUIA RIO DONDE ALOJARSE.png,/guia/donde-alojarse,assets/js/bulk-photo-references.js,ruta exacta en inventario y referencia presente en código
GUIA DE RIO/GUIA COMPLETA DE PIX/pagando con pix.jpg,/guia/pix,assets/js/bulk-photo-references.js; guia/pix/index.html,ruta exacta en inventario y referencia presente en código
GUIA DE RIO/GUIA COMPLETA DE PIX/pix brasil.jpg,/guia/pix,assets/js/bulk-photo-references.js; guia/pix/index.html,ruta exacta en inventario y referencia presente en código
GUIA DE RIO/MINIATURA GUIA RIO PIX.png,/guia/pix,assets/js/bulk-photo-references.js,ruta exacta en inventario y referencia presente en código
GUIA DE RIO/INTERNET Y E SIM/chip-virtual-viagem-eSIM-Airalo-capa-2019.jpg,/guia/internet,assets/js/bulk-photo-references.js; guia/internet/index.html,ruta exacta en inventario y referencia presente en código
GUIA DE RIO/INTERNET Y E SIM/celular para abajo de titulo.jpg,/guia/internet,assets/js/bulk-photo-references.js; guia/internet/index.html,ruta exacta en inventario y referencia presente en código
GUIA DE RIO/INTERNET Y E SIM/chip tim.jpg,/guia/internet,assets/js/bulk-photo-references.js; guia/internet/index.html,ruta exacta en inventario y referencia presente en código
GUIA DE RIO/MINIATURA GUIA RIO  INTERNET Y E SIM.png,/guia/internet,assets/js/bulk-photo-references.js,ruta exacta en inventario y referencia presente en código
GUIA DE RIO/SEGURIDAD Y EMERGENCIAS/salud y emergrencias.jpeg,/guia/emergencias,assets/js/bulk-photo-references.js; guia/emergencias/index.html,ruta exacta en inventario y referencia presente en código
GUIA DE RIO/MINIATURA GUIA RIO  SEGURIDAD Y EMERGENCIAS.png,/guia/emergencias,assets/js/bulk-photo-references.js,ruta exacta en inventario y referencia presente en código
GUIA DE RIO/SEGURO Y SALUD/ABAJO PORTADA SEGURO Y SALUD.jpg,/guia/seguro,assets/js/bulk-photo-references.js; guia/seguro/index.html,ruta exacta en inventario y referencia presente en código
GUIA DE RIO/SEGURO Y SALUD/BANNER ASSIST CARD.png,/guia/seguro,assets/js/bulk-photo-references.js; guia/seguro/index.html,ruta exacta en inventario y referencia presente en código
GUIA DE RIO/VIAJAR CON MENORES/VIAJAR CON MENORES DENTRO  (1).jpg,/guia/menores,assets/js/bulk-photo-references.js; guia/menores/index.html,ruta exacta en inventario y referencia presente en código
GUIA DE RIO/VIAJAR CON MENORES/VIAJAR CON MENORES DEBAJO DE PORTADA.jpg,/guia/menores,assets/js/bulk-photo-references.js; guia/menores/index.html,ruta exacta en inventario y referencia presente en código
GUIA DE RIO/MINIATURA GUIA RIO VIAJANDO CON MENORES.png,/guia/menores,assets/js/bulk-photo-references.js,ruta exacta en inventario y referencia presente en código
GUIA DE RIO/PERMANENCIA Y EXTENSION/santos doumont migracao va para permanencia.jpg,/guia/permanencia,assets/js/bulk-photo-references.js; guia/permanencia/index.html,ruta exacta en inventario y referencia presente en código
GUIA DE RIO/MINIATURAS GUIA RIO  PERMANENCIA Y EXTENCION.png,/guia/permanencia,assets/js/bulk-photo-references.js,ruta exacta en inventario y referencia presente en código
FAMILIA/FAMILIA lagoa/FAMILIA LAGOA (4).jpg,/familia/lagoa-rodrigo-de-freitas,assets/js/bulk-photo-references.js; familia/lagoa-rodrigo-de-freitas/index.html,ruta exacta en inventario y referencia presente en código
FAMILIA/FAMILIA lagoa/FAMILIA LAGOA (2).jpg,/familia/lagoa-rodrigo-de-freitas,assets/js/bulk-photo-references.js; familia/lagoa-rodrigo-de-freitas/index.html,ruta exacta en inventario y referencia presente en código
FAMILIA/FAMILIA lagoa/FAMILIA LAGOA (6).jpg,/familia/lagoa-rodrigo-de-freitas,assets/js/bulk-photo-references.js,ruta exacta en inventario y referencia presente en código
FAMILIA/FAMILIA lagoa/FAMILIA LAGOA (1).jpg,/familia/lagoa-rodrigo-de-freitas,assets/js/bulk-photo-references.js; familia/lagoa-rodrigo-de-freitas/index.html,ruta exacta en inventario y referencia presente en código
FAMILIA/FAMILIA lagoa/FAMILIA LAGOA (5).jpg,/familia/lagoa-rodrigo-de-freitas,assets/js/bulk-photo-references.js,ruta exacta en inventario y referencia presente en código
FAMILIA/MINIATURA FAMILIA ernes lagoa rodrigo.png,/familia/lagoa-rodrigo-de-freitas,assets/js/bulk-photo-references.js,ruta exacta en inventario y referencia presente en código
FAMILIA/FAMILIA CLAUDIO COUTINHO/FAMILIA CLAUDIO COUTINHO (2).jpg,/familia/pista-claudio-coutinho,assets/js/bulk-photo-references.js; familia/pista-claudio-coutinho/index.html,ruta exacta en inventario y referencia presente en código
FAMILIA/FAMILIA CLAUDIO COUTINHO/FAMILIA CLAUDIO COUTINHO (1).webp,/familia/pista-claudio-coutinho,assets/js/bulk-photo-references.js; familia/pista-claudio-coutinho/index.html,ruta exacta en inventario y referencia presente en código
FAMILIA/FAMILIA CLAUDIO COUTINHO/FAMILIA CLAUDIO COUTINHO (1).jpg,/familia/pista-claudio-coutinho,assets/js/bulk-photo-references.js; familia/pista-claudio-coutinho/index.html,ruta exacta en inventario y referencia presente en código
FAMILIA/MINIATURA FAMILIA ernes claudio coutinho.png,/familia/pista-claudio-coutinho,assets/js/bulk-photo-references.js,ruta exacta en inventario y referencia presente en código
FAMILIA/FAMILIA CARNAVAL EXPERIENCE FAMILIA/CARNAVAL EXPERIENCE PARA FAMILIA (1).jpg,/familia/carnaval-experience,assets/js/bulk-photo-references.js; familia/carnaval-experience/index.html,ruta exacta en inventario y referencia presente en código
FAMILIA/FAMILIA CARNAVAL EXPERIENCE FAMILIA/CARNAVAL EXPERIENCE PARA FAMILIA (2).jpg,/familia/carnaval-experience,assets/js/bulk-photo-references.js; familia/carnaval-experience/index.html,ruta exacta en inventario y referencia presente en código
FAMILIA/MINIATURA FAMILIA ernes carnaval experience.png,/familia/carnaval-experience,assets/js/bulk-photo-references.js,ruta exacta en inventario y referencia presente en código
FAMILIA/FAMILIA roda yupstar/IMG_0125(1).JPEG,/familia/yup-star,assets/js/bulk-photo-references.js; familia/yup-star/index.html,ruta exacta en inventario y referencia presente en código
FAMILIA/FAMILIA roda yupstar/roda 2.jpg,/familia/yup-star,assets/js/bulk-photo-references.js; familia/yup-star/index.html,ruta exacta en inventario y referencia presente en código
FAMILIA/FAMILIA roda yupstar/portada_yup_star.jpg,/familia/yup-star,assets/js/bulk-photo-references.js; familia/yup-star/index.html,ruta exacta en inventario y referencia presente en código
FAMILIA/MINIATURA FAMILIA ernes yup star.png,/familia/yup-star,assets/js/bulk-photo-references.js,ruta exacta en inventario y referencia presente en código
FAMILIA/FAMILIA burle marx/burle marx 3.jpg,/familia/sitio-roberto-burle-marx,assets/js/bulk-photo-references.js; familia/sitio-roberto-burle-marx/index.html,ruta exacta en inventario y referencia presente en código
FAMILIA/FAMILIA burle marx/burle marx 1.jpg,/familia/sitio-roberto-burle-marx,assets/js/bulk-photo-references.js; familia/sitio-roberto-burle-marx/index.html,ruta exacta en inventario y referencia presente en código
FAMILIA/FAMILIA burle marx/burle marx 2.jpg,/familia/sitio-roberto-burle-marx,assets/js/bulk-photo-references.js; familia/sitio-roberto-burle-marx/index.html,ruta exacta en inventario y referencia presente en código
FAMILIA/MINIATURA FAMILIA ernes burle marx.png,/familia/sitio-roberto-burle-marx,assets/js/bulk-photo-references.js,ruta exacta en inventario y referencia presente en código
FAMILIA/FAMILIA escape60 copa/ESCAPE 60 (2).jpg,/familia/escape-60-copacabana,assets/js/bulk-photo-references.js,ruta exacta en inventario y referencia presente en código
FAMILIA/FAMILIA escape60 copa/ESCAPE 60 (4).jpg,/familia/escape-60-copacabana,assets/js/bulk-photo-references.js,ruta exacta en inventario y referencia presente en código
FAMILIA/FAMILIA escape60 copa/ESCAPE 60 (1).jpg,/familia/escape-60-copacabana,assets/js/bulk-photo-references.js,ruta exacta en inventario y referencia presente en código
FAMILIA/FAMILIA escape60 copa/ESCAPE 60 (3).jpg,/familia/escape-60-copacabana,assets/js/bulk-photo-references.js,ruta exacta en inventario y referencia presente en código
FAMILIA/MINIATURA FAMILIA ernes escape 60.png,/familia/escape-60-copacabana,assets/js/bulk-photo-references.js,ruta exacta en inventario y referencia presente en código
FAMILIA/FAMILIA FERIA SAO CRISTOVAO/FAMILIA FERIA SAO CRISTOVAO (1).webp,/familia/feira-sao-cristovao,assets/js/bulk-photo-references.js,ruta exacta en inventario y referencia presente en código
FAMILIA/FAMILIA FERIA SAO CRISTOVAO/FAMILIA FERIA SAO CRISTOVAO (3).jpg,/familia/feira-sao-cristovao,assets/js/bulk-photo-references.js,ruta exacta en inventario y referencia presente en código
FAMILIA/FAMILIA FERIA SAO CRISTOVAO/FAMILIA FERIA SAO CRISTOVAO (1).jpg,/familia/feira-sao-cristovao,assets/js/bulk-photo-references.js,ruta exacta en inventario y referencia presente en código
FAMILIA/FAMILIA FERIA SAO CRISTOVAO/FAMILIA FERIA SAO CRISTOVAO (2).jpg,/familia/feira-sao-cristovao,assets/js/bulk-photo-references.js,ruta exacta en inventario y referencia presente en código
FAMILIA/FAMILIA FERIA SAO CRISTOVAO/FAMILIA FERIA SAO CRISTOVAO (4).jpg,/familia/feira-sao-cristovao,assets/js/bulk-photo-references.js,ruta exacta en inventario y referencia presente en código
FAMILIA/MINIATURA FAMILIA ernes feriao sao cristovao.png,/familia/feira-sao-cristovao,assets/js/bulk-photo-references.js,ruta exacta en inventario y referencia presente en código
FAMILIA/FAMILIA parque lage/lage.jpg,/familia/parque-lage,assets/js/bulk-photo-references.js; familia/parque-lage/index.html,ruta exacta en inventario y referencia presente en código
FAMILIA/MINIATURA FAMILIA ernes parque lage.png,/familia/parque-lage,assets/js/bulk-photo-references.js,ruta exacta en inventario y referencia presente en código
FAMILIA/FAMILIA barra bowlling/barra bowlling2.jpg,/familia/barra-bowling-grill,assets/js/bulk-photo-references.js,ruta exacta en inventario y referencia presente en código
FAMILIA/FAMILIA barra bowlling/barrabowlling44.jpg,/familia/barra-bowling-grill,assets/js/bulk-photo-references.js,ruta exacta en inventario y referencia presente en código
FAMILIA/FAMILIA barra bowlling/barrabowlling4.jpg,/familia/barra-bowling-grill,assets/js/bulk-photo-references.js,ruta exacta en inventario y referencia presente en código
FAMILIA/FAMILIA barra bowlling/barra bowlling22.jpg,/familia/barra-bowling-grill,assets/js/bulk-photo-references.js,ruta exacta en inventario y referencia presente en código
FAMILIA/FAMILIA barra bowlling/barra bowlling.jpg,/familia/barra-bowling-grill,assets/js/bulk-photo-references.js,ruta exacta en inventario y referencia presente en código
FAMILIA/MINIATURA FAMILIA ernes bowling.png,/familia/barra-bowling-grill,assets/js/bulk-photo-references.js,ruta exacta en inventario y referencia presente en código
FAMILIA/FAMILIA jadin botanico/JARDIMB2.jpg,/familia/jardim-botanico,assets/js/bulk-photo-references.js,ruta exacta en inventario y referencia presente en código
FAMILIA/FAMILIA jadin botanico/jardim botanico.jpg,/familia/jardim-botanico,assets/js/bulk-photo-references.js,ruta exacta en inventario y referencia presente en código
FAMILIA/FAMILIA jadin botanico/JARDIMB3.jpg,/familia/jardim-botanico,assets/js/bulk-photo-references.js,ruta exacta en inventario y referencia presente en código
FAMILIA/MINIATURA FAMILIA ernes jardim botanico.png,/familia/jardim-botanico,assets/js/bulk-photo-references.js,ruta exacta en inventario y referencia presente en código
FAMILIA/FAMILIA hotzone/hotzone barra3.jpg,/familia/hotzone-barrashopping,assets/js/bulk-photo-references.js; familia/hotzone-barrashopping/index.html,ruta exacta en inventario y referencia presente en código
FAMILIA/FAMILIA hotzone/hot zone barra 2.png,/familia/hotzone-barrashopping,assets/js/bulk-photo-references.js; familia/hotzone-barrashopping/index.html,ruta exacta en inventario y referencia presente en código
FAMILIA/FAMILIA hotzone/hotzone barra 1.jpg,/familia/hotzone-barrashopping,assets/js/bulk-photo-references.js; familia/hotzone-barrashopping/index.html,ruta exacta en inventario y referencia presente en código
FAMILIA/MINIATURA FAMILIA ernes hot zone.png,/familia/hotzone-barrashopping,assets/js/bulk-photo-references.js,ruta exacta en inventario y referencia presente en código
ATRACCIONES/pan de azucar/morro-da-urca-4.webp,/atracciones/pao-de-acucar,assets/js/bulk-photo-references.js,ruta exacta en inventario y referencia presente en código
ATRACCIONES/pan de azucar/morro-da-urca-12.webp,/atracciones/pao-de-acucar,assets/js/bulk-photo-references.js,ruta exacta en inventario y referencia presente en código
ATRACCIONES/pan de azucar/Bonde-1912_600-dpi.jpg,/atracciones/pao-de-acucar,assets/js/bulk-photo-references.js,ruta exacta en inventario y referencia presente en código
ATRACCIONES/pan de azucar/ILOV.png,/atracciones/pao-de-acucar,assets/js/bulk-photo-references.js,ruta exacta en inventario y referencia presente en código
ATRACCIONES/pan de azucar/2024-11-07 151558.jpg,/atracciones/pao-de-acucar,assets/js/bulk-photo-references.js,ruta exacta en inventario y referencia presente en código
ATRACCIONES/pan de azucar/historia-bondinho-pao-acucar-rio-janeiro-01.jpg,/atracciones/pao-de-acucar,assets/js/bulk-photo-references.js,ruta exacta en inventario y referencia presente en código
ATRACCIONES/pan de azucar/praia vermelha.jpg,/atracciones/pao-de-acucar,assets/js/bulk-photo-references.js,ruta exacta en inventario y referencia presente en código
ATRACCIONES/pan de azucar/historia-bondinho-pao-acucar-rio-janeiro-02.jpg,/atracciones/pao-de-acucar,assets/js/bulk-photo-references.js,ruta exacta en inventario y referencia presente en código
ATRACCIONES/pan de azucar/7e6ac4fb-44a3-47d0-8800-9283ca6b0c26.jpg,/atracciones/pao-de-acucar,assets/js/bulk-photo-references.js,ruta exacta en inventario y referencia presente en código
ATRACCIONES/pan de azucar/d7458220-8247-4240-8061-ef2f39764e83.jpg,/atracciones/pao-de-acucar,assets/js/bulk-photo-references.js,ruta exacta en inventario y referencia presente en código
ATRACCIONES/pan de azucar/146.jpg,/atracciones/pao-de-acucar,assets/js/bulk-photo-references.js,ruta exacta en inventario y referencia presente en código
ATRACCIONES/pan de azucar/precio-entrada-teleferico-del-pan-de-azucar.jpg,/atracciones/pao-de-acucar,assets/js/bulk-photo-references.js,ruta exacta en inventario y referencia presente en código
FOTOGRAFIA/FOTOGRAFIA BONDINHO.jpg,/atracciones/pao-de-acucar,assets/js/bulk-photo-references.js,ruta exacta en inventario y referencia presente en código
FOTOGRAFIA/FOTOGRAFIA PAN AZUCAR.jpg,/atracciones/pao-de-acucar,assets/js/bulk-photo-references.js,ruta exacta en inventario y referencia presente en código
ATRACCIONES/teatro municipal/2025-07-26 182027.jpg,/cultura/theatro-municipal,assets/js/bulk-photo-references.js,ruta exacta en inventario y referencia presente en código
ATRACCIONES/teatro municipal/IMG_20230825_131621220_HDR.jpg,/cultura/theatro-municipal,assets/js/bulk-photo-references.js,ruta exacta en inventario y referencia presente en código
ATRACCIONES/teatro municipal/2025-07-26 182407.jpg,/cultura/theatro-municipal,assets/js/bulk-photo-references.js,ruta exacta en inventario y referencia presente en código
ATRACCIONES/teatro municipal/Picture2.png,/cultura/theatro-municipal,assets/js/bulk-photo-references.js,ruta exacta en inventario y referencia presente en código
ATRACCIONES/teatro municipal/2025-07-26 182051.jpg,/cultura/theatro-municipal,assets/js/bulk-photo-references.js,ruta exacta en inventario y referencia presente en código
ATRACCIONES/teatro municipal/teatro municipal.jpg,/cultura/theatro-municipal,assets/js/bulk-photo-references.js,ruta exacta en inventario y referencia presente en código
FOTOGRAFIA/FOTOGRAFIA TEATRO MUNICIPAL.png,/cultura/theatro-municipal,assets/js/bulk-photo-references.js,ruta exacta en inventario y referencia presente en código
ATRACCIONES/real gabiente/real gab.jpg,/cultura/real-gabinete,assets/js/bulk-photo-references.js,ruta exacta en inventario y referencia presente en código
ATRACCIONES/real gabiente/2024-02-03 123942.jpg,/cultura/real-gabinete,assets/js/bulk-photo-references.js,ruta exacta en inventario y referencia presente en código
ATRACCIONES/real gabiente/IMG_20230801_120923371.jpg,/cultura/real-gabinete,assets/js/bulk-photo-references.js,ruta exacta en inventario y referencia presente en código
ATRACCIONES/real gabiente/207e767d-a04f-495b-9192-aca24126b7e2.jpg,/cultura/real-gabinete,assets/js/bulk-photo-references.js,ruta exacta en inventario y referencia presente en código
ATRACCIONES/real gabiente/4.png,/cultura/real-gabinete,assets/js/bulk-photo-references.js,ruta exacta en inventario y referencia presente en código
ATRACCIONES/real gabiente/IMG_20230801_120932652.jpg,/cultura/real-gabinete,assets/js/bulk-photo-references.js,ruta exacta en inventario y referencia presente en código
ATRACCIONES/real gabiente/df240dc2-b21e-4aab-8707-2ec641d74317.jpg,/cultura/real-gabinete,assets/js/bulk-photo-references.js,ruta exacta en inventario y referencia presente en código
ATRACCIONES/real gabiente/2024-02-03 123958.jpg,/cultura/real-gabinete,assets/js/bulk-photo-references.js,ruta exacta en inventario y referencia presente en código
FOTOGRAFIA/FOTOGRAFIA REAL GABINETE.jpg,/cultura/real-gabinete,assets/js/bulk-photo-references.js,ruta exacta en inventario y referencia presente en código
ATRACCIONES/catedralrio/PSX_20230127_121515.jpg,/cultura/catedral-metropolitana,assets/js/bulk-photo-references.js,ruta exacta en inventario y referencia presente en código
ATRACCIONES/catedralrio/catedralas.jpg,/cultura/catedral-metropolitana,assets/js/bulk-photo-references.js,ruta exacta en inventario y referencia presente en código
ATRACCIONES/catedralrio/PSX_20230127_121515(1).jpg,/cultura/catedral-metropolitana,assets/js/bulk-photo-references.js,ruta exacta en inventario y referencia presente en código
ATRACCIONES/catedralrio/WhatsApp Image 2023-01-27 at 12.33.46.jpeg,/cultura/catedral-metropolitana,assets/js/bulk-photo-references.js,ruta exacta en inventario y referencia presente en código
ATRACCIONES/catedralrio/FB_IMG_1690397045688.jpg,/cultura/catedral-metropolitana,assets/js/bulk-photo-references.js,ruta exacta en inventario y referencia presente en código
ATRACCIONES/catedralrio/FB_IMG_1682776174075.jpg,/cultura/catedral-metropolitana,assets/js/bulk-photo-references.js,ruta exacta en inventario y referencia presente en código
ATRACCIONES/catedralrio/WhatsApp Image 2023-01-27 at 12.33.47.jpeg,/cultura/catedral-metropolitana,assets/js/bulk-photo-references.js,ruta exacta en inventario y referencia presente en código
ARTE Y CULTURA/museos/catedral1/museo catedral12.jpg,/cultura/catedral-metropolitana,assets/js/bulk-photo-references.js,ruta exacta en inventario y referencia presente en código
ARTE Y CULTURA/museos/catedral1/71a8fd81-4ab2-4416-8906-3843609d9ca2.png,/cultura/catedral-metropolitana,assets/js/bulk-photo-references.js,ruta exacta en inventario y referencia presente en código
ARTE Y CULTURA/museos/catedral1/efbb241f-7af8-4030-864c-e40fe93d76c6.png,/cultura/catedral-metropolitana,assets/js/bulk-photo-references.js,ruta exacta en inventario y referencia presente en código
ARTE Y CULTURA/museos/catedral1/museo catedral123.jpg,/cultura/catedral-metropolitana,assets/js/bulk-photo-references.js,ruta exacta en inventario y referencia presente en código
ARTE Y CULTURA/museos/catedral1/museo catedral1.jpg,/cultura/catedral-metropolitana,assets/js/bulk-photo-references.js,ruta exacta en inventario y referencia presente en código
FOTOGRAFIA/FOTOGRAFIA CATEDRAL.jpg,/cultura/catedral-metropolitana,assets/js/bulk-photo-references.js,ruta exacta en inventario y referencia presente en código
BARRIOS/larsangeiras/casas viejas laranjeiras.jpg,/barrios/laranjeiras,assets/js/bulk-photo-references.js,ruta exacta en inventario y referencia presente en código
BARRIOS/larsangeiras/sede fluminense laranjeiras.jpg,/barrios/laranjeiras,assets/js/bulk-photo-references.js,ruta exacta en inventario y referencia presente en código
BARRIOS/larsangeiras/palacio laranjeiras 13r4.jpg,/barrios/laranjeiras,assets/js/bulk-photo-references.js,ruta exacta en inventario y referencia presente en código
"BARRIOS/larsangeiras/(Laranjeiras),_da_Coleção_Brasiliana_Iconográfica.jpg",/barrios/laranjeiras,assets/js/bulk-photo-references.js,ruta exacta en inventario y referencia presente en código
BARRIOS/larsangeiras/feria laranjeiras.jpg,/barrios/laranjeiras,assets/js/bulk-photo-references.js,ruta exacta en inventario y referencia presente en código
BARRIOS/larsangeiras/casas casadas laranjeiras.jpg,/barrios/laranjeiras,assets/js/bulk-photo-references.js,ruta exacta en inventario y referencia presente en código
"BARRIOS/larsangeiras/Palácio_Guanabara,_Acervo_do_Instituto_Moreira_Salles.jpg",/barrios/laranjeiras,assets/js/bulk-photo-references.js,ruta exacta en inventario y referencia presente en código
BARRIOS/larsangeiras/parque-eduardo-guinle.jpg,/barrios/laranjeiras,assets/js/bulk-photo-references.js,ruta exacta en inventario y referencia presente en código
BARRIOS/larsangeiras/Companhia_de_Fiação_e_Tecidos_Aliança_(Laranjeiras)_–_1880.jpg,/barrios/laranjeiras,assets/js/bulk-photo-references.js,ruta exacta en inventario y referencia presente en código
vida nocturna/quartinho bar botafogo/quintinho bar vn (4).jpg,/vida-nocturna/quartinho,assets/js/bulk-photo-references.js,ruta exacta en inventario y referencia presente en código
vida nocturna/quartinho bar botafogo/quintinho bar vn (5).jpg,/vida-nocturna/quartinho,assets/js/bulk-photo-references.js,ruta exacta en inventario y referencia presente en código
vida nocturna/quartinho bar botafogo/quintinho bar vn (3).jpg,/vida-nocturna/quartinho,assets/js/bulk-photo-references.js,ruta exacta en inventario y referencia presente en código
vida nocturna/quartinho bar botafogo/quintinho bar vn (6).jpg,/vida-nocturna/quartinho,assets/js/bulk-photo-references.js,ruta exacta en inventario y referencia presente en código
vida nocturna/quartinho bar botafogo/quintinho bar vn (1).jpg,/vida-nocturna/quartinho,assets/js/bulk-photo-references.js,ruta exacta en inventario y referencia presente en código
vida nocturna/quartinho bar botafogo/quintinho bar vn (2).jpg,/vida-nocturna/quartinho,assets/js/bulk-photo-references.js,ruta exacta en inventario y referencia presente en código
vida nocturna/macuna-bar-botafogo/macuna bar botafogo vn (1).jpg,/vida-nocturna/macuna,assets/js/bulk-photo-references.js,ruta exacta en inventario y referencia presente en código
vida nocturna/macuna-bar-botafogo/macuna bar botafogo vn (3).jpg,/vida-nocturna/macuna,assets/js/bulk-photo-references.js,ruta exacta en inventario y referencia presente en código
vida nocturna/macuna-bar-botafogo/macuna bar botafogo vn (1).avif,/vida-nocturna/macuna,assets/js/bulk-photo-references.js,ruta exacta en inventario y referencia presente en código
vida nocturna/macuna-bar-botafogo/macuna bar botafogo vn (2).jpg,/vida-nocturna/macuna,assets/js/bulk-photo-references.js,ruta exacta en inventario y referencia presente en código
vida nocturna/pizzeria canastra/pizzaria canastra ipanema (1).jpg,/vida-nocturna/pizzaria-canastra,assets/js/bulk-photo-references.js,ruta exacta en inventario y referencia presente en código
vida nocturna/pizzeria canastra/pizzaria canastra ipanema (2).jpg,/vida-nocturna/pizzaria-canastra,assets/js/bulk-photo-references.js,ruta exacta en inventario y referencia presente en código
vida nocturna/pizzeria canastra/pizzaria canastra ipanema (6).jpg,/vida-nocturna/pizzaria-canastra,assets/js/bulk-photo-references.js,ruta exacta en inventario y referencia presente en código
vida nocturna/pizzeria canastra/pizzaria canastra ipanema (5).jpg,/vida-nocturna/pizzaria-canastra,assets/js/bulk-photo-references.js,ruta exacta en inventario y referencia presente en código
vida nocturna/pizzeria canastra/pizzaria canastra ipanema (4).jpg,/vida-nocturna/pizzaria-canastra,assets/js/bulk-photo-references.js,ruta exacta en inventario y referencia presente en código
vida nocturna/pizzeria canastra/pizzaria canastra ipanema (7).jpg,/vida-nocturna/pizzaria-canastra,assets/js/bulk-photo-references.js,ruta exacta en inventario y referencia presente en código
vida nocturna/pizzeria canastra/pizzaria canastra ipanema (3).jpg,/vida-nocturna/pizzaria-canastra,assets/js/bulk-photo-references.js,ruta exacta en inventario y referencia presente en código
vida nocturna/Botafogo Comuna/bar comuna botafogo (2).jpg,/vida-nocturna/comuna,assets/js/bulk-photo-references.js,ruta exacta en inventario y referencia presente en código
vida nocturna/Botafogo Comuna/bar comuna botafogo (7).jpg,/vida-nocturna/comuna,assets/js/bulk-photo-references.js,ruta exacta en inventario y referencia presente en código
vida nocturna/Botafogo Comuna/bar comuna botafogo (5).jpg,/vida-nocturna/comuna,assets/js/bulk-photo-references.js,ruta exacta en inventario y referencia presente en código
vida nocturna/Botafogo Comuna/bar comuna botafogo (6).jpg,/vida-nocturna/comuna,assets/js/bulk-photo-references.js,ruta exacta en inventario y referencia presente en código
vida nocturna/Botafogo Comuna/bar comuna botafogo (4).jpg,/vida-nocturna/comuna,assets/js/bulk-photo-references.js,ruta exacta en inventario y referencia presente en código
vida nocturna/Botafogo Comuna/bar comuna botafogo (1).jpg,/vida-nocturna/comuna,assets/js/bulk-photo-references.js,ruta exacta en inventario y referencia presente en código
vida nocturna/Botafogo Comuna/bar comuna botafogo (3).jpg,/vida-nocturna/comuna,assets/js/bulk-photo-references.js,ruta exacta en inventario y referencia presente en código
vida nocturna/rio escenarium/rio scenarium vida nocturna  (7).jpg,/vida-nocturna/rio-scenarium,assets/js/bulk-photo-references.js,ruta exacta en inventario y referencia presente en código
vida nocturna/rio escenarium/rio scenarium vida nocturna  (3).jpg,/vida-nocturna/rio-scenarium,assets/js/bulk-photo-references.js,ruta exacta en inventario y referencia presente en código
vida nocturna/rio escenarium/rio scenarium vida nocturna  (2).jpg,/vida-nocturna/rio-scenarium,assets/js/bulk-photo-references.js,ruta exacta en inventario y referencia presente en código
vida nocturna/rio escenarium/rio scenarium vida nocturna  (1).jpg,/vida-nocturna/rio-scenarium,assets/js/bulk-photo-references.js,ruta exacta en inventario y referencia presente en código
vida nocturna/rio escenarium/rio scenarium vida nocturna  (5).jpg,/vida-nocturna/rio-scenarium,assets/js/bulk-photo-references.js,ruta exacta en inventario y referencia presente en código
vida nocturna/rio escenarium/rio scenarium vida nocturna  (6).jpg,/vida-nocturna/rio-scenarium,assets/js/bulk-photo-references.js,ruta exacta en inventario y referencia presente en código
vida nocturna/rio escenarium/rio scenarium vida nocturna  (4).jpg,/vida-nocturna/rio-scenarium,assets/js/bulk-photo-references.js,ruta exacta en inventario y referencia presente en código
vida nocturna/secadura154/secadura154 vnvidas  (2).jpg,/vida-nocturna/sacadura-154,assets/js/bulk-photo-references.js,ruta exacta en inventario y referencia presente en código
vida nocturna/secadura154/secadura154 vnvidas  (5).jpg,/vida-nocturna/sacadura-154,assets/js/bulk-photo-references.js,ruta exacta en inventario y referencia presente en código
vida nocturna/secadura154/secadura154 vnvidas  (1).jpg,/vida-nocturna/sacadura-154,assets/js/bulk-photo-references.js,ruta exacta en inventario y referencia presente en código
vida nocturna/secadura154/secadura154 vnvidas  (4).jpg,/vida-nocturna/sacadura-154,assets/js/bulk-photo-references.js,ruta exacta en inventario y referencia presente en código
vida nocturna/secadura154/secadura154 vnvidas  (6).jpg,/vida-nocturna/sacadura-154,assets/js/bulk-photo-references.js,ruta exacta en inventario y referencia presente en código
vida nocturna/secadura154/secadura154 vnvidas  (3).jpg,/vida-nocturna/sacadura-154,assets/js/bulk-photo-references.js,ruta exacta en inventario y referencia presente en código
transportes/ALQUILER AUTO/alquiler-de-coches.jpg,/transportes/alquiler-vehiculo,assets/js/bulk-photo-references.js; transportes/alquiler-vehiculo/index.html,ruta exacta en inventario y referencia presente en código
transportes/TRANSPORTES MINIATURA ALQUILER VEHICULO.jpg,/transportes/alquiler-vehiculo,assets/js/bulk-photo-references.js,ruta exacta en inventario y referencia presente en código
transportes/BIKE ITAU/foto aplicativo bike itau.jpg,/transportes/bicicletas,assets/js/bulk-photo-references.js; transportes/bicicletas/index.html,ruta exacta en inventario y referencia presente en código
transportes/BIKE ITAU/bike itau transporte (3).jpg,/transportes/bicicletas,assets/js/bulk-photo-references.js; transportes/bicicletas/index.html,ruta exacta en inventario y referencia presente en código
transportes/BIKE ITAU/bike itau transporte (2).jpg,/transportes/bicicletas,assets/js/bulk-photo-references.js; transportes/bicicletas/index.html,ruta exacta en inventario y referencia presente en código
transportes/BIKE ITAU/mapa ciclovias.jpg,/transportes/bicicletas,assets/js/bulk-photo-references.js; transportes/bicicletas/index.html,ruta exacta en inventario y referencia presente en código
transportes/BIKE ITAU/bike itau transporte (5).jpg,/transportes/bicicletas,assets/js/bulk-photo-references.js; transportes/bicicletas/index.html,ruta exacta en inventario y referencia presente en código
transportes/BIKE ITAU/bike itau transporte (4).jpg,/transportes/bicicletas,assets/js/bulk-photo-references.js; transportes/bicicletas/index.html,ruta exacta en inventario y referencia presente en código
transportes/BIKE ITAU/bike itau transporte (1).jpg,/transportes/bicicletas,assets/js/bulk-photo-references.js; transportes/bicicletas/index.html,ruta exacta en inventario y referencia presente en código
transportes/TRANSPORTES miniatura itau.jpg,/transportes/bicicletas,assets/js/bulk-photo-references.js,ruta exacta en inventario y referencia presente en código
transportes/BARCA/BARCAS3.jpg,/transportes/barcas,assets/js/bulk-photo-references.js,ruta exacta en inventario y referencia presente en código
transportes/BARCA/BARCAS 1.jpg,/transportes/barcas,assets/js/bulk-photo-references.js; transportes/barcas/index.html,ruta exacta en inventario y referencia presente en código
transportes/BARCA/BARCAS 2.jpg,/transportes/barcas,assets/js/bulk-photo-references.js; transportes/barcas/index.html,ruta exacta en inventario y referencia presente en código
transportes/TRANSPORTE MINIATURA BARCA.jpg,/transportes/barcas,assets/js/bulk-photo-references.js,ruta exacta en inventario y referencia presente en código
transportes/BONDINHO/BONDINHO 2.jpg,/transportes/bonde-santa-teresa,assets/js/bulk-photo-references.js,ruta exacta en inventario y referencia presente en código
transportes/BONDINHO/BONDINHO 1.jpg,/transportes/bonde-santa-teresa,assets/js/bulk-photo-references.js; transportes/bonde-santa-teresa/index.html,ruta exacta en inventario y referencia presente en código
transportes/BONDINHO/BONDINHO MAPA.jpg,/transportes/bonde-santa-teresa,assets/js/bulk-photo-references.js,ruta exacta en inventario y referencia presente en código
transportes/BONDINHO/BONDINHO ERNESTINHO.jpg,/transportes/bonde-santa-teresa,assets/js/bulk-photo-references.js,ruta exacta en inventario y referencia presente en código
transportes/BONDINHO/BONDINHO 3.jpg,/transportes/bonde-santa-teresa,assets/js/bulk-photo-references.js,ruta exacta en inventario y referencia presente en código
transportes/bondin.jpg,/transportes/bonde-santa-teresa,assets/js/bulk-photo-references.js,ruta exacta en inventario y referencia presente en código
ARTE Y CULTURA/FORTES/FORTE SAO JOAO/FORTE SAO JOAO (1).jpg,/cultura/fortaleza-sao-joao,assets/js/bulk-photo-references.js,ruta exacta en inventario y referencia presente en código
ARTE Y CULTURA/FORTES/FORTE SAO JOAO/FORTE SAO JOAO (13).jpg,/cultura/fortaleza-sao-joao,assets/js/bulk-photo-references.js,ruta exacta en inventario y referencia presente en código
ARTE Y CULTURA/FORTES/FORTE SAO JOAO/FORTE SAO JOAO (8).jpg,/cultura/fortaleza-sao-joao,assets/js/bulk-photo-references.js,ruta exacta en inventario y referencia presente en código
ARTE Y CULTURA/FORTES/FORTE SAO JOAO/FORTE SAO JOAO (2).jpg,/cultura/fortaleza-sao-joao,assets/js/bulk-photo-references.js,ruta exacta en inventario y referencia presente en código
ARTE Y CULTURA/FORTES/FORTE SAO JOAO/FORTE SAO JOAO (12).jpg,/cultura/fortaleza-sao-joao,assets/js/bulk-photo-references.js,ruta exacta en inventario y referencia presente en código
ARTE Y CULTURA/FORTES/FORTE SAO JOAO/FORTE SAO JOAO (3).jpg,/cultura/fortaleza-sao-joao,assets/js/bulk-photo-references.js,ruta exacta en inventario y referencia presente en código
ARTE Y CULTURA/FORTES/FORTE SAO JOAO/FORTE SAO JOAO (9).jpg,/cultura/fortaleza-sao-joao,assets/js/bulk-photo-references.js,ruta exacta en inventario y referencia presente en código
ARTE Y CULTURA/FORTES/FORTE SAO JOAO/FORTE SAO JOAO (14).jpg,/cultura/fortaleza-sao-joao,assets/js/bulk-photo-references.js,ruta exacta en inventario y referencia presente en código
ARTE Y CULTURA/FORTES/FORTE SAO JOAO/FORTE SAO JOAO (6).jpg,/cultura/fortaleza-sao-joao,assets/js/bulk-photo-references.js,ruta exacta en inventario y referencia presente en código
ARTE Y CULTURA/FORTES/FORTE SAO JOAO/FORTE SAO JOAO (5).jpg,/cultura/fortaleza-sao-joao,assets/js/bulk-photo-references.js,ruta exacta en inventario y referencia presente en código
ARTE Y CULTURA/FORTES/FORTE SAO JOAO/FORTE SAO JOAO (10).jpg,/cultura/fortaleza-sao-joao,assets/js/bulk-photo-references.js,ruta exacta en inventario y referencia presente en código
ARTE Y CULTURA/FORTES/FORTE SAO JOAO/FORTE SAO JOAO (4).jpg,/cultura/fortaleza-sao-joao,assets/js/bulk-photo-references.js,ruta exacta en inventario y referencia presente en código
ARTE Y CULTURA/FORTES/FORTE SAO JOAO/FORTE SAO JOAO (11).jpg,/cultura/fortaleza-sao-joao,assets/js/bulk-photo-references.js,ruta exacta en inventario y referencia presente en código
ARTE Y CULTURA/FORTES/FORTE SAO JOAO/FORTE SAO JOAO (7).jpg,/cultura/fortaleza-sao-joao,assets/js/bulk-photo-references.js,ruta exacta en inventario y referencia presente en código
ARTE Y CULTURA/FORTES/forte leme/fuerte leme (2).jpg,/cultura/forte-duque-caxias,assets/js/bulk-photo-references.js,ruta exacta en inventario y referencia presente en código
ARTE Y CULTURA/FORTES/forte leme/fuerte leme (5).jpg,/cultura/forte-duque-caxias,assets/js/bulk-photo-references.js,ruta exacta en inventario y referencia presente en código
ARTE Y CULTURA/FORTES/forte leme/fuerte leme (8).jpg,/cultura/forte-duque-caxias,assets/js/bulk-photo-references.js,ruta exacta en inventario y referencia presente en código
ARTE Y CULTURA/FORTES/forte leme/fuerte leme (3).jpg,/cultura/forte-duque-caxias,assets/js/bulk-photo-references.js,ruta exacta en inventario y referencia presente en código
ARTE Y CULTURA/FORTES/forte leme/fuerte leme (4).jpg,/cultura/forte-duque-caxias,assets/js/bulk-photo-references.js,ruta exacta en inventario y referencia presente en código
ARTE Y CULTURA/FORTES/forte leme/fuerte leme (10).jpg,/cultura/forte-duque-caxias,assets/js/bulk-photo-references.js,ruta exacta en inventario y referencia presente en código
ARTE Y CULTURA/FORTES/forte leme/fuerte leme (9).jpg,/cultura/forte-duque-caxias,assets/js/bulk-photo-references.js,ruta exacta en inventario y referencia presente en código
ARTE Y CULTURA/FORTES/forte leme/fuerte leme (11).jpg,/cultura/forte-duque-caxias,assets/js/bulk-photo-references.js,ruta exacta en inventario y referencia presente en código
ARTE Y CULTURA/FORTES/forte leme/fuerte leme (7).jpg,/cultura/forte-duque-caxias,assets/js/bulk-photo-references.js,ruta exacta en inventario y referencia presente en código
ARTE Y CULTURA/FORTES/forte leme/fuerte leme (12).jpg,/cultura/forte-duque-caxias,assets/js/bulk-photo-references.js,ruta exacta en inventario y referencia presente en código
ARTE Y CULTURA/FORTES/forte leme/fuerte leme (6).jpg,/cultura/forte-duque-caxias,assets/js/bulk-photo-references.js,ruta exacta en inventario y referencia presente en código
ARTE Y CULTURA/FORTES/forte leme/fuerte leme (1).jpg,/cultura/forte-duque-caxias,assets/js/bulk-photo-references.js,ruta exacta en inventario y referencia presente en código
ARTE Y CULTURA/museos/CASA BENJ/f4585961-7302-4552-94ab-51a2fa6c0173.png,/cultura/benjamin-constant,assets/js/bulk-photo-references.js,ruta exacta en inventario y referencia presente en código
ARTE Y CULTURA/museos/CASA BENJ/Museu_Casa_de_Benjamin_Constant.jpg,/cultura/benjamin-constant,assets/js/bulk-photo-references.js,ruta exacta en inventario y referencia presente en código
ARTE Y CULTURA/museos/CASA BENJ/CASABENJ2.jpg,/cultura/benjamin-constant,assets/js/bulk-photo-references.js,ruta exacta en inventario y referencia presente en código
ARTE Y CULTURA/museos/CASA BENJ/800X600ef.png,/cultura/benjamin-constant,assets/js/bulk-photo-references.js,ruta exacta en inventario y referencia presente en código
ARTE Y CULTURA/museos/CASA BENJ/Caramanchão_do_Museu_Casa_de_Benjamin_Constant.jpg,/cultura/benjamin-constant,assets/js/bulk-photo-references.js; cultura/benjamin-constant/index.html,ruta exacta en inventario y referencia presente en código
ARTE Y CULTURA/museos/CASA BENJ/CASABENJ.jpg,/cultura/benjamin-constant,assets/js/bulk-photo-references.js,ruta exacta en inventario y referencia presente en código
ARTE Y CULTURA/museos/INSTITUTO HISTORICO/M HISTORICO 4.jpg,/cultura/ihgb,assets/js/bulk-photo-references.js,ruta exacta en inventario y referencia presente en código
ARTE Y CULTURA/museos/INSTITUTO HISTORICO/instituto historico 123.jpg,/cultura/ihgb,assets/js/bulk-photo-references.js,ruta exacta en inventario y referencia presente en código
ARTE Y CULTURA/museos/INSTITUTO HISTORICO/M HISTORICO 3.jpg,/cultura/ihgb,assets/js/bulk-photo-references.js,ruta exacta en inventario y referencia presente en código
ARTE Y CULTURA/museos/INSTITUTO HISTORICO/27443b72-104b-4137-a186-24bcaef4fc97.png,/cultura/ihgb,assets/js/bulk-photo-references.js,ruta exacta en inventario y referencia presente en código
ARTE Y CULTURA/museos/INSTITUTO HISTORICO/instituto historico 1.jpg,/cultura/ihgb,assets/js/bulk-photo-references.js,ruta exacta en inventario y referencia presente en código
ARTE Y CULTURA/museos/INSTITUTO HISTORICO/8429a8af-cd6a-4219-b025-29b505db853c.png,/cultura/ihgb,assets/js/bulk-photo-references.js,ruta exacta en inventario y referencia presente en código
ARTE Y CULTURA/museos/INSTITUTO HISTORICO/instituto historico 12.jpg,/cultura/ihgb,assets/js/bulk-photo-references.js,ruta exacta en inventario y referencia presente en código
ARTE Y CULTURA/museos/edinson/edinson5.jpg,/cultura/folclore-edison-carneiro,assets/js/bulk-photo-references.js,ruta exacta en inventario y referencia presente en código
ARTE Y CULTURA/museos/edinson/edinson4.jpg,/cultura/folclore-edison-carneiro,assets/js/bulk-photo-references.js,ruta exacta en inventario y referencia presente en código
ARTE Y CULTURA/museos/edinson/800x600133.png,/cultura/folclore-edison-carneiro,assets/js/bulk-photo-references.js,ruta exacta en inventario y referencia presente en código
ARTE Y CULTURA/museos/edinson/edinson2.jpg,/cultura/folclore-edison-carneiro,assets/js/bulk-photo-references.js,ruta exacta en inventario y referencia presente en código
ARTE Y CULTURA/museos/edinson/edinson3.jpg,/cultura/folclore-edison-carneiro,assets/js/bulk-photo-references.js,ruta exacta en inventario y referencia presente en código
ARTE Y CULTURA/museos/edinson/edinson1.jpg,/cultura/folclore-edison-carneiro,assets/js/bulk-photo-references.js,ruta exacta en inventario y referencia presente en código
"ARTE Y CULTURA/museos/edinson/ChatGPT Image Sep 1, 2026, 06_48_05 PM.png",/cultura/folclore-edison-carneiro,assets/js/bulk-photo-references.js,ruta exacta en inventario y referencia presente en código
ARTE Y CULTURA/museos/CHACRA/800X600e.png,/cultura/chacara-ceu,assets/js/bulk-photo-references.js,ruta exacta en inventario y referencia presente en código
ARTE Y CULTURA/museos/CHACRA/da0728d9-368b-484f-bbf3-5f2d0aa4ef71.png,/cultura/chacara-ceu,assets/js/bulk-photo-references.js,ruta exacta en inventario y referencia presente en código
ARTE Y CULTURA/museos/CHACRA/ChacaraCeu-Study.jpg,/cultura/chacara-ceu,assets/js/bulk-photo-references.js; cultura/chacara-ceu/index.html,ruta exacta en inventario y referencia presente en código
ARTE Y CULTURA/museos/CHACRA/Museu_da_Chácara_do_Céu_01.jpg,/cultura/chacara-ceu,assets/js/bulk-photo-references.js,ruta exacta en inventario y referencia presente en código
ARTE Y CULTURA/museos/CHACRA/Utensílios_domésticos_pertencentes_ao_acervo_do_Museu_Chácara_do_Céu_-_Rio_de_Janeiro_-_foto_Carlos_Alkmin.jpg,/cultura/chacara-ceu,assets/js/bulk-photo-references.js,ruta exacta en inventario y referencia presente en código
ARTE Y CULTURA/museos/BELASARTES/56e0513e-1e8b-4dcc-849b-ffd4a1bbd040.png,/cultura/mnba,assets/js/bulk-photo-references.js,ruta exacta en inventario y referencia presente en código
ARTE Y CULTURA/museos/BELASARTES/800X600b.png,/cultura/mnba,assets/js/bulk-photo-references.js,ruta exacta en inventario y referencia presente en código
ARTE Y CULTURA/museos/BELASARTES/Museu_de_Belas_Artes_do_Rio_de_Janeiro._(8728685805).jpg,/cultura/mnba,assets/js/bulk-photo-references.js,ruta exacta en inventario y referencia presente en código
ARTE Y CULTURA/museos/BELASARTES/Museu_Nacional_de_Belas_Artes_(48861812027).jpg,/cultura/mnba,assets/js/bulk-photo-references.js,ruta exacta en inventario y referencia presente en código
ARTE Y CULTURA/museos/BELASARTES/Museu_Nacional_de_Belas_Artes_(48861812697).jpg,/cultura/mnba,assets/js/bulk-photo-references.js,ruta exacta en inventario y referencia presente en código
ARTE Y CULTURA/museos/MAC/MAC2.jpg,/cultura/mac-niteroi,assets/js/bulk-photo-references.js,ruta exacta en inventario y referencia presente en código
ARTE Y CULTURA/museos/MAC/4948638e-0889-4bdb-b04b-1693a4b18569.png,/cultura/mac-niteroi,assets/js/bulk-photo-references.js,ruta exacta en inventario y referencia presente en código
ARTE Y CULTURA/museos/MAC/MAC1.jpg,/cultura/mac-niteroi,assets/js/bulk-photo-references.js,ruta exacta en inventario y referencia presente en código
ARTE Y CULTURA/museos/MAC/MAC3.jpg,/cultura/mac-niteroi,assets/js/bulk-photo-references.js,ruta exacta en inventario y referencia presente en código
ARTE Y CULTURA/museos/MAC/800X60013.png,/cultura/mac-niteroi,assets/js/bulk-photo-references.js,ruta exacta en inventario y referencia presente en código
FOTOGRAFIA/FOTOGRAFIAS MAC NITEROI.jpg,/cultura/mac-niteroi,assets/js/bulk-photo-references.js,ruta exacta en inventario y referencia presente en código
ARTE Y CULTURA/museos/CATETE/CATETE.jpg,/cultura/museu-republica,assets/js/bulk-photo-references.js,ruta exacta en inventario y referencia presente en código
ARTE Y CULTURA/museos/CATETE/800X600c.png,/cultura/museu-republica,assets/js/bulk-photo-references.js,ruta exacta en inventario y referencia presente en código
ARTE Y CULTURA/museos/CATETE/945f59d0-702e-4880-bdb1-e33dc656c565.png,/cultura/museu-republica,assets/js/bulk-photo-references.js,ruta exacta en inventario y referencia presente en código
ARTE Y CULTURA/museos/CATETE/CATETE3.jpg,/cultura/museu-republica,assets/js/bulk-photo-references.js,ruta exacta en inventario y referencia presente en código
ARTE Y CULTURA/museos/CATETE/CATETE2.jpg,/cultura/museu-republica,assets/js/bulk-photo-references.js,ruta exacta en inventario y referencia presente en código
ARTE Y CULTURA/museos/light/7aa9eff7-79d9-44c8-a497-b50845389576.png,/cultura/museu-light,assets/js/bulk-photo-references.js,ruta exacta en inventario y referencia presente en código
ARTE Y CULTURA/museos/light/light123.jpg,/cultura/museu-light,assets/js/bulk-photo-references.js,ruta exacta en inventario y referencia presente en código
ARTE Y CULTURA/museos/light/light12.jpg,/cultura/museu-light,assets/js/bulk-photo-references.js,ruta exacta en inventario y referencia presente en código
ARTE Y CULTURA/museos/light/light1.jpg,/cultura/museu-light,assets/js/bulk-photo-references.js,ruta exacta en inventario y referencia presente en código
ARTE Y CULTURA/museos/light/800x600.png,/cultura/museu-light,assets/js/bulk-photo-references.js,ruta exacta en inventario y referencia presente en código
ARTE Y CULTURA/museos/MUSEUFLA/c960ed5b-710b-44c1-a564-544fe71e8eca.png,/cultura/museu-flamengo,assets/js/bulk-photo-references.js,ruta exacta en inventario y referencia presente en código
ARTE Y CULTURA/museos/MUSEUFLA/MFLA1234.jpg,/cultura/museu-flamengo,assets/js/bulk-photo-references.js,ruta exacta en inventario y referencia presente en código
ARTE Y CULTURA/museos/MUSEUFLA/800X600aq.png,/cultura/museu-flamengo,assets/js/bulk-photo-references.js,ruta exacta en inventario y referencia presente en código
ARTE Y CULTURA/museos/MUSEUFLA/MFLA12.jpg,/cultura/museu-flamengo,assets/js/bulk-photo-references.js,ruta exacta en inventario y referencia presente en código
ARTE Y CULTURA/museos/MUSEUFLA/MFLA123.jpg,/cultura/museu-flamengo,assets/js/bulk-photo-references.js,ruta exacta en inventario y referencia presente en código
ARTE Y CULTURA/museos/ARQ ITAIPU/ARQ ITAIPU3.jpg,/cultura/arqueologia-itaipu,assets/js/bulk-photo-references.js,ruta exacta en inventario y referencia presente en código
ARTE Y CULTURA/museos/ARQ ITAIPU/d037dec1-ccbc-44db-b125-230f5742db8f.png,/cultura/arqueologia-itaipu,assets/js/bulk-photo-references.js,ruta exacta en inventario y referencia presente en código
ARTE Y CULTURA/museos/ARQ ITAIPU/ARQ ITAIPU.jpg,/cultura/arqueologia-itaipu,assets/js/bulk-photo-references.js,ruta exacta en inventario y referencia presente en código
ARTE Y CULTURA/museos/ARQ ITAIPU/ARQ ITAIPU2.jpg,/cultura/arqueologia-itaipu,assets/js/bulk-photo-references.js,ruta exacta en inventario y referencia presente en código
ARTE Y CULTURA/museos/ARQ ITAIPU/d557fbc0-851d-438e-be65-aa2b13f15c3d.png,/cultura/arqueologia-itaipu,assets/js/bulk-photo-references.js,ruta exacta en inventario y referencia presente en código
ARTE Y CULTURA/espacios culturales/centro justicia/centro justicia 1.jpg,/cultura/ccjf,assets/js/bulk-photo-references.js; cultura/ccjf/index.html,ruta exacta en inventario y referencia presente en código
ARTE Y CULTURA/espacios culturales/centro justicia/centro justicia3.jpg,/cultura/ccjf,assets/js/bulk-photo-references.js; cultura/ccjf/index.html,ruta exacta en inventario y referencia presente en código
ARTE Y CULTURA/espacios culturales/centro justicia/centro justicia 2.jpg,/cultura/ccjf,assets/js/bulk-photo-references.js; cultura/ccjf/index.html,ruta exacta en inventario y referencia presente en código
ARTE Y CULTURA/espacios culturales/sociedade brasileiras belas artes/sociedade brasileiras belas artes1.jpg,/cultura/sbba,assets/js/bulk-photo-references.js,ruta exacta en inventario y referencia presente en código
ARTE Y CULTURA/espacios culturales/sociedade brasileiras belas artes/sociedade brasileiras belas artes2.jpg,/cultura/sbba,assets/js/bulk-photo-references.js,ruta exacta en inventario y referencia presente en código
ARTE Y CULTURA/espacios culturales/sociedade brasileiras belas artes/sociedade brasileria belas artes 3.jpg,/cultura/sbba,assets/js/bulk-photo-references.js,ruta exacta en inventario y referencia presente en código
ARTE Y CULTURA/espacios culturales/espaco cultural marinha/espaco marinha 1.jpg,/cultura/espaco-marinha,assets/js/bulk-photo-references.js; cultura/espaco-marinha/index.html,ruta exacta en inventario y referencia presente en código
ARTE Y CULTURA/espacios culturales/espaco cultural marinha/espaco marinha3.jpg,/cultura/espaco-marinha,assets/js/bulk-photo-references.js; cultura/espaco-marinha/index.html,ruta exacta en inventario y referencia presente en código
ARTE Y CULTURA/espacios culturales/espaco cultural marinha/espaco marinha 2.jpg,/cultura/espaco-marinha,assets/js/bulk-photo-references.js; cultura/espaco-marinha/index.html,ruta exacta en inventario y referencia presente en código
ARTE Y CULTURA/espacios culturales/caica cultural/caixa cultural 1.jpg,/cultura/caixa-cultural,assets/js/bulk-photo-references.js; cultura/caixa-cultural/index.html,ruta exacta en inventario y referencia presente en código
ARTE Y CULTURA/espacios culturales/caica cultural/caixa cultural 2.jpg,/cultura/caixa-cultural,assets/js/bulk-photo-references.js; cultura/caixa-cultural/index.html,ruta exacta en inventario y referencia presente en código
ARTE Y CULTURA/espacios culturales/caica cultural/caixa cultural3.jpg,/cultura/caixa-cultural,assets/js/bulk-photo-references.js; cultura/caixa-cultural/index.html,ruta exacta en inventario y referencia presente en código
ARTE Y CULTURA/espacios culturales/Casa Franca-Brasil/Casa Franca-Brasil1.jpg,/cultura/casa-franca,assets/js/bulk-photo-references.js; cultura/casa-franca/index.html,ruta exacta en inventario y referencia presente en código
ARTE Y CULTURA/espacios culturales/Casa Franca-Brasil/casa franca 3.jpg,/cultura/casa-franca,assets/js/bulk-photo-references.js; cultura/casa-franca/index.html,ruta exacta en inventario y referencia presente en código
ARTE Y CULTURA/espacios culturales/Casa Franca-Brasil/Casa Franca-Brasil 2.jpg,/cultura/casa-franca,assets/js/bulk-photo-references.js; cultura/casa-franca/index.html,ruta exacta en inventario y referencia presente en código
ARTE Y CULTURA/espacios culturales/observatorio do valongo/observatorio do valongo 3.jpg,/cultura/observatorio-valongo,assets/js/bulk-photo-references.js; cultura/observatorio-valongo/index.html,ruta exacta en inventario y referencia presente en código
ARTE Y CULTURA/espacios culturales/observatorio do valongo/observatorio do valongo 1.jpg,/cultura/observatorio-valongo,assets/js/bulk-photo-references.js; cultura/observatorio-valongo/index.html,ruta exacta en inventario y referencia presente en código
ARTE Y CULTURA/espacios culturales/observatorio do valongo/observatorio do valongo 2.jpg,/cultura/observatorio-valongo,assets/js/bulk-photo-references.js; cultura/observatorio-valongo/index.html,ruta exacta en inventario y referencia presente en código
ARTE Y CULTURA/espacios culturales/centro cultural correrios/centro cultural dos correios3.jpg,/cultura/correios,assets/js/bulk-photo-references.js; cultura/correios/index.html,ruta exacta en inventario y referencia presente en código
ARTE Y CULTURA/espacios culturales/centro cultural correrios/centro-cultural-correios 2.png,/cultura/correios,assets/js/bulk-photo-references.js; cultura/correios/index.html,ruta exacta en inventario y referencia presente en código
ARTE Y CULTURA/espacios culturales/centro cultural correrios/centro-cultural-correios.jpg,/cultura/correios,assets/js/bulk-photo-references.js; cultura/correios/index.html,ruta exacta en inventario y referencia presente en código
ARTE Y CULTURA/espacios culturales/sala cecilia meireles/sala cecilia 2.jpg,/cultura/sala-cecilia,assets/js/bulk-photo-references.js; cultura/sala-cecilia/index.html,ruta exacta en inventario y referencia presente en código
ARTE Y CULTURA/espacios culturales/sala cecilia meireles/sala cecilia 1}.jpg,/cultura/sala-cecilia,assets/js/bulk-photo-references.js; cultura/sala-cecilia/index.html,ruta exacta en inventario y referencia presente en código
ARTE Y CULTURA/espacios culturales/sala cecilia meireles/sala cecilia3.jpg,/cultura/sala-cecilia,assets/js/bulk-photo-references.js; cultura/sala-cecilia/index.html,ruta exacta en inventario y referencia presente en código
restaurantes/zaza bistro tropoical/zaza bistro tropical tabla.jpg,/gastronomia/zaza-bistro-tropical,assets/js/bulk-photo-references.js; gastronomia/zaza-bistro-tropical/index.html,ruta exacta en inventario y referencia presente en código
restaurantes/zaza bistro tropoical/zaza bistro tropical exterior portada.jpg,/gastronomia/zaza-bistro-tropical,assets/js/bulk-photo-references.js; gastronomia/zaza-bistro-tropical/index.html,ruta exacta en inventario y referencia presente en código
restaurantes/zaza bistro tropoical/zaza bistro tropical entrada.jpg,/gastronomia/zaza-bistro-tropical,assets/js/bulk-photo-references.js; gastronomia/zaza-bistro-tropical/index.html,ruta exacta en inventario y referencia presente en código
restaurantes/zaza bistro tropoical/zaza bistro tropical exterior.jpg,/gastronomia/zaza-bistro-tropical,assets/js/bulk-photo-references.js; gastronomia/zaza-bistro-tropical/index.html,ruta exacta en inventario y referencia presente en código
restaurantes/zaza bistro tropoical/zaza bistro tropical pulpo.jpg,/gastronomia/zaza-bistro-tropical,assets/js/bulk-photo-references.js; gastronomia/zaza-bistro-tropical/index.html,ruta exacta en inventario y referencia presente en código
restaurantes/zaza bistro tropoical/zaza bistro.jpg,/gastronomia/zaza-bistro-tropical,assets/js/bulk-photo-references.js; gastronomia/zaza-bistro-tropical/index.html,ruta exacta en inventario y referencia presente en código
restaurantes/zaza bistro tropoical/zaza bistro tropical ceviche.jpg,/gastronomia/zaza-bistro-tropical,assets/js/bulk-photo-references.js; gastronomia/zaza-bistro-tropical/index.html,ruta exacta en inventario y referencia presente en código
restaurantes/zaza bistro tropoical/zaza bistro tropoical curry-de-frango-organico.jpg,/gastronomia/zaza-bistro-tropical,assets/js/bulk-photo-references.js; gastronomia/zaza-bistro-tropical/index.html,ruta exacta en inventario y referencia presente en código
restaurantes/zaza bistro tropoical/zaza bistro tropical inteiror.jpg,/gastronomia/zaza-bistro-tropical,assets/js/bulk-photo-references.js; gastronomia/zaza-bistro-tropical/index.html,ruta exacta en inventario y referencia presente en código
restaurantes/cavalho marinho/cavalho marinhofg.jpg,/gastronomia/cavalo-marinho,assets/js/bulk-photo-references.js,ruta exacta en inventario y referencia presente en código
restaurantes/cavalho marinho/cavalo-marinhodf.jpg,/gastronomia/cavalo-marinho,assets/js/bulk-photo-references.js; gastronomia/cavalo-marinho/index.html,ruta exacta en inventario y referencia presente en código
restaurantes/cavalho marinho/lugar-maravilhoso cavalho marinho.jpg,/gastronomia/cavalo-marinho,assets/js/bulk-photo-references.js,ruta exacta en inventario y referencia presente en código
restaurantes/cavalho marinho/cavalho marinho af.jpg,/gastronomia/cavalo-marinho,assets/js/bulk-photo-references.js,ruta exacta en inventario y referencia presente en código
restaurantes/cavalho marinho/cavalho marinho2.jpg,/gastronomia/cavalo-marinho,assets/js/bulk-photo-references.js,ruta exacta en inventario y referencia presente en código
restaurantes/cavalho marinho/comida-maravilhosa cavalho marinho.jpg,/gastronomia/cavalo-marinho,assets/js/bulk-photo-references.js,ruta exacta en inventario y referencia presente en código
restaurantes/Samba Social Clube/hamburguer-artesanal Samba Social Clube.jpg,/gastronomia/samba-social,assets/js/bulk-photo-references.js; gastronomia/samba-social/index.html,ruta exacta en inventario y referencia presente en código
restaurantes/Samba Social Clube/preparada-na-hora-e-servida Samba Social Clube.jpg,/gastronomia/samba-social,assets/js/bulk-photo-references.js; gastronomia/samba-social/index.html,ruta exacta en inventario y referencia presente en código
restaurantes/Samba Social Clube/no-samba-social-club Samba Social Clube.jpg,/gastronomia/samba-social,assets/js/bulk-photo-references.js; gastronomia/samba-social/index.html,ruta exacta en inventario y referencia presente en código
restaurantes/Samba Social Clube/moqueca-fumegante-servida Samba Social Clube.jpg,/gastronomia/samba-social,assets/js/bulk-photo-references.js; gastronomia/samba-social/index.html,ruta exacta en inventario y referencia presente en código
restaurantes/Samba Social Clube/com-musica-ao-vivo-e Samba Social Clube.jpg,/gastronomia/samba-social,assets/js/bulk-photo-references.js; gastronomia/samba-social/index.html,ruta exacta en inventario y referencia presente en código
restaurantes/Samba Social Clube/localizado-no-iconico Samba Social Clube.jpg,/gastronomia/samba-social,assets/js/bulk-photo-references.js; gastronomia/samba-social/index.html,ruta exacta en inventario y referencia presente en código
restaurantes/Samba Social Clube/uma-explosao-de-sabor Samba Social Clube.jpg,/gastronomia/samba-social,assets/js/bulk-photo-references.js; gastronomia/samba-social/index.html,ruta exacta en inventario y referencia presente en código
restaurantes/Samba Social Clube/prato-principal-com-arroz Samba Social Clube.jpg,/gastronomia/samba-social,assets/js/bulk-photo-references.js; gastronomia/samba-social/index.html,ruta exacta en inventario y referencia presente en código
restaurantes/Samba Social Clube/uma-deliciosa-linguica Samba Social Clube.jpg,/gastronomia/samba-social,assets/js/bulk-photo-references.js; gastronomia/samba-social/index.html,ruta exacta en inventario y referencia presente en código
restaurantes/Samba Social Clube/localizado-no-famoso Samba Social Clube.jpg,/gastronomia/samba-social,assets/js/bulk-photo-references.js; gastronomia/samba-social/index.html,ruta exacta en inventario y referencia presente en código
restaurantes/colombo forte copa/cafe de manha.jpg,/gastronomia/colombo-do-forte,assets/js/bulk-photo-references.js,ruta exacta en inventario y referencia presente en código
restaurantes/colombo forte copa/colombo cafe-forte-1.jpg,/gastronomia/colombo-do-forte,assets/js/bulk-photo-references.js,ruta exacta en inventario y referencia presente en código
restaurantes/colombo forte copa/colombo cafe-forte 2.jpg,/gastronomia/colombo-do-forte,assets/js/bulk-photo-references.js,ruta exacta en inventario y referencia presente en código
restaurantes/colombo forte copa/brunch cafe do forte.jpg,/gastronomia/colombo-do-forte,assets/js/bulk-photo-references.js,ruta exacta en inventario y referencia presente en código
restaurantes/colombo forte copa/cafe da manha cafe do forte.jpg,/gastronomia/colombo-do-forte,assets/js/bulk-photo-references.js,ruta exacta en inventario y referencia presente en código
restaurantes/colombo forte copa/colombo portada.jpg,/gastronomia/colombo-do-forte,assets/js/bulk-photo-references.js,ruta exacta en inventario y referencia presente en código
restaurantes/Espetto Carioca Quiosque Leme/Espetto Carioca Quiosque Leme2.jpg,/gastronomia/espetto-quiosque,assets/js/bulk-photo-references.js,ruta exacta en inventario y referencia presente en código
restaurantes/Espetto Carioca Quiosque Leme/Espetto Carioca Quiosque Leme.jpg,/gastronomia/espetto-quiosque,assets/js/bulk-photo-references.js,ruta exacta en inventario y referencia presente en código
restaurantes/Espetto Carioca Quiosque Leme/Espetto Carioca Quiosque Leme5.jpg,/gastronomia/espetto-quiosque,assets/js/bulk-photo-references.js,ruta exacta en inventario y referencia presente en código
restaurantes/Espetto Carioca Quiosque Leme/Espetto Carioca Quiosque Leme1.jpg,/gastronomia/espetto-quiosque,assets/js/bulk-photo-references.js,ruta exacta en inventario y referencia presente en código
restaurantes/Espetto Carioca Quiosque Leme/Espetto Carioca Quiosque Leme4.jpg,/gastronomia/espetto-quiosque,assets/js/bulk-photo-references.js,ruta exacta en inventario y referencia presente en código
restaurantes/Xodózin/Xodózin6.jpg,/gastronomia/xodozin-copa,assets/js/bulk-photo-references.js; gastronomia/xodozin-copa/index.html,ruta exacta en inventario y referencia presente en código
restaurantes/Xodózin/Xodózin5.jpg,/gastronomia/xodozin-copa,assets/js/bulk-photo-references.js; gastronomia/xodozin-copa/index.html,ruta exacta en inventario y referencia presente en código
restaurantes/Xodózin/Xodózin2.jpg,/gastronomia/xodozin-copa,assets/js/bulk-photo-references.js; gastronomia/xodozin-copa/index.html,ruta exacta en inventario y referencia presente en código
restaurantes/Xodózin/Xodózin4.jpg,/gastronomia/xodozin-copa,assets/js/bulk-photo-references.js; gastronomia/xodozin-copa/index.html,ruta exacta en inventario y referencia presente en código
restaurantes/Xodózin/Xodózin3.jpg,/gastronomia/xodozin-copa,assets/js/bulk-photo-references.js; gastronomia/xodozin-copa/index.html,ruta exacta en inventario y referencia presente en código
restaurantes/Xodózin/xodozin1.jpg,/gastronomia/xodozin-copa,assets/js/bulk-photo-references.js; gastronomia/xodozin-copa/index.html,ruta exacta en inventario y referencia presente en código
restaurantes/Ginga restaurante de praia/o-quiosque-ginga-localizado Ginga restaurante de praia.jpg,/gastronomia/ginga,assets/js/bulk-photo-references.js; gastronomia/ginga/index.html,ruta exacta en inventario y referencia presente en código
restaurantes/Ginga restaurante de praia/Ginga restaurante de praia.jpg,/gastronomia/ginga,assets/js/bulk-photo-references.js; gastronomia/ginga/index.html,ruta exacta en inventario y referencia presente en código
restaurantes/Ginga restaurante de praia/ambiente-descontraido Ginga restaurante de praia.jpg,/gastronomia/ginga,assets/js/bulk-photo-references.js; gastronomia/ginga/index.html,ruta exacta en inventario y referencia presente en código
restaurantes/Ginga restaurante de praia/hamburguer-artesanal Ginga restaurante de praia.jpg,/gastronomia/ginga,assets/js/bulk-photo-references.js; gastronomia/ginga/index.html,ruta exacta en inventario y referencia presente en código
restaurantes/Ginga restaurante de praia/localizado-a-beira-da Ginga restaurante de praia.jpg,/gastronomia/ginga,assets/js/bulk-photo-references.js; gastronomia/ginga/index.html,ruta exacta en inventario y referencia presente en código
restaurantes/Ginga restaurante de praia/nosso-ceviche-de-camarao Ginga restaurante de praia.jpg,/gastronomia/ginga,assets/js/bulk-photo-references.js; gastronomia/ginga/index.html,ruta exacta en inventario y referencia presente en código
restaurantes/Ginga restaurante de praia/a-gastronomia-e-o-destaque Ginga restaurante de praia.jpg,/gastronomia/ginga,assets/js/bulk-photo-references.js; gastronomia/ginga/index.html,ruta exacta en inventario y referencia presente en código
restaurantes/Ginga restaurante de praia/a-foto-apresenta-um-delicioso Ginga restaurante de praia.jpg,/gastronomia/ginga,assets/js/bulk-photo-references.js; gastronomia/ginga/index.html,ruta exacta en inventario y referencia presente en código
restaurantes/Ginga restaurante de praia/variedade-de-carnes-e Ginga restaurante de praia.jpg,/gastronomia/ginga,assets/js/bulk-photo-references.js; gastronomia/ginga/index.html,ruta exacta en inventario y referencia presente en código
restaurantes/Faenza copa/Faenza copa2.jpg,/gastronomia/faenza-copacabana,assets/js/bulk-photo-references.js,ruta exacta en inventario y referencia presente en código
restaurantes/Faenza copa/Faenza copa4.jpg,/gastronomia/faenza-copacabana,assets/js/bulk-photo-references.js,ruta exacta en inventario y referencia presente en código
restaurantes/Faenza copa/Faenza copa3.jpg,/gastronomia/faenza-copacabana,assets/js/bulk-photo-references.js,ruta exacta en inventario y referencia presente en código
restaurantes/Faenza copa/Faenza copa portada.jpg,/gastronomia/faenza-copacabana,assets/js/bulk-photo-references.js,ruta exacta en inventario y referencia presente en código
restaurantes/Faenza copa/faenza1.jpg,/gastronomia/faenza-copacabana,assets/js/bulk-photo-references.js; gastronomia/faenza-copacabana/index.html,ruta exacta en inventario y referencia presente en código
restaurantes/Faenza copa/Faenza copa6.jpg,/gastronomia/faenza-copacabana,assets/js/bulk-photo-references.js,ruta exacta en inventario y referencia presente en código
restaurantes/Faenza copa/Faenza copa5.jpg,/gastronomia/faenza-copacabana,assets/js/bulk-photo-references.js,ruta exacta en inventario y referencia presente en código
restaurantes/Stambul Copacabana/Stambul Copacabana4.jpg,/gastronomia/stambul-copa,assets/js/bulk-photo-references.js,ruta exacta en inventario y referencia presente en código
restaurantes/Stambul Copacabana/Stambul Copacabana5.jpg,/gastronomia/stambul-copa,assets/js/bulk-photo-references.js,ruta exacta en inventario y referencia presente en código
restaurantes/Stambul Copacabana/Stambul Copacabana3.jpg,/gastronomia/stambul-copa,assets/js/bulk-photo-references.js,ruta exacta en inventario y referencia presente en código
restaurantes/Stambul Copacabana/comidinhas-arabes-e-lugar Stambul Copacabana.jpg,/gastronomia/stambul-copa,assets/js/bulk-photo-references.js,ruta exacta en inventario y referencia presente en código
restaurantes/Stambul Copacabana/Stambul Copacabana2.jpg,/gastronomia/stambul-copa,assets/js/bulk-photo-references.js,ruta exacta en inventario y referencia presente en código
restaurantes/amir copa/amir copa 04.jpg,/gastronomia/amir,assets/js/bulk-photo-references.js,ruta exacta en inventario y referencia presente en código
restaurantes/amir copa/amir copa 01.jpg,/gastronomia/amir,assets/js/bulk-photo-references.js,ruta exacta en inventario y referencia presente en código
restaurantes/amir copa/amir frontis.jpg,/gastronomia/amir,assets/js/bulk-photo-references.js,ruta exacta en inventario y referencia presente en código
restaurantes/amir copa/amir copa03.jpg,/gastronomia/amir,assets/js/bulk-photo-references.js,ruta exacta en inventario y referencia presente en código
restaurantes/amir copa/amir copa02.jpg,/gastronomia/amir,assets/js/bulk-photo-references.js,ruta exacta en inventario y referencia presente en código
restaurantes/amir copa/amir portada.jpg,/gastronomia/amir,assets/js/bulk-photo-references.js,ruta exacta en inventario y referencia presente en código
restaurantes/amir copa/amir copa05.jpg,/gastronomia/amir,assets/js/bulk-photo-references.js,ruta exacta en inventario y referencia presente en código
restaurantes/botafogo  Brota/botafogo  Brota salao.jpg,/gastronomia/brota,assets/js/bulk-photo-references.js,ruta exacta en inventario y referencia presente en código
restaurantes/botafogo  Brota/couve-flor-crocante-com botafogo  Brota.jpg,/gastronomia/brota,assets/js/bulk-photo-references.js,ruta exacta en inventario y referencia presente en código
restaurantes/botafogo  Brota/burrata botafogo  Brota.jpg,/gastronomia/brota,assets/js/bulk-photo-references.js,ruta exacta en inventario y referencia presente en código
restaurantes/botafogo  Brota/selecao-de-acepipes-toda botafogo  Brota.jpg,/gastronomia/brota,assets/js/bulk-photo-references.js,ruta exacta en inventario y referencia presente en código
restaurantes/botafogo  Brota/botafogo  Brota sobremesa.jpg,/gastronomia/brota,assets/js/bulk-photo-references.js,ruta exacta en inventario y referencia presente en código
restaurantes/botafogo  Brota/botafogo  Brota 1.jpg,/gastronomia/brota,assets/js/bulk-photo-references.js,ruta exacta en inventario y referencia presente en código
restaurantes/botafogo  Brota/curry-tailandes-molho botafogo  Brota.jpg,/gastronomia/brota,assets/js/bulk-photo-references.js,ruta exacta en inventario y referencia presente en código
restaurantes/botafogo lasai/botafogo lasai cocina.jpg,/gastronomia/lasai,assets/js/bulk-photo-references.js,ruta exacta en inventario y referencia presente en código
restaurantes/botafogo lasai/botafogo lasai 3.jpg,/gastronomia/lasai,assets/js/bulk-photo-references.js,ruta exacta en inventario y referencia presente en código
restaurantes/botafogo lasai/botafogo lasai 2.jpg,/gastronomia/lasai,assets/js/bulk-photo-references.js,ruta exacta en inventario y referencia presente en código
restaurantes/botafogo lasai/botafogo lasai 1.jpg,/gastronomia/lasai,assets/js/bulk-photo-references.js,ruta exacta en inventario y referencia presente en código
restaurantes/botafogo lasai/botafogo lasai 2 salao.jpg,/gastronomia/lasai,assets/js/bulk-photo-references.js,ruta exacta en inventario y referencia presente en código
restaurantes/botafogo lasai/botafogo lasai 2 sobremesa.jpg,/gastronomia/lasai,assets/js/bulk-photo-references.js,ruta exacta en inventario y referencia presente en código
restaurantes/botafogo lasai/botafogo lasai 2 4.jpg,/gastronomia/lasai,assets/js/bulk-photo-references.js,ruta exacta en inventario y referencia presente en código
restaurantes/guacamole/2025-08-10 223658.jpg,/gastronomia/guacamole-copacabana,assets/js/bulk-photo-references.js,ruta exacta en inventario y referencia presente en código
restaurantes/Guacamole Cocina Mexicana/Guacamole Cocina Mexicana2.jpg,/gastronomia/guacamole-copacabana,assets/js/bulk-photo-references.js,ruta exacta en inventario y referencia presente en código
restaurantes/Guacamole Cocina Mexicana/Guacamole Cocina Mexicana5.jpg,/gastronomia/guacamole-copacabana,assets/js/bulk-photo-references.js,ruta exacta en inventario y referencia presente en código
restaurantes/Guacamole Cocina Mexicana/Guacamole Cocina Mexicana1.jpg,/gastronomia/guacamole-copacabana,assets/js/bulk-photo-references.js,ruta exacta en inventario y referencia presente en código
restaurantes/Guacamole Cocina Mexicana/Guacamole Cocina Mexicana3.jpg,/gastronomia/guacamole-copacabana,assets/js/bulk-photo-references.js,ruta exacta en inventario y referencia presente en código
restaurantes/Guacamole Cocina Mexicana/Guacamole Cocina Mexicana4.jpg,/gastronomia/guacamole-copacabana,assets/js/bulk-photo-references.js,ruta exacta en inventario y referencia presente en código
restaurantes/gurume ipanema/gurume.jpg,/gastronomia/gurume,assets/js/bulk-photo-references.js; gastronomia/gurume/index.html,ruta exacta en inventario y referencia presente en código
restaurantes/gurume ipanema/gurume ipanema inteior.jpg,/gastronomia/gurume,assets/js/bulk-photo-references.js,ruta exacta en inventario y referencia presente en código
restaurantes/gurume ipanema/gurume ipanema maricso.jpg,/gastronomia/gurume,assets/js/bulk-photo-references.js,ruta exacta en inventario y referencia presente en código
restaurantes/gurume ipanema/gurume inteior lindo.jpg,/gastronomia/gurume,assets/js/bulk-photo-references.js,ruta exacta en inventario y referencia presente en código
restaurantes/gurume ipanema/brisa-de-salmao-macaricado gurume ipanema.jpg,/gastronomia/gurume,assets/js/bulk-photo-references.js,ruta exacta en inventario y referencia presente en código
restaurantes/gurume ipanema/sushis-crocantes gurume ipanema.jpg,/gastronomia/gurume,assets/js/bulk-photo-references.js,ruta exacta en inventario y referencia presente en código
restaurantes/gurume ipanema/gurume inteior 2.jpg,/gastronomia/gurume,assets/js/bulk-photo-references.js,ruta exacta en inventario y referencia presente en código
restaurantes/gurume ipanema/gurume ipanema sushi.jpg,/gastronomia/gurume,assets/js/bulk-photo-references.js,ruta exacta en inventario y referencia presente en código
restaurantes/gurume ipanema/gurume ipanema gente.jpg,/gastronomia/gurume,assets/js/bulk-photo-references.js,ruta exacta en inventario y referencia presente en código
restaurantes/CLAISCO BEACH URCA/CLAISCO BEACH URCA2.jpg,/gastronomia/classico-beach-club-urca,assets/js/bulk-photo-references.js,ruta exacta en inventario y referencia presente en código
restaurantes/CLAISCO BEACH URCA/CLAISCO BEACH URCA 1.jpg,/gastronomia/classico-beach-club-urca,assets/js/bulk-photo-references.js,ruta exacta en inventario y referencia presente en código
restaurantes/CLAISCO BEACH URCA/CLAISCO BEACH URCA3.jpg,/gastronomia/classico-beach-club-urca,assets/js/bulk-photo-references.js,ruta exacta en inventario y referencia presente en código
restaurantes/CLAISCO BEACH URCA/CLAISCO BEACH URCA5.jpg,/gastronomia/classico-beach-club-urca,assets/js/bulk-photo-references.js,ruta exacta en inventario y referencia presente en código
restaurantes/CLAISCO BEACH URCA/CLAISCO BEACH URCA4.jpg,/gastronomia/classico-beach-club-urca,assets/js/bulk-photo-references.js,ruta exacta en inventario y referencia presente en código
CONSEJOS/CONSEJOS guia completa antes del viaje.png,/guia,assets/js/bulk-photo-references.js,ruta exacta en inventario y referencia presente en código
PORTADA GIIA DE RIO.png,/guia,assets/js/bulk-photo-references.js; guia/index.html,ruta exacta en inventario y referencia presente en código
CONSEJOS/CONSEJOS 20 errores que debes evitar si o si en rio de janiero/CONSEJOS 20 errores que debes evitar si o si en rio de janiero PERSONAS TURISTAS PLAYA.jpg,/consejos/20-consejos,assets/js/bulk-photo-references.js,ruta exacta en inventario y referencia presente en código
CONSEJOS/CONSEJOS 20 errores que debes evitar si o si en rio de janiero/CONSEJOS 20 errores que debes evitar si o si en rio de janiero SACANDO FOTOS PLAYA.jpg,/consejos/20-consejos,assets/js/bulk-photo-references.js,ruta exacta en inventario y referencia presente en código
CONSEJOS/CONSEJOS 20 errores que debes evitar si o si en rio de janiero/CONSEJOS 20 errores que debes evitar si o si en rio de janiero VENDEDORES PLAYA.jpg,/consejos/20-consejos,assets/js/bulk-photo-references.js,ruta exacta en inventario y referencia presente en código
CONSEJOS/CONSEJOS 20 errores que debes evitar si o si en rio de janiero.png,/consejos/20-consejos,assets/js/bulk-photo-references.js,ruta exacta en inventario y referencia presente en código
CONSEJOS/CONSEJOS50 preguntas antes de venir a rio.png,/consejos/50-preguntas,assets/js/bulk-photo-references.js,ruta exacta en inventario y referencia presente en código
CONSEJOS/CONSEJOS portuges para sobrevivir en rio.png,/consejos/portugues,assets/js/bulk-photo-references.js,ruta exacta en inventario y referencia presente en código
CONSEJOS/CONSEJOS que descubrir en un supermercado de Brasil/supermercado de brasil (2).jpg,/consejos/supermercados,assets/js/bulk-photo-references.js,ruta exacta en inventario y referencia presente en código
CONSEJOS/CONSEJOS que descubrir en un supermercado de Brasil/supermercado de brasil (1).png,/consejos/supermercados,assets/js/bulk-photo-references.js,ruta exacta en inventario y referencia presente en código
CONSEJOS/CONSEJOS que descubrir en un supermercado de Brasil/supermercado de brasil (1).jpg,/consejos/supermercados,assets/js/bulk-photo-references.js,ruta exacta en inventario y referencia presente en código
CONSEJOS/CONSEJOS que descubrir en un supermercado de Brasil/supermercado de brasil (2).png,/consejos/supermercados,assets/js/bulk-photo-references.js,ruta exacta en inventario y referencia presente en código
CONSEJOS/CONSEJOS que descubrir en un supermercado de Brasil/supermercado de brasil (3).jpg,/consejos/supermercados,assets/js/bulk-photo-references.js,ruta exacta en inventario y referencia presente en código
CONSEJOS/CONSEJOS que descurbir en un supermercado brsilero.png,/consejos/supermercados,assets/js/bulk-photo-references.js,ruta exacta en inventario y referencia presente en código
GUIA DE RIO/MALETA Y CLIMA/MALETA Y CLIMA ARREGLANDO LAS MALETAS.png,/consejos/maletas-rio,assets/js/bulk-photo-references.js; consejos/maletas-rio/index.html,ruta exacta en inventario y referencia presente en código
GUIA DE RIO/MALETA Y CLIMA/maleta y clima calor-riodejaneiro.jpg,/consejos/maletas-rio,assets/js/bulk-photo-references.js; consejos/maletas-rio/index.html,ruta exacta en inventario y referencia presente en código
GUIA DE RIO/MINIATURA GUIA RIO  ENCHUFES Y VOLTAJE.png,/consejos/electricidad-adaptadores,assets/js/bulk-photo-references.js,ruta exacta en inventario y referencia presente en código
GUIA DE RIO/MINIATURA GUIA RIO COMO MOVERSE.png,/transportes,assets/js/bulk-photo-references.js,ruta exacta en inventario y referencia presente en código
PORTADA TRANSPORTE.png,/transportes,assets/js/bulk-photo-references.js; transportes/index.html,ruta exacta en inventario y referencia presente en código
ARTE Y CULTURA/museos/AFROBRAS/AFROBRAS2.jpg,/cultura/muhcab,assets/js/bulk-photo-references.js,ruta exacta en inventario y referencia presente en código
ARTE Y CULTURA/museos/AFROBRAS/MINIATURA AFROBRAS 1692X941.png,/cultura/muhcab,assets/js/bulk-photo-references.js,ruta exacta en inventario y referencia presente en código
ARTE Y CULTURA/museos/AFROBRAS/AFROBRAS.jpeg,/cultura/muhcab,assets/js/bulk-photo-references.js,ruta exacta en inventario y referencia presente en código
ARTE Y CULTURA/museos/AFROBRAS/AFROBRAS3.jpeg,/cultura/muhcab,assets/js/bulk-photo-references.js,ruta exacta en inventario y referencia presente en código
ARTE Y CULTURA/museos/AFROBRAS/MINIATURA AFROBRAS 800X600.png,/cultura/muhcab,assets/js/bulk-photo-references.js,ruta exacta en inventario y referencia presente en código
ARTE Y CULTURA/museos/museu indio/povos123.jpg,/cultura/povos-indigenas,assets/js/bulk-photo-references.js,ruta exacta en inventario y referencia presente en código
ARTE Y CULTURA/museos/museu indio/povos1.jpg,/cultura/povos-indigenas,assets/js/bulk-photo-references.js,ruta exacta en inventario y referencia presente en código
ARTE Y CULTURA/museos/museu indio/povos12.jpg,/cultura/povos-indigenas,assets/js/bulk-photo-references.js,ruta exacta en inventario y referencia presente en código
ARTE Y CULTURA/museos/museu indio/91023a35-035c-4077-88c9-2375b5f0ff79.png,/cultura/povos-indigenas,assets/js/bulk-photo-references.js,ruta exacta en inventario y referencia presente en código
ARTE Y CULTURA/museos/museu indio/800X600in.png,/cultura/povos-indigenas,assets/js/bulk-photo-references.js,ruta exacta en inventario y referencia presente en código
ARTE Y CULTURA/espacios culturales/aco/acp2.jpg,/cultura/acao-cidadania,assets/js/bulk-photo-references.js; cultura/acao-cidadania/index.html,ruta exacta en inventario y referencia presente en código
ARTE Y CULTURA/espacios culturales/aco/aco3.jpg,/cultura/acao-cidadania,assets/js/bulk-photo-references.js; cultura/acao-cidadania/index.html,ruta exacta en inventario y referencia presente en código
ARTE Y CULTURA/espacios culturales/aco/aco1.jpg,/cultura/acao-cidadania,assets/js/bulk-photo-references.js; cultura/acao-cidadania/index.html,ruta exacta en inventario y referencia presente en código
ATRACCIONES/parque tijuca/IMG_20230319_111339906(1).jpg,/barrios/tijuca,assets/js/bulk-photo-references.js,ruta exacta en inventario y referencia presente en código
ATRACCIONES/parque tijuca/IMG_20230319_110218800_HDR(1).jpg,/barrios/tijuca,assets/js/bulk-photo-references.js,ruta exacta en inventario y referencia presente en código
ATRACCIONES/parque tijuca/IMG_20230319_111031504_PORTRAIT(1).jpg,/barrios/tijuca,assets/js/bulk-photo-references.js,ruta exacta en inventario y referencia presente en código
ATRACCIONES/parque tijuca/IMG_20230319_111353308(1).jpg,/barrios/tijuca,assets/js/bulk-photo-references.js,ruta exacta en inventario y referencia presente en código
ATRACCIONES/parque tijuca/IMG_20230319_140346207(1).jpg,/barrios/tijuca,assets/js/bulk-photo-references.js,ruta exacta en inventario y referencia presente en código
ATRACCIONES/parque tijuca/IMG_20230319_110202106_HDR.jpg,/barrios/tijuca,assets/js/bulk-photo-references.js,ruta exacta en inventario y referencia presente en código
ATRACCIONES/parque tijuca/cascada.jpg,/barrios/tijuca,assets/js/bulk-photo-references.js,ruta exacta en inventario y referencia presente en código
FOTOGRAFIA/FOTOGRAFIA MESA DO EMPERADOR.jpg,/barrios/tijuca,assets/js/bulk-photo-references.js,ruta exacta en inventario y referencia presente en código
FOTOGRAFIA/FOTOGRAFIA VISTA CHINESA.jpg,/barrios/tijuca,assets/js/bulk-photo-references.js,ruta exacta en inventario y referencia presente en código
restaurantes/botafoto fogo e farinha/botafogo fogo e farinha 2.jpg,/gastronomia/ferro-e-farinha,assets/js/bulk-photo-references.js,ruta exacta en inventario y referencia presente en código
restaurantes/botafoto fogo e farinha/flor-de-burrata botafogo fogo e farinha.jpg,/gastronomia/ferro-e-farinha,assets/js/bulk-photo-references.js,ruta exacta en inventario y referencia presente en código
restaurantes/botafoto fogo e farinha/botafogo fogo e farinhabotafogo.jpg,/gastronomia/ferro-e-farinha,assets/js/bulk-photo-references.js,ruta exacta en inventario y referencia presente en código
restaurantes/botafoto fogo e farinha/botafogo fogo e farinha interiro.jpg,/gastronomia/ferro-e-farinha,assets/js/bulk-photo-references.js,ruta exacta en inventario y referencia presente en código
restaurantes/botafoto fogo e farinha/pizza botafogo fogo e farinha.jpg,/gastronomia/ferro-e-farinha,assets/js/bulk-photo-references.js,ruta exacta en inventario y referencia presente en código
restaurantes/botafoto fogo e farinha/botafogo fogo e farinha 23.jpg,/gastronomia/ferro-e-farinha,assets/js/bulk-photo-references.js,ruta exacta en inventario y referencia presente en código
restaurantes/botafoto fogo e farinha/ferro e farinha botafogo.jpg,/gastronomia/ferro-e-farinha,assets/js/bulk-photo-references.js,ruta exacta en inventario y referencia presente en código
restaurantes/botafoto fogo e farinha/botafogo fogo e farinha bebidas.jpg,/gastronomia/ferro-e-farinha,assets/js/bulk-photo-references.js,ruta exacta en inventario y referencia presente en código
transportes/supervia.jpg,/transportes/trenes,assets/js/bulk-photo-references.js; transportes/trenes/index.html,ruta exacta en inventario y referencia presente en código
PORTADA ATRACCIONES.jpg,/atracciones,assets/js/bulk-photo-references.js,ruta exacta en inventario y referencia presente en código
PORTADA CONSEJOS.png,/consejos,assets/js/bulk-photo-references.js,ruta exacta en inventario y referencia presente en código
PORTADA EXPERIENCIA CRISTO + CITY TOUR.png,/experiencias/cristo-city-tour,assets/js/bulk-photo-references.js; experiencias/cristo-city-tour/index.html,ruta exacta en inventario y referencia presente en código
RULETA EXPERIENCIA CRISTO MA CITI TOUR.png,/experiencias/cristo-city-tour,assets/js/bulk-photo-references.js,ruta exacta en inventario y referencia presente en código
MINIATURA EXPERIENCIAS MARACANA PARTIDO.png,/experiencias/partido-maracana,assets/js/bulk-photo-references.js; experiencias/partido-maracana/index.html,ruta exacta en inventario y referencia presente en código
MINIATURA HOME CLIMA Y TIEMPO.jpg,/,assets/js/bulk-photo-references.js; index.html,ruta exacta en inventario y referencia presente en código
ernestinho pagina home.png,/,assets/js/bulk-photo-references.js; index.html,ruta exacta en inventario y referencia presente en código
PORTADA HOSPEDAJE.png,/hospedaje,assets/js/bulk-photo-references.js; hospedaje/index.html,ruta exacta en inventario y referencia presente en código
PORTADA VIDA NOCTURNA.png,/vida-nocturna,assets/js/bulk-photo-references.js,ruta exacta en inventario y referencia presente en código
PORTADA COMPRAS.png,/compras,assets/js/bulk-photo-references.js; compras/index.html,ruta exacta en inventario y referencia presente en código
PORTADA EXPERIENCIAS.png,/experiencias,assets/js/bulk-photo-references.js,ruta exacta en inventario y referencia presente en código
PORTADA FAMILIAS.png,/familia,assets/js/bulk-photo-references.js; familia/index.html,ruta exacta en inventario y referencia presente en código
PORTADA PLAYAS.png,/playas,assets/js/bulk-photo-references.js,ruta exacta en inventario y referencia presente en código
PORTADA GASTRONOMIA.png,/gastronomia,assets/js/bulk-photo-references.js,ruta exacta en inventario y referencia presente en código
PORTADA BARRIOS.png,/barrios,assets/js/bulk-photo-references.js,ruta exacta en inventario y referencia presente en código
PORTADA ARTE Y CULTURA.jpg,/cultura,assets/js/bulk-photo-references.js; cultura/index.html,ruta exacta en inventario y referencia presente en código
FOTOGRAFIA/FOTOGRAFIA ARCOS DA LAPA.jpg,/barrios/lapa,assets/js/bulk-photo-references.js,ruta exacta en inventario y referencia presente en código
FOTOGRAFIA/FOTOGRAFIA CALCADAO COPACABANA.jpg,/playas/copacabana,assets/js/bulk-photo-references.js,ruta exacta en inventario y referencia presente en código
FOTOGRAFIA/FOTOGRAFIA ENSENADA BOTAFOGO.jpg,/barrios/botafogo,assets/js/bulk-photo-references.js,ruta exacta en inventario y referencia presente en código
FOTOGRAFIA/FOTOGRAFIA MIRANTE DO RONCADOR.jpg,/barrios/recreio,assets/js/bulk-photo-references.js,ruta exacta en inventario y referencia presente en código
FOTOGRAFIA/FOTOGRAFIA MURAL ETNIAS.jpg,/barrios/centro-maua,assets/js/bulk-photo-references.js,ruta exacta en inventario y referencia presente en código
FOTOGRAFIA/FOTOGRAFIA PRACA MAHUA Y MUSEO DO AMANHA.jpg,/barrios/centro-maua,assets/js/bulk-photo-references.js,ruta exacta en inventario y referencia presente en código
BARRIOS/Centro Histórico · Pequena África/cais_do_valongo.jpg,/barrios/centro-maua,assets/js/bulk-photo-references.js,ruta exacta en inventario y referencia presente en código
BARRIOS/Centro Histórico · Pequena África/pequeña africa.jpg,/barrios/centro-maua,assets/js/bulk-photo-references.js,ruta exacta en inventario y referencia presente en código
BARRIOS/Centro Histórico · Pequena África/pedra do sal.jpg,/barrios/centro-maua,assets/js/bulk-photo-references.js,ruta exacta en inventario y referencia presente en código
BARRIOS/Centro Histórico · Pequena África/Bafo-da-Prainha.jpg,/barrios/centro-maua,assets/js/bulk-photo-references.js,ruta exacta en inventario y referencia presente en código
BARRIOS/Centro Histórico · Pequena África/pedra-do-sal-pequena-africa.jpg,/barrios/centro-maua,assets/js/bulk-photo-references.js,ruta exacta en inventario y referencia presente en código
FOTOGRAFIA/FOTOGRAFIA PARQUE DAS RUINAS.jpg,/barrios/santa-teresa,assets/js/bulk-photo-references.js,ruta exacta en inventario y referencia presente en código
FOTOGRAFIA/FOTOGRAFIA PARQUE LAGE.jpg,/atracciones/parque-lage,assets/js/bulk-photo-references.js,ruta exacta en inventario y referencia presente en código
FOTOGRAFIA/FOTOGRAFIA PEDRA DO ARPOADOR.jpg,/playas/arpoador,assets/js/bulk-photo-references.js,ruta exacta en inventario y referencia presente en código
FOTOGRAFIA/FOTOGRAFIA PRAIA GRUMARI.jpg,/playas/grumari,assets/js/bulk-photo-references.js,ruta exacta en inventario y referencia presente en código
BARRIOS/Recreio · Vargens · Guaratiba · Sepetiba/praia de grumari 34632eqds.jpg,/playas/grumari,assets/js/bulk-photo-references.js,ruta exacta en inventario y referencia presente en código
FOTOGRAFIA/FOTOGRAFIA PRAIA JOATINGA.jpg,/playas/joatinga,assets/js/bulk-photo-references.js,ruta exacta en inventario y referencia presente en código
FOTOGRAFIA/FOTOGRAFIA PRAIA VERMELHA.jpg,/playas/praia-vermelha,assets/js/bulk-photo-references.js,ruta exacta en inventario y referencia presente en código
BARRIOS/Centro Histórico · Pequena África/arco-do-teles435.jpg,/barrios/centro,assets/js/bulk-photo-references.js,ruta exacta en inventario y referencia presente en código
BARRIOS/Centro Histórico · Pequena África/paco imperial 235t.jpg,/barrios/centro,assets/js/bulk-photo-references.js,ruta exacta en inventario y referencia presente en código
BARRIOS/Centro Histórico · Pequena África/Antigo Chafariz de Mestre Valentim.JPG,/barrios/centro,assets/js/bulk-photo-references.js,ruta exacta en inventario y referencia presente en código
BARRIOS/Centro Histórico · Pequena África/ccbb frontis 134.jpg,/barrios/centro,assets/js/bulk-photo-references.js,ruta exacta en inventario y referencia presente en código
BARRIOS/Centro Histórico · Pequena África/praca xv.JPG,/barrios/centro,assets/js/bulk-photo-references.js,ruta exacta en inventario y referencia presente en código
BARRIOS/Catete · Largo do Machado · Glória/outerio da gloria.jpg,/barrios/gloria,assets/js/bulk-photo-references.js,ruta exacta en inventario y referencia presente en código
BARRIOS/Catete · Largo do Machado · Glória/marina da gliruia 23454t.jpg,/barrios/gloria,assets/js/bulk-photo-references.js,ruta exacta en inventario y referencia presente en código
BARRIOS/Catete · Largo do Machado · Glória/feria gloria.jpg,/barrios/gloria,assets/js/bulk-photo-references.js,ruta exacta en inventario y referencia presente en código
BARRIOS/Catete · Largo do Machado · Glória/Largo_do_Machado_-_panoramio.jpg,/barrios/catete,assets/js/bulk-photo-references.js,ruta exacta en inventario y referencia presente en código
BARRIOS/Catete · Largo do Machado · Glória/Jardins-do-museu-republica.jpg,/barrios/catete,assets/js/bulk-photo-references.js,ruta exacta en inventario y referencia presente en código
BARRIOS/Catete · Largo do Machado · Glória/dentro palacio catete.jpg,/barrios/catete,assets/js/bulk-photo-references.js,ruta exacta en inventario y referencia presente en código
BARRIOS/Catete · Largo do Machado · Glória/salao-nobre-palacio-da-republica.jpg,/barrios/catete,assets/js/bulk-photo-references.js,ruta exacta en inventario y referencia presente en código
BARRIOS/Catete · Largo do Machado · Glória/catete historico.jpg,/barrios/catete,assets/js/bulk-photo-references.js,ruta exacta en inventario y referencia presente en código
BARRIOS/Recreio · Vargens · Guaratiba · Sepetiba/restaurante vargem.jpg,/barrios/vargens,assets/js/bulk-photo-references.js,ruta exacta en inventario y referencia presente en código
BARRIOS/Recreio · Vargens · Guaratiba · Sepetiba/vargem igreja w2r43wes.jpg,/barrios/vargens,assets/js/bulk-photo-references.js,ruta exacta en inventario y referencia presente en código
BARRIOS/Recreio · Vargens · Guaratiba · Sepetiba/praia recreio 54352.jpg,/playas/recreio,assets/js/bulk-photo-references.js,ruta exacta en inventario y referencia presente en código
BARRIOS/Recreio · Vargens · Guaratiba · Sepetiba/pontal 54234.jpg,/playas/pontal,assets/js/bulk-photo-references.js,ruta exacta en inventario y referencia presente en código
restaurantes/Aipo & Aipim Copacabana 1/Aipo & Aipim Copacabana 1 5.jpg,/gastronomia/aipo-aipim-391,assets/js/bulk-photo-references.js,ruta exacta en inventario y referencia presente en código
restaurantes/Aipo & Aipim Copacabana 1/aipo-aipim-copacabana PORT.jpg,/gastronomia/aipo-aipim-391,assets/js/bulk-photo-references.js,ruta exacta en inventario y referencia presente en código
restaurantes/Aipo & Aipim Copacabana 1/Aipo & Aipim Copacabana 1 2.jpg,/gastronomia/aipo-aipim-391,assets/js/bulk-photo-references.js,ruta exacta en inventario y referencia presente en código
restaurantes/Aipo & Aipim Copacabana 1/Aipo & Aipim Copacabana 1 3.jpg,/gastronomia/aipo-aipim-391,assets/js/bulk-photo-references.js,ruta exacta en inventario y referencia presente en código
restaurantes/Aipo & Aipim Copacabana 1/Aipo & Aipim Copacabana 1 4.jpg,/gastronomia/aipo-aipim-391,assets/js/bulk-photo-references.js,ruta exacta en inventario y referencia presente en código
restaurantes/Aipo & Aipim Copacabana 2/Aipo & Aipim Copacabana 2 1.jpg,/gastronomia/aipo-aipim-605,assets/js/bulk-photo-references.js,ruta exacta en inventario y referencia presente en código
restaurantes/Aipo & Aipim Copacabana 2/Aipo & Aipim Copacabana 2 3.jpg,/gastronomia/aipo-aipim-605,assets/js/bulk-photo-references.js,ruta exacta en inventario y referencia presente en código
restaurantes/Aipo & Aipim Copacabana 2/Aipo & Aipim Copacabana 2 PORT.jpg,/gastronomia/aipo-aipim-605,assets/js/bulk-photo-references.js,ruta exacta en inventario y referencia presente en código
restaurantes/Aipo & Aipim Copacabana 2/Aipo & Aipim Copacabana 2 5.jpg,/gastronomia/aipo-aipim-605,assets/js/bulk-photo-references.js,ruta exacta en inventario y referencia presente en código
restaurantes/Aipo & Aipim Copacabana 2/Aipo & Aipim Copacabana 2 2.jpg,/gastronomia/aipo-aipim-605,assets/js/bulk-photo-references.js,ruta exacta en inventario y referencia presente en código
restaurantes/aipo-aipim-copacabana3/aipo-aipim-copacabana3 2.jpg,/gastronomia/aipo-aipim-920,assets/js/bulk-photo-references.js,ruta exacta en inventario y referencia presente en código
restaurantes/aipo-aipim-copacabana3/aipo-aipim-copacabana3 4.jpg,/gastronomia/aipo-aipim-920,assets/js/bulk-photo-references.js,ruta exacta en inventario y referencia presente en código
restaurantes/aipo-aipim-copacabana3/aipo-aipim-copacabana3 3.jpg,/gastronomia/aipo-aipim-920,assets/js/bulk-photo-references.js,ruta exacta en inventario y referencia presente en código
restaurantes/aipo-aipim-copacabana3/aipo-aipim-copacabana3 PORT.jpg,/gastronomia/aipo-aipim-920,assets/js/bulk-photo-references.js,ruta exacta en inventario y referencia presente en código
restaurantes/aipo-aipim-copacabana3/aipo-aipim-copacabana3 45.jpg,/gastronomia/aipo-aipim-920,assets/js/bulk-photo-references.js,ruta exacta en inventario y referencia presente en código
PORTADA CAFE.png,/cafe-rio,assets/js/bulk-photo-references.js,ruta exacta en inventario y referencia presente en código
CAFE RIO/cafe con caramelo.PNG,/cafe-rio,assets/js/bulk-photo-references.js; cafe-rio/index.html,ruta exacta en inventario y referencia presente en código
CAFE RIO/cafe trufado.PNG,/cafe-rio,assets/js/bulk-photo-references.js; cafe-rio/index.html,ruta exacta en inventario y referencia presente en código
CAFE RIO/portadas Y COLECCION.png,/cafe-rio,assets/js/bulk-photo-references.js; cafe-rio/index.html,ruta exacta en inventario y referencia presente en código
CAFE RIO/cafe con menta.PNG,/cafe-rio,assets/js/bulk-photo-references.js; cafe-rio/index.html,ruta exacta en inventario y referencia presente en código
CAFE RIO/CAFE MOLIDO.jpeg,/cafe-rio,assets/js/bulk-photo-references.js; cafe-rio/index.html,ruta exacta en inventario y referencia presente en código
CAFE RIO/cafe con avellanas.PNG,/cafe-rio,assets/js/bulk-photo-references.js; cafe-rio/index.html,ruta exacta en inventario y referencia presente en código
PORTADA FOTOGRAFIAS.png,/fotografia,assets/js/bulk-photo-references.js; fotografia/index.html,ruta exacta en inventario y referencia presente en código
FOTOGRAFIA/FOTOGRAFIA CASCATINHA.jpg,/fotografia,assets/js/bulk-photo-references.js; fotografia/index.html,ruta exacta en inventario y referencia presente en código
FOTOGRAFIA/FOTOGRAFIA PEDRA DA GAVEA.jpg,/fotografia,assets/js/bulk-photo-references.js,ruta exacta en inventario y referencia presente en código
FOTOGRAFIA/FOTOGRAFIA FORTE SANTA CRUZ.jpg,/fotografia,assets/js/bulk-photo-references.js; fotografia/index.html,ruta exacta en inventario y referencia presente en código
ARTE Y CULTURA/museos/deo/DEO1.jpg,/cultura/casa-deodoro,assets/js/bulk-photo-references.js,ruta exacta en inventario y referencia presente en código
ARTE Y CULTURA/museos/deo/DEO2.jpg,/cultura/casa-deodoro,assets/js/bulk-photo-references.js,ruta exacta en inventario y referencia presente en código
ARTE Y CULTURA/museos/deo/DEO3.jpg,/cultura/casa-deodoro,assets/js/bulk-photo-references.js,ruta exacta en inventario y referencia presente en código
ARTE Y CULTURA/museos/deo/aaa6ae60-9ad6-4ea8-87cf-adc77d25dd22.png,/cultura/casa-deodoro,assets/js/bulk-photo-references.js,ruta exacta en inventario y referencia presente en código
ARTE Y CULTURA/museos/deo/e2727feb-f9f9-4c02-a370-15b4122488b5.png,/cultura/casa-deodoro,assets/js/bulk-photo-references.js,ruta exacta en inventario y referencia presente en código
ARTE Y CULTURA/museos/CIENCIAS/CIENCIAS.jpg,/cultura/mast,assets/js/bulk-photo-references.js,ruta exacta en inventario y referencia presente en código
ARTE Y CULTURA/museos/CIENCIAS/CIENCIAS2.jpg,/cultura/mast,assets/js/bulk-photo-references.js,ruta exacta en inventario y referencia presente en código
ARTE Y CULTURA/museos/CIENCIAS/CIENCIAS23.jpg,/cultura/mast,assets/js/bulk-photo-references.js,ruta exacta en inventario y referencia presente en código
ARTE Y CULTURA/museos/CIENCIAS/3bd13838-4d93-4e5b-afdd-e8c98b6abc7e.png,/cultura/mast,assets/js/bulk-photo-references.js,ruta exacta en inventario y referencia presente en código
ARTE Y CULTURA/museos/CIENCIAS/c922417d-cd8c-474a-a5a6-aba0fa0e6805.png,/cultura/mast,assets/js/bulk-photo-references.js,ruta exacta en inventario y referencia presente en código
BUZIOS/minitatura para donde comer buzios.jpg,/destinos/buzios,assets/js/buzios-page.js,ruta exacta en inventario y referencia presente en código
BUZIOS/miniaturas chilenos en buzios.jpg,/destinos/buzios,assets/js/buzios-page.js,ruta exacta en inventario y referencia presente en código
BUZIOS/miniatura buzios con bebes niños y adolecentes.jpg,/destinos/buzios,assets/js/buzios-page.js,ruta exacta en inventario y referencia presente en código
BUZIOS/miniatura viaje sin sopresas.jpg,/destinos/buzios,assets/js/buzios-page.js,ruta exacta en inventario y referencia presente en código
BUZIOS/miniatura buzios mes a mes.jpeg,/destinos/buzios,assets/js/buzios-page.js,ruta exacta en inventario y referencia presente en código
BUZIOS/miniatura una zona para cada ritmo.jpg,/destinos/buzios,assets/js/buzios-page.js,ruta exacta en inventario y referencia presente en código
BUZIOS/minitatura necesito resolver algo en buzios.jpg,/destinos/buzios,assets/js/buzios-page.js,ruta exacta en inventario y referencia presente en código
BUZIOS/minitatura internet sim buzios.jpg,/destinos/buzios,assets/js/buzios-page.js,ruta exacta en inventario y referencia presente en código
BUZIOS/minitatura para como moverse buzios.jpg,/destinos/buzios,assets/js/buzios-page.js,ruta exacta en inventario y referencia presente en código
BUZIOS/minitatura para donde alojarse buzios.jpg,/destinos/buzios,assets/js/buzios-page.js,ruta exacta en inventario y referencia presente en código
BUZIOS/miniatura cruceros en buzios MSC-Armonia-Buzios.jpg,/destinos/buzios,assets/js/buzios-page.js,ruta exacta en inventario y referencia presente en código
BUZIOS/miniatura compras en buzios.jpg,/destinos/buzios,assets/js/buzios-page.js,ruta exacta en inventario y referencia presente en código
BUZIOS/minitatura para donde comeue hacer buzios.jpg,/destinos/buzios,assets/js/buzios-page.js,ruta exacta en inventario y referencia presente en código
BUZIOS/minitatura para playas buzios.jpg,/destinos/buzios,assets/js/buzios-page.js,ruta exacta en inventario y referencia presente en código
BUZIOS/miniatura que noche quieres vivir en buzios.jpg,/destinos/buzios,assets/js/buzios-page.js,ruta exacta en inventario y referencia presente en código
BUZIOS/minitatura para experiencias buzios.jpg,/destinos/buzios,assets/js/buzios-page.js,ruta exacta en inventario y referencia presente en código
BUZIOS/miniaturas eventos en buzios.jpg,/destinos/buzios,assets/js/buzios-page.js,ruta exacta en inventario y referencia presente en código
BUZIOS/miniatura supermercados en buzios.webp,/destinos/buzios,assets/js/buzios-page.js,ruta exacta en inventario y referencia presente en código
BUZIOS/miniatura buzios con mascotas.jpg,/destinos/buzios,assets/js/buzios-page.js,ruta exacta en inventario y referencia presente en código
BUZIOS/miniaturas argentinos en buzios.jpg,/destinos/buzios,assets/js/buzios-page.js,ruta exacta en inventario y referencia presente en código
BUZIOS/miniatura buzios segun tu forma de viajar.jpg,/destinos/buzios,assets/js/buzios-page.js,ruta exacta en inventario y referencia presente en código
BUZIOS/minitatura seguridad buzios.jpg,/destinos/buzios,assets/js/buzios-page.js,ruta exacta en inventario y referencia presente en código
BUZIOS/miniatura playas con personalidades distintas.jpg,/destinos/buzios,assets/js/buzios-page.js,ruta exacta en inventario y referencia presente en código
BUZIOS/miniaturas actividades con salida local.jpg,/destinos/buzios,assets/js/buzios-page.js,ruta exacta en inventario y referencia presente en código
BUZIOS/minitatura salud buzios.jpg,/destinos/buzios,assets/js/buzios-page.js,ruta exacta en inventario y referencia presente en código
BUZIOS/miniatura elige tu perfil buzios.png,/destinos/buzios,assets/js/buzios-page.js,ruta exacta en inventario y referencia presente en código
BUZIOS/minitatura movilidad reduzida.jpg,/destinos/buzios,assets/js/buzios-page.js,ruta exacta en inventario y referencia presente en código
BUZIOS/miniatura dinero tarjeta pix buzios.jpg,/destinos/buzios,assets/js/buzios-page.js,ruta exacta en inventario y referencia presente en código
BUZIOS/miniatura comer pasear y volver.jpg,/destinos/buzios,assets/js/buzios-page.js,ruta exacta en inventario y referencia presente en código
BUZIOS/minitatura llegada complet.jpg,/destinos/buzios,assets/js/buzios-page.js,ruta exacta en inventario y referencia presente en código
PORTADA ATRACCIONES.jpg,/,assets/js/data.js,ruta exacta en inventario y referencia presente en código
PORTADA CONSEJOS.png,/,assets/js/data.js,ruta exacta en inventario y referencia presente en código
PORTADA EVENTOS.png,/,assets/js/data.js; index.html,ruta exacta en inventario y referencia presente en código
MINIATURA EXPERIENCIAS MARACANA PARTIDO.png,/,assets/js/data.js,ruta exacta en inventario y referencia presente en código
PORTADA HOSPEDAJE.png,/,assets/js/data.js,ruta exacta en inventario y referencia presente en código
PORTADA VIDA NOCTURNA.png,/,assets/js/data.js,ruta exacta en inventario y referencia presente en código
PORTADA CAFE.png,/,assets/js/data.js,ruta exacta en inventario y referencia presente en código
EXPERIENCIAS PORTADA ANGRA.jpg,/,assets/js/data.js,ruta exacta en inventario y referencia presente en código
PORTADA COMPRAS.png,/,assets/js/data.js,ruta exacta en inventario y referencia presente en código
PORTADA FOTOGRAFIAS.png,/,assets/js/data.js,ruta exacta en inventario y referencia presente en código
PORTADA EXPERIENCIAS.png,/,assets/js/data.js,ruta exacta en inventario y referencia presente en código
PORTADA FULL DAY RIO.png,/,assets/js/data.js,ruta exacta en inventario y referencia presente en código
PORTADA GIIA DE RIO.png,/,assets/js/data.js,ruta exacta en inventario y referencia presente en código
PORTADA FAMILIAS.png,/,assets/js/data.js,ruta exacta en inventario y referencia presente en código
PORTADA PLAYAS.png,/,assets/js/data.js,ruta exacta en inventario y referencia presente en código
EXPERIENCIAS PORTADA ARRAIAL.jpg,/,assets/js/data.js,ruta exacta en inventario y referencia presente en código
PORTADA GASTRONOMIA.png,/,assets/js/data.js,ruta exacta en inventario y referencia presente en código
PORTADA TRANSPORTE.png,/,assets/js/data.js,ruta exacta en inventario y referencia presente en código
PORTADA BARRIOS.png,/,assets/js/data.js,ruta exacta en inventario y referencia presente en código
EXPERIENCIAS/parapente/Snapshot_20230256_050200.JPG,/,assets/js/data.js,ruta exacta en inventario y referencia presente en código
EXPERIENCIAS/carnaval experience/carnaval experience ec (1).jpg,/,assets/js/data.js,ruta exacta en inventario y referencia presente en código
EXPERIENCIAS/RIO SAMBA BUS/RIO SAMBA BUS (4).jpg,/,assets/js/data.js,ruta exacta en inventario y referencia presente en código
PORTADA ARTE Y CULTURA.jpg,/,assets/js/data.js,ruta exacta en inventario y referencia presente en código
HOSPEDAJE/casa candida/CASA CANDIDA GIGOIA (4).jpg,/hospedaje/casa-candida,assets/js/data/lodging.js,ruta exacta en inventario y referencia presente en código
HOSPEDAJE/casa candida/CASA CANDIDA GIGOIA (6).jpg,/hospedaje/casa-candida,assets/js/data/lodging.js,ruta exacta en inventario y referencia presente en código
HOSPEDAJE/casa candida/CASA CANDIDA GIGOIA (3).jpg,/hospedaje/casa-candida,assets/js/data/lodging.js,ruta exacta en inventario y referencia presente en código
HOSPEDAJE/casa candida/CASA CANDIDA GIGOIA (2).jpg,/hospedaje/casa-candida,assets/js/data/lodging.js,ruta exacta en inventario y referencia presente en código
HOSPEDAJE/casa candida/CASA CANDIDA GIGOIA (5).jpg,/hospedaje/casa-candida,assets/js/data/lodging.js,ruta exacta en inventario y referencia presente en código
HOSPEDAJE/casa candida/CASA CANDIDA GIGOIA (11).jpg,/hospedaje/casa-candida,assets/js/data/lodging.js,ruta exacta en inventario y referencia presente en código
HOSPEDAJE/casa candida/CASA CANDIDA GIGOIA (7).jpg,/hospedaje/casa-candida,assets/js/data/lodging.js,ruta exacta en inventario y referencia presente en código
HOSPEDAJE/casa candida/CASA CANDIDA GIGOIA (9).jpg,/hospedaje/casa-candida,assets/js/data/lodging.js,ruta exacta en inventario y referencia presente en código
HOSPEDAJE/casa candida/CASA CANDIDA GIGOIA (8).jpg,/hospedaje/casa-candida,assets/js/data/lodging.js,ruta exacta en inventario y referencia presente en código
HOSPEDAJE/casa candida/CASA CANDIDA GIGOIA (1).jpg,/hospedaje/casa-candida,assets/js/data/lodging.js; hospedaje/casa-candida/index.html,ruta exacta en inventario y referencia presente en código
HOSPEDAJE/casa candida/CASA CANDIDA GIGOIA (10).jpg,/hospedaje/casa-candida,assets/js/data/lodging.js,ruta exacta en inventario y referencia presente en código
ATRACCIONES/the maze y tabares bastos/images (26)_20250313_160815(1).jpeg,/atracciones/the-maze,atracciones/the-maze/index.html,ruta exacta en inventario y referencia presente en código
ATRACCIONES/the maze y tabares bastos/images (23)_20250313_160825(1).jpeg,/atracciones/the-maze,atracciones/the-maze/index.html,ruta exacta en inventario y referencia presente en código
ATRACCIONES/the maze y tabares bastos/images (25)_20250313_160820.jpeg,/atracciones/the-maze,atracciones/the-maze/index.html,ruta exacta en inventario y referencia presente en código
COMPRAS/ferias/feria noctura/feria nocturna copa 5.JPG,/compras/feira-nocturna-copacabana,compras/feira-nocturna-copacabana/index.html,ruta exacta en inventario y referencia presente en código
COMPRAS/ferias/feria noctura/feria nocturna copa 1.JPG,/compras/feira-nocturna-copacabana,compras/feira-nocturna-copacabana/index.html,ruta exacta en inventario y referencia presente en código
COMPRAS/ferias/feria noctura/feria nocturna copa 1 1.JPG,/compras/feira-nocturna-copacabana,compras/feira-nocturna-copacabana/index.html,ruta exacta en inventario y referencia presente en código
COMPRAS/ferias/feria noctura/feria nocturna copa 4.JPG,/compras/feira-nocturna-copacabana,compras/feira-nocturna-copacabana/index.html,ruta exacta en inventario y referencia presente en código
COMPRAS/ferias/feria noctura/feria nocturna copa.jpg,/compras/feira-nocturna-copacabana,compras/feira-nocturna-copacabana/index.html,ruta exacta en inventario y referencia presente en código
COMPRAS/ferias/feria noctura/feria nocturna copa 3.JPG,/compras/feira-nocturna-copacabana,compras/feira-nocturna-copacabana/index.html,ruta exacta en inventario y referencia presente en código
COMPRAS/ferias/feria noctura/feria nocturna copa 2.JPG,/compras/feira-nocturna-copacabana,compras/feira-nocturna-copacabana/index.html,ruta exacta en inventario y referencia presente en código
COMPRAS/ferias/FERIA SAEZ PEÑA/feria sanez peña 1.JPG,/compras/feira-saens-pena,compras/feira-saens-pena/index.html,ruta exacta en inventario y referencia presente en código
COMPRAS/ferias/FERIA SAEZ PEÑA/feria saez peña 2.JPG,/compras/feira-saens-pena,compras/feira-saens-pena/index.html,ruta exacta en inventario y referencia presente en código
COMPRAS/ferias/FERIA SAEZ PEÑA/feria sanez peña 1.JPG,/compras/ferias,compras/ferias/index.html,ruta exacta en inventario y referencia presente en código
COMPRAS/ferias/feria noctura/feria nocturna copa 1.JPG,/compras/ferias,compras/ferias/index.html,ruta exacta en inventario y referencia presente en código
COMPRAS/ferias/feria antiguedades plaza xv/feria antiguedades plaza xv 2.JPEG,/compras/ferias,compras/ferias/index.html,ruta exacta en inventario y referencia presente en código
COMPRAS/ferias/feria lavradio/lavradio port.jpg,/compras/ferias,compras/ferias/index.html,ruta exacta en inventario y referencia presente en código
COMPRAS/ferias/feria libre da gloria/FEIRA_DA_GLORIA2.JPG,/compras/ferias,compras/ferias/index.html,ruta exacta en inventario y referencia presente en código
COMPRAS/ferias/feria organica da gloria/feria organica da gloria.jpg,/compras/ferias,compras/ferias/index.html,ruta exacta en inventario y referencia presente en código
COMPRAS/ferias/hippie ipanema/hippie ipanema 3.jpg,/compras/ferias,compras/ferias/index.html,ruta exacta en inventario y referencia presente en código
COMPRAS/ferias/Feira das Yabás/Feira das Yabás 2.jpg,/compras/ferias,compras/ferias/index.html,ruta exacta en inventario y referencia presente en código
COMPRAS/ferias/feria praca do lido/feria praca do lido.jpg,/compras/ferias,compras/ferias/index.html,ruta exacta en inventario y referencia presente en código
COMPRAS/ferias/feria da providencia/feria da providencia 2.jpg,/compras/ferias,compras/ferias/index.html,ruta exacta en inventario y referencia presente en código
COMPRAS/comercio populaer/saara/saara portada.jpg,/compras,compras/index.html,ruta exacta en inventario y referencia presente en código
COMPRAS/shopping/barra-shopping/barra-shopping port.jpg,/compras,compras/index.html,ruta exacta en inventario y referencia presente en código
COMPRAS/ferias/hippie ipanema/hippie ipanema 3.jpg,/compras,compras/index.html,ruta exacta en inventario y referencia presente en código
COMPRAS/comercio populaer/cadeg/cadeg 1.jpg,/compras/mercados-populares,compras/mercados-populares/index.html,ruta exacta en inventario y referencia presente en código
COMPRAS/comercio populaer/cadeg/cadeg5sd.jpg,/compras/mercados-populares,compras/mercados-populares/index.html,ruta exacta en inventario y referencia presente en código
COMPRAS/comercio populaer/sao pedro niteroi/mercado sao pedro 1.jpg,/compras/mercados-populares,compras/mercados-populares/index.html,ruta exacta en inventario y referencia presente en código
COMPRAS/comercio populaer/feria de sao cristovao/feria sao cristovao 1.jpg,/compras/mercados-populares,compras/mercados-populares/index.html,ruta exacta en inventario y referencia presente en código
COMPRAS/comercio populaer/saara/saara portada.jpg,/compras/mercados-populares,compras/mercados-populares/index.html,ruta exacta en inventario y referencia presente en código
COMPRAS/comercio populaer/uruguaniana/URUGUAIANA (1).jpg,/compras/mercados-populares,compras/mercados-populares/index.html,ruta exacta en inventario y referencia presente en código
COMPRAS/comercio populaer/mercadao-de-madureira/MECRCADAO MADUREIRA (1).jpg,/compras/mercados-populares,compras/mercados-populares/index.html,ruta exacta en inventario y referencia presente en código
COMPRAS/shopping/shopping nova america/shopping nova america PORT.jpg,/compras/shoppings,compras/shoppings/index.html,ruta exacta en inventario y referencia presente en código
COMPRAS/shopping/barra-shopping/barra-shopping port.jpg,/compras/shoppings,compras/shoppings/index.html,ruta exacta en inventario y referencia presente en código
COMPRAS/shopping/down town/DONW TOWN SHOPPING PORT.jpg,/compras/shoppings,compras/shoppings/index.html,ruta exacta en inventario y referencia presente en código
COMPRAS/shopping/shopping rio sul/rio sul port.jpg,/compras/shoppings,compras/shoppings/index.html,ruta exacta en inventario y referencia presente en código
COMPRAS/shopping/village mall/shopping-village-mall PORT.jpg,/compras/shoppings,compras/shoppings/index.html,ruta exacta en inventario y referencia presente en código
COMPRAS/shopping/Shopping Tijuca/Shopping Tijuca PORT.jpg,/compras/shoppings,compras/shoppings/index.html,ruta exacta en inventario y referencia presente en código
COMPRAS/shopping/shopping leblon/SHOPPING LEBLON PORT.jpg,/compras/shoppings,compras/shoppings/index.html,ruta exacta en inventario y referencia presente en código
COMPRAS/shopping/botafogo praia shopping/BOTAGOFO PRAIA SHOPPING PORT.jpg,/compras/shoppings,compras/shoppings/index.html,ruta exacta en inventario y referencia presente en código
COMPRAS/shopping/fashion-mall-l3/SHOPPING FASHION MALL PORT.jpg,/compras/shoppings,compras/shoppings/index.html,ruta exacta en inventario y referencia presente en código
COMPRAS/shopping/Shopping Metropolitano Barra/Shopping Metropolitano Barra PORT.jpg,/compras/shoppings,compras/shoppings/index.html,ruta exacta en inventario y referencia presente en código
COMPRAS/shopping/parkjacarepagua/SHOPPING PARK JACAREPAGUA PORT.jpg,/compras/shoppings,compras/shoppings/index.html,ruta exacta en inventario y referencia presente en código
CONSEJOS/CONSEJOS atardeceres involdidables.png,/consejos/atardeceres-inolvidables,consejos/atardeceres-inolvidables/index.html,ruta exacta en inventario y referencia presente en código
CONSEJOS/CONSEJOS atardeceres involdidables/CONSEJOS atardeceres involdidables paseo de lancha.jpg,/consejos/atardeceres-inolvidables,consejos/atardeceres-inolvidables/index.html,ruta exacta en inventario y referencia presente en código
CONSEJOS/CONSEJOS atardeceres involdidables/CONSEJOS atardeceres involdidables arpoador.jpg,/consejos/atardeceres-inolvidables,consejos/atardeceres-inolvidables/index.html,ruta exacta en inventario y referencia presente en código
CONSEJOS/CONSEJOS atardeceres involdidables/CONSEJOS atardeceres involdidables atardecer rio.jpg,/consejos/atardeceres-inolvidables,consejos/atardeceres-inolvidables/index.html,ruta exacta en inventario y referencia presente en código
CONSEJOS/CONSEJOS atardeceres involdidables/CONSEJOS atardeceres involdidables onibus rio.jpg,/consejos/atardeceres-inolvidables,consejos/atardeceres-inolvidables/index.html,ruta exacta en inventario y referencia presente en código
CONSEJOS/CONSEJOS atardeceres involdidables/CONSEJOS atardeceres involdidables hora dorada urca.jpg,/consejos/atardeceres-inolvidables,consejos/atardeceres-inolvidables/index.html,ruta exacta en inventario y referencia presente en código
CONSEJOS/CONSEJOS atardeceres involdidables/CONSEJOS atardeceres involdidables (3).jpg,/consejos/atardeceres-inolvidables,consejos/atardeceres-inolvidables/index.html,ruta exacta en inventario y referencia presente en código
CONSEJOS/CONSEJOS atardeceres involdidables.png,/consejos,consejos/index.html,ruta exacta en inventario y referencia presente en código
GUIA DE RIO/MALETA Y CLIMA/para clima en rio 2 con termometro.jpg,/consejos/maletas-rio,consejos/maletas-rio/index.html,ruta exacta en inventario y referencia presente en código
GUIA DE RIO/MALETA Y CLIMA/para clima en rio.jpg,/consejos/maletas-rio,consejos/maletas-rio/index.html,ruta exacta en inventario y referencia presente en código
ARTE Y CULTURA/espacios culturales/centro justicia/centro justicia 1.jpg,/cultura/centros-culturales,cultura/centros-culturales/index.html,ruta exacta en inventario y referencia presente en código
ARTE Y CULTURA/espacios culturales/HELIO-OITICICA/HELIO-OITICICA.jpeg,/cultura/centros-culturales,cultura/centros-culturales/index.html,ruta exacta en inventario y referencia presente en código
ARTE Y CULTURA/espacios culturales/espaco cultural marinha/espaco marinha 1.jpg,/cultura/centros-culturales,cultura/centros-culturales/index.html,ruta exacta en inventario y referencia presente en código
ARTE Y CULTURA/espacios culturales/Casa Franca-Brasil/Casa Franca-Brasil1.jpg,/cultura/centros-culturales,cultura/centros-culturales/index.html,ruta exacta en inventario y referencia presente en código
ARTE Y CULTURA/espacios culturales/observatorio do valongo/observatorio do valongo 1.jpg,/cultura/centros-culturales,cultura/centros-culturales/index.html,ruta exacta en inventario y referencia presente en código
ARTE Y CULTURA/espacios culturales/ccbb/ccbb1.jpg,/cultura/centros-culturales,cultura/centros-culturales/index.html,ruta exacta en inventario y referencia presente en código
ARTE Y CULTURA/espacios culturales/jose bonifacio/Jose-Bonifacio 2.jpg,/cultura/centros-culturales,cultura/centros-culturales/index.html,ruta exacta en inventario y referencia presente en código
ARTE Y CULTURA/espacios culturales/paco-imperial/paco imperial 1.jpg,/cultura/centros-culturales,cultura/centros-culturales/index.html,ruta exacta en inventario y referencia presente en código
ARTE Y CULTURA/espacios culturales/aco/aco1.jpg,/cultura/centros-culturales,cultura/centros-culturales/index.html,ruta exacta en inventario y referencia presente en código
ARTE Y CULTURA/espacios culturales/pretos novos/pretos novos 1.jpg,/cultura/centros-culturales,cultura/centros-culturales/index.html,ruta exacta en inventario y referencia presente en código
ARTE Y CULTURA/FORTES/FORTE BARAO DO RIO BRANCO/FORTE RIO BRANCO (1).jpg,/cultura/fuertes,cultura/fuertes/index.html,ruta exacta en inventario y referencia presente en código
ARTE Y CULTURA/FORTES/FORTALEZA SANTA CRUZ/FORTALEZA SANTA CRUZ (1).jpg,/cultura/fuertes,cultura/fuertes/index.html,ruta exacta en inventario y referencia presente en código
ARTE Y CULTURA/FORTES/FORTALEZA CONCEICAO/FOTALEZA CONCEICAO (1).jpg,/cultura/fuertes,cultura/fuertes/index.html,ruta exacta en inventario y referencia presente en código
ARTE Y CULTURA/FORTES/forte copacabana/FORTE COPACABANA (1).jpg,/cultura,cultura/index.html,ruta exacta en inventario y referencia presente en código
ARTE Y CULTURA/espacios culturales/espaco cultural marinha/espaco marinha 1.jpg,/cultura,cultura/index.html,ruta exacta en inventario y referencia presente en código
ARTE Y CULTURA/museos/catedral1/71a8fd81-4ab2-4416-8906-3843609d9ca2.png,/cultura/museos,cultura/museos/index.html,ruta exacta en inventario y referencia presente en código
ARTE Y CULTURA/museos/CIENCIAS/c922417d-cd8c-474a-a5a6-aba0fa0e6805.png,/cultura/museos,cultura/museos/index.html,ruta exacta en inventario y referencia presente en código
ARTE Y CULTURA/museos/PONTAL/af835944-1a9b-4eaf-b2c3-ae01ddbd787c.png,/cultura/museos,cultura/museos/index.html,ruta exacta en inventario y referencia presente en código
ARTE Y CULTURA/museos/deo/e2727feb-f9f9-4c02-a370-15b4122488b5.png,/cultura/museos,cultura/museos/index.html,ruta exacta en inventario y referencia presente en código
ARTE Y CULTURA/museos/CASA BENJ/800X600ef.png,/cultura/museos,cultura/museos/index.html,ruta exacta en inventario y referencia presente en código
ARTE Y CULTURA/museos/INSTITUTO HISTORICO/27443b72-104b-4137-a186-24bcaef4fc97.png,/cultura/museos,cultura/museos/index.html,ruta exacta en inventario y referencia presente en código
ARTE Y CULTURA/museos/mar/800X600mar.png,/cultura/museos,cultura/museos/index.html,ruta exacta en inventario y referencia presente en código
ARTE Y CULTURA/museos/musal/800x60015.png,/cultura/museos,cultura/museos/index.html,ruta exacta en inventario y referencia presente en código
ARTE Y CULTURA/museos/naval/800x600na.png,/cultura/museos,cultura/museos/index.html,ruta exacta en inventario y referencia presente en código
ARTE Y CULTURA/museos/museu indio/800X600in.png,/cultura/museos,cultura/museos/index.html,ruta exacta en inventario y referencia presente en código
ARTE Y CULTURA/museos/MUSEU NACIONAL/800x6001.png,/cultura/museos,cultura/museos/index.html,ruta exacta en inventario y referencia presente en código
ARTE Y CULTURA/museos/MUSEU HISTORICO DA CIDADE/ead21fad-0a4c-472d-9d08-60790d2ddbd2.png,/cultura/museos,cultura/museos/index.html,ruta exacta en inventario y referencia presente en código
ARTE Y CULTURA/museos/edinson/800x600133.png,/cultura/museos,cultura/museos/index.html,ruta exacta en inventario y referencia presente en código
ARTE Y CULTURA/museos/CHACRA/800X600e.png,/cultura/museos,cultura/museos/index.html,ruta exacta en inventario y referencia presente en código
ARTE Y CULTURA/museos/BELASARTES/800X600b.png,/cultura/museos,cultura/museos/index.html,ruta exacta en inventario y referencia presente en código
ARTE Y CULTURA/museos/MAC/800X60013.png,/cultura/museos,cultura/museos/index.html,ruta exacta en inventario y referencia presente en código
ARTE Y CULTURA/museos/VILLA LOBOS/9bb104fc-03dd-438f-b9bb-da3f839543a0.png,/cultura/museos,cultura/museos/index.html,ruta exacta en inventario y referencia presente en código
ARTE Y CULTURA/museos/M DA SAMBA/800X600d.png,/cultura/museos,cultura/museos/index.html,ruta exacta en inventario y referencia presente en código
ARTE Y CULTURA/museos/CATETE/800X600c.png,/cultura/museos,cultura/museos/index.html,ruta exacta en inventario y referencia presente en código
ARTE Y CULTURA/museos/light/800x600.png,/cultura/museos,cultura/museos/index.html,ruta exacta en inventario y referencia presente en código
ARTE Y CULTURA/museos/MUSEUFLA/800X600aq.png,/cultura/museos,cultura/museos/index.html,ruta exacta en inventario y referencia presente en código
ARTE Y CULTURA/museos/ARQ ITAIPU/d037dec1-ccbc-44db-b125-230f5742db8f.png,/cultura/museos,cultura/museos/index.html,ruta exacta en inventario y referencia presente en código
ARTE Y CULTURA/museos/FIOCRUZ/800X600f.png,/cultura/museos,cultura/museos/index.html,ruta exacta en inventario y referencia presente en código
ARTE Y CULTURA/museos/MAM/9eab6b6c-f919-4ed2-8fbf-ad026c19bc77.png,/cultura/museos,cultura/museos/index.html,ruta exacta en inventario y referencia presente en código
eventos/maratona do rio 12.jpeg,/eventos,eventos/eventos-data.js,ruta exacta en inventario y referencia presente en código
eventos/festival do rio trofeo.jpg,/eventos,eventos/eventos-data.js,ruta exacta en inventario y referencia presente en código
eventos/bienal do libro.jpg,/eventos,eventos/eventos-data.js,ruta exacta en inventario y referencia presente en código
eventos/rock in rio/ROCK IN RIO (2).jpg,/eventos,eventos/eventos-data.js,ruta exacta en inventario y referencia presente en código
eventos/rock in rio/ROCK IN RIO (4).jpg,/eventos,eventos/eventos-data.js,ruta exacta en inventario y referencia presente en código
eventos/rock in rio/ROCK IN RIO (3).jpg,/eventos,eventos/eventos-data.js,ruta exacta en inventario y referencia presente en código
eventos/rock in rio/ROCK IN RIO (1).png,/eventos,eventos/eventos-data.js,ruta exacta en inventario y referencia presente en código
eventos/rock in rio/ROCK IN RIO (6).jpg,/eventos,eventos/eventos-data.js,ruta exacta en inventario y referencia presente en código
eventos/rock in rio/PORTADA ROCK IN RIO.jpg,/eventos,eventos/eventos-data.js,ruta exacta en inventario y referencia presente en código
eventos/rock in rio/ROCK IN RIO (5).jpg,/eventos,eventos/eventos-data.js,ruta exacta en inventario y referencia presente en código
eventos/rock in rio/ROCK IN RIO (1).jpg,/eventos,eventos/eventos-data.js,ruta exacta en inventario y referencia presente en código
eventos/povos indigenas12.jpg,/eventos,eventos/eventos-data.js,ruta exacta en inventario y referencia presente en código
eventos/saquarema-2019.jpeg,/eventos,eventos/eventos-data.js,ruta exacta en inventario y referencia presente en código
eventos/ArtRio-2024_BR0854.jpg,/eventos,eventos/eventos-data.js,ruta exacta en inventario y referencia presente en código
eventos/flip-paraty-2025.jpg,/eventos,eventos/eventos-data.js,ruta exacta en inventario y referencia presente en código
eventos/IEMANJA/324565888_570176921640758_7412196473913778850_n(1).jpg,/eventos,eventos/eventos-data.js,ruta exacta en inventario y referencia presente en código
eventos/IEMANJA/iemanja 1324.jpg,/eventos,eventos/eventos-data.js,ruta exacta en inventario y referencia presente en código
eventos/Rio-das-Ostras-Jazz-Blues-Festival-se-apresenta-como-caso-de-sucesso-Foto-Mauricio-Rocha-1024x678.jpg,/eventos,eventos/eventos-data.js,ruta exacta en inventario y referencia presente en código
eventos/sao sebastiao rj.jpg,/eventos,eventos/eventos-data.js,ruta exacta en inventario y referencia presente en código
eventos/carnaval/BLOCOS RIO.webp,/eventos,eventos/eventos-data.js,ruta exacta en inventario y referencia presente en código
eventos/carnaval/carnaval experience para carnaval.jpg,/eventos,eventos/eventos-data.js,ruta exacta en inventario y referencia presente en código
eventos/carnaval/maestre sala y porta bandeira.jpg,/eventos,eventos/eventos-data.js,ruta exacta en inventario y referencia presente en código
eventos/carnaval/alegorias.jpg,/eventos,eventos/eventos-data.js,ruta exacta en inventario y referencia presente en código
eventos/carnaval/bloco ipanema.jpg,/eventos,eventos/eventos-data.js,ruta exacta en inventario y referencia presente en código
eventos/carnaval/bateria carnaval.jpg,/eventos,eventos/eventos-data.js,ruta exacta en inventario y referencia presente en código
eventos/carnaval/foto carnaval historica.jpg,/eventos,eventos/eventos-data.js,ruta exacta en inventario y referencia presente en código
eventos/carnaval/blocos da rua.jpg,/eventos,eventos/eventos-data.js,ruta exacta en inventario y referencia presente en código
eventos/carnaval/serie de ouro.jpg,/eventos,eventos/eventos-data.js,ruta exacta en inventario y referencia presente en código
eventos/carnaval/desfile campeones apuracao.jpg,/eventos,eventos/eventos-data.js,ruta exacta en inventario y referencia presente en código
eventos/carnaval/ensaio-tecnico.jpg,/eventos,eventos/eventos-data.js,ruta exacta en inventario y referencia presente en código
eventos/carnaval/carro alegorico 1920.jpg,/eventos,eventos/eventos-data.js,ruta exacta en inventario y referencia presente en código
eventos/carnaval/Mapa-do-Sambodromo.jpg,/eventos,eventos/eventos-data.js,ruta exacta en inventario y referencia presente en código
eventos/carnaval/bloco bairro.jpg,/eventos,eventos/eventos-data.js,ruta exacta en inventario y referencia presente en código
eventos/carnaval/foto historica blocos.jpg,/eventos,eventos/eventos-data.js,ruta exacta en inventario y referencia presente en código
eventos/carnaval/sapucai eventos.jpeg,/eventos,eventos/eventos-data.js,ruta exacta en inventario y referencia presente en código
eventos/carnaval/ensaio de rua.jpg,/eventos,eventos/eventos-data.js,ruta exacta en inventario y referencia presente en código
eventos/carnaval/comissao da frente.jpg,/eventos,eventos/eventos-data.js,ruta exacta en inventario y referencia presente en código
eventos/carnaval/construccion sapucai.jpg,/eventos,eventos/eventos-data.js,ruta exacta en inventario y referencia presente en código
eventos/carnaval/ERNESTINHO SELFIE BLOC ATRAS.JPG,/eventos,eventos/eventos-data.js,ruta exacta en inventario y referencia presente en código
eventos/carnaval/ensaio de rua 2.jpg,/eventos,eventos/eventos-data.js,ruta exacta en inventario y referencia presente en código
eventos/carnaval/cidadedosamba.jpg,/eventos,eventos/eventos-data.js,ruta exacta en inventario y referencia presente en código
eventos/carnaval/grupo especial.jpg,/eventos,eventos/eventos-data.js,ruta exacta en inventario y referencia presente en código
eventos/carnaval/SAPUCAI CARNAVAL.jpg,/eventos,eventos/eventos-data.js,ruta exacta en inventario y referencia presente en código
eventos/sao pedro dos pescadores.jpg,/eventos,eventos/eventos-data.js,ruta exacta en inventario y referencia presente en código
eventos/reveillon/REVEILLON (3).jpg,/eventos,eventos/eventos-data.js,ruta exacta en inventario y referencia presente en código
eventos/reveillon/reveillon portada.jpg,/eventos,eventos/eventos-data.js,ruta exacta en inventario y referencia presente en código
eventos/reveillon/REVEILLON (2).jpg,/eventos,eventos/eventos-data.js,ruta exacta en inventario y referencia presente en código
eventos/reveillon/policia revisando familia.jpeg,/eventos,eventos/eventos-data.js,ruta exacta en inventario y referencia presente en código
eventos/reveillon/policia revisando ingreso a playa.jpeg,/eventos,eventos/eventos-data.js,ruta exacta en inventario y referencia presente en código
eventos/reveillon/REVEILLON (1).jpg,/eventos,eventos/eventos-data.js,ruta exacta en inventario y referencia presente en código
eventos/reveillon/REVEILLON (5).jpg,/eventos,eventos/eventos-data.js,ruta exacta en inventario y referencia presente en código
eventos/reveillon/policia reveillon.jpg,/eventos,eventos/eventos-data.js,ruta exacta en inventario y referencia presente en código
eventos/reveillon/seguridad reveillon.jpeg,/eventos,eventos/eventos-data.js,ruta exacta en inventario y referencia presente en código
eventos/reveillon/REVEILLON (4).jpg,/eventos,eventos/eventos-data.js,ruta exacta en inventario y referencia presente en código
eventos/primavera carioca.jpg,/eventos,eventos/eventos-data.js,ruta exacta en inventario y referencia presente en código
eventos/NATAL/caravana-de-natal-da-coca-cola-leva-magia-natalina-1068x602.jpg,/eventos,eventos/eventos-data.js,ruta exacta en inventario y referencia presente en código
eventos/NATAL/NATAL natal barra shopping.jpeg,/eventos,eventos/eventos-data.js,ruta exacta en inventario y referencia presente en código
eventos/NATAL/NATAL arbore botafogo natal.jpg,/eventos,eventos/eventos-data.js,ruta exacta en inventario y referencia presente en código
eventos/NATAL/NATAL Caravana-de-Natal-Coca-Cola.jpg,/eventos,eventos/eventos-data.js,ruta exacta en inventario y referencia presente en código
eventos/NATAL/NATAL natal barra shopping2.jpg,/eventos,eventos/eventos-data.js,ruta exacta en inventario y referencia presente en código
eventos/NATAL/NATAL barra shopping arbore.webp,/eventos,eventos/eventos-data.js,ruta exacta en inventario y referencia presente en código
eventos/NATAL/coca-cola caravana natal.jpeg,/eventos,eventos/eventos-data.js,ruta exacta en inventario y referencia presente en código
eventos/NATAL/NATAL arbore botafogo 2.jpg,/eventos,eventos/eventos-data.js,ruta exacta en inventario y referencia presente en código
eventos/NATAL/NATAL lagoa arbore natal.jpg,/eventos,eventos/eventos-data.js,ruta exacta en inventario y referencia presente en código
eventos/parada orgullo gay.JPG,/eventos,eventos/eventos-data.js,ruta exacta en inventario y referencia presente en código
eventos/carnaval y blocos/181552798-MOB.jpg,/eventos,eventos/eventos-data.js,ruta exacta en inventario y referencia presente en código
eventos/carnaval y blocos/IMG_20230225_224027029.jpg,/eventos,eventos/eventos-data.js,ruta exacta en inventario y referencia presente en código
eventos/Sao-Jorge-02-1536x1131.jpg,/eventos,eventos/eventos-data.js,ruta exacta en inventario y referencia presente en código
eventos/rio-gastro-festival-capa.jpg,/eventos,eventos/eventos-data.js,ruta exacta en inventario y referencia presente en código
eventos/festa da penha.jpg,/eventos,eventos/eventos-data.js,ruta exacta en inventario y referencia presente en código
eventos/festa junina.jpg,/eventos,eventos/eventos-data.js,ruta exacta en inventario y referencia presente en código
eventos/rio open 123.jpg,/eventos,eventos/eventos-data.js,ruta exacta en inventario y referencia presente en código
EXPERIENCIAS/BUZIOS/Escuna_Ilha_Feia_-_Búzios.jpg,/experiencias/buzios,experiencias/buzios/index.html,ruta exacta en inventario y referencia presente en código
EXPERIENCIAS/BUZIOS/praia-da-tartaruga-0.jpg,/experiencias/buzios,experiencias/buzios/index.html,ruta exacta en inventario y referencia presente en código
EXPERIENCIAS/BUZIOS/mapa-onde-fica-buzios-rj.jpg,/experiencias/buzios,experiencias/buzios/index.html,ruta exacta en inventario y referencia presente en código
EXPERIENCIAS/BUZIOS/264918-joao-fernandes-beach-buzios-2560x1440.jpg,/experiencias/buzios,experiencias/buzios/index.html,ruta exacta en inventario y referencia presente en código
EXPERIENCIAS/BUZIOS/rua das pedras.jpeg,/experiencias/buzios,experiencias/buzios/index.html,ruta exacta en inventario y referencia presente en código
EXPERIENCIAS/FULL DAY/MARACANA.jpg,/experiencias/cristo-city-tour,experiencias/cristo-city-tour/index.html,ruta exacta en inventario y referencia presente en código
EXPERIENCIAS/FULL DAY/CRISTO REDENTOR.jpg,/experiencias/cristo-city-tour,experiencias/cristo-city-tour/index.html,ruta exacta en inventario y referencia presente en código
EXPERIENCIAS/FULL DAY/CATEDRAL.jpg,/experiencias/cristo-city-tour,experiencias/cristo-city-tour/index.html,ruta exacta en inventario y referencia presente en código
EXPERIENCIAS/FULL DAY/SAMBODROMO.jpg,/experiencias/cristo-city-tour,experiencias/cristo-city-tour/index.html,ruta exacta en inventario y referencia presente en código
EXPERIENCIAS/FULL DAY/ESCALERA.jpg,/experiencias/cristo-city-tour,experiencias/cristo-city-tour/index.html,ruta exacta en inventario y referencia presente en código
EXPERIENCIAS/FULL DAY/FLORESTA TIJUCA.jpg,/experiencias/full-day-rio,experiencias/full-day-rio/index.html,ruta exacta en inventario y referencia presente en código
PORTADA EXPERIENCIA CRISTO + CITY TOUR.png,/experiencias,experiencias/index.html,ruta exacta en inventario y referencia presente en código
MINIATURA EXPERIENCIAS MARACANA PARTIDO.png,/experiencias,experiencias/index.html,ruta exacta en inventario y referencia presente en código
EXPERIENCIAS PORTADA ANGRA.jpg,/experiencias,experiencias/index.html,ruta exacta en inventario y referencia presente en código
PORTADA FULL DAY RIO.png,/experiencias,experiencias/index.html,ruta exacta en inventario y referencia presente en código
EXPERIENCIAS PORTADA ARRAIAL.jpg,/experiencias,experiencias/index.html,ruta exacta en inventario y referencia presente en código
EXPERIENCIAS/paraquedas/MNJG9388.JPG,/experiencias,experiencias/index.html,ruta exacta en inventario y referencia presente en código
EXPERIENCIAS/PEQUEÑA AFRICA/pedra-do-sal-pequena-africa.jpg,/experiencias,experiencias/index.html,ruta exacta en inventario y referencia presente en código
EXPERIENCIAS/FAVELA VIDIGAL/FAVELA VIDIGAL.jpg,/experiencias,experiencias/index.html,ruta exacta en inventario y referencia presente en código
EXPERIENCIAS/PEDRA DO TELEGRAFO/EXPERIENCIAS PEDRA DO TELEGRAFO (1).jpeg,/experiencias,experiencias/index.html,ruta exacta en inventario y referencia presente en código
EXPERIENCIAS/parasail/parasail 1.jpg,/experiencias,experiencias/index.html,ruta exacta en inventario y referencia presente en código
EXPERIENCIAS/parapente/Snapshot_20230256_050200.JPG,/experiencias,experiencias/index.html,ruta exacta en inventario y referencia presente en código
EXPERIENCIAS/carnaval experience/carnaval experience ec (1).jpg,/experiencias,experiencias/index.html,ruta exacta en inventario y referencia presente en código
EXPERIENCIAS/rapel/RAPEL (1).jpg,/experiencias,experiencias/index.html,ruta exacta en inventario y referencia presente en código
EXPERIENCIAS/MARACANA TOUR/PORTADA MARACANA TOUR.jpg,/experiencias,experiencias/index.html,ruta exacta en inventario y referencia presente en código
EXPERIENCIAS/favela santa marta/FAVELA SANTA MARTA (1).jpg,/experiencias,experiencias/index.html,ruta exacta en inventario y referencia presente en código
EXPERIENCIAS/helicoptero/WhatsApp Image 2026-09-03 at 10.09.20.jpeg,/experiencias,experiencias/index.html,ruta exacta en inventario y referencia presente en código
EXPERIENCIAS/MORRO DOIS IRMAOS/MORRO DOIS IRMAOS (3).jpg,/experiencias,experiencias/index.html,ruta exacta en inventario y referencia presente en código
EXPERIENCIAS/PEDRA BONITA/PEDRA BONITA (1).jpg,/experiencias,experiencias/index.html,ruta exacta en inventario y referencia presente en código
EXPERIENCIAS/lancha/PORTADA ABAJO TITULO.jpg,/experiencias,experiencias/index.html,ruta exacta en inventario y referencia presente en código
EXPERIENCIAS/RIO SAMBA BUS/RIO SAMBA BUS (1).jpg,/experiencias,experiencias/index.html,ruta exacta en inventario y referencia presente en código
EXPERIENCIAS/rapel/RAPEL (3).jpg,/experiencias/rapel,experiencias/rapel/index.html,ruta exacta en inventario y referencia presente en código
EXPERIENCIAS/rapel/RAPEL (4).jpg,/experiencias/rapel,experiencias/rapel/index.html,ruta exacta en inventario y referencia presente en código
EXPERIENCIAS/rapel/RAPEL (1).jpg,/experiencias/rapel,experiencias/rapel/index.html,ruta exacta en inventario y referencia presente en código
EXPERIENCIAS/rapel/RAPEL (2).jpg,/experiencias/rapel,experiencias/rapel/index.html,ruta exacta en inventario y referencia presente en código
FAMILIA/MINIATURA FAMILIA ernes burle marx.png,/familia,familia/index.html,ruta exacta en inventario y referencia presente en código
FAMILIA/MINIATURA FAMILIA ernes yup star.png,/familia,familia/index.html,ruta exacta en inventario y referencia presente en código
FAMILIA/MINIATURA FAMILIA ernes bosque da barra.png,/familia,familia/index.html,ruta exacta en inventario y referencia presente en código
FAMILIA/MINIATURA FAMILIA ernes claudio coutinho.png,/familia,familia/index.html,ruta exacta en inventario y referencia presente en código
FAMILIA/MINIATURA FAMILIA ernes ilha fiscal.png,/familia,familia/index.html,ruta exacta en inventario y referencia presente en código
FAMILIA/MINIATURA FAMILIA ernes hot zone.png,/familia,familia/index.html,ruta exacta en inventario y referencia presente en código
FAMILIA/MINIATURA FAMILIA ernes maracana.png,/familia,familia/index.html,ruta exacta en inventario y referencia presente en código
FAMILIA/MINIATURA FAMILIA ernes parque lage.png,/familia,familia/index.html,ruta exacta en inventario y referencia presente en código
FAMILIA/MINIATURA FAMILIA ernes aquario.png,/familia,familia/index.html,ruta exacta en inventario y referencia presente en código
FAMILIA/MINIATURA FAMILIA ernes feriao sao cristovao.png,/familia,familia/index.html,ruta exacta en inventario y referencia presente en código
FAMILIA/MINIATURA FAMILIA ernes meta kart.png,/familia,familia/index.html,ruta exacta en inventario y referencia presente en código
FAMILIA/MINIATURA FAMILIA ernes escape 60.png,/familia,familia/index.html,ruta exacta en inventario y referencia presente en código
FAMILIA/MINIATURA FAMILIA ernes lagoa rodrigo.png,/familia,familia/index.html,ruta exacta en inventario y referencia presente en código
FAMILIA/MINIATURA FAMILIA ernes bio parque.png,/familia,familia/index.html,ruta exacta en inventario y referencia presente en código
FAMILIA/MINIATURA FAMILIA ernes aterro flamengo.png,/familia,familia/index.html,ruta exacta en inventario y referencia presente en código
FAMILIA/MINIATURA FAMILIA ernes bowling.png,/familia,familia/index.html,ruta exacta en inventario y referencia presente en código
FAMILIA/MINIATURA FAMILIA ernes carnaval experience.png,/familia,familia/index.html,ruta exacta en inventario y referencia presente en código
FAMILIA/MINIATURA FAMILIA ernes jardim botanico.png,/familia,familia/index.html,ruta exacta en inventario y referencia presente en código
FAMILIA/MINIATURA FAMILIA ernes planetario.png,/familia,familia/index.html,ruta exacta en inventario y referencia presente en código
FAMILIA/MINIATURA FAMILIA ernes catacumba.png,/familia,familia/index.html,ruta exacta en inventario y referencia presente en código
FAMILIA/MINIATURA FAMILIA ernes jardin palacio catete.png,/familia,familia/index.html,ruta exacta en inventario y referencia presente en código
FOTOGRAFIA/FOTOGRAFIA ENSENADA BOTAFOGO.jpg,/fotografia,fotografia/index.html,ruta exacta en inventario y referencia presente en código
FOTOGRAFIA/FOTOGRAFIA CATEDRAL.jpg,/fotografia,fotografia/index.html,ruta exacta en inventario y referencia presente en código
FOTOGRAFIA/FOTOGRAFIA PARQUE LAGE.jpg,/fotografia,fotografia/index.html,ruta exacta en inventario y referencia presente en código
FOTOGRAFIA/FOTOGRAFIA MIRANTE DO RONCADOR.jpg,/fotografia,fotografia/index.html,ruta exacta en inventario y referencia presente en código
FOTOGRAFIA/FOTOGRAFIA CRISTO REDENTOR.jpg,/fotografia,fotografia/index.html,ruta exacta en inventario y referencia presente en código
FOTOGRAFIA/FOTOGRAFIA PEDRA DO ARPOADOR.jpg,/fotografia,fotografia/index.html,ruta exacta en inventario y referencia presente en código
FOTOGRAFIA/FOTOGRAFIA URCA.jpg,/fotografia,fotografia/index.html,ruta exacta en inventario y referencia presente en código
FOTOGRAFIA/FOTOGRAFIA PRAIA VERMELHA.jpg,/fotografia,fotografia/index.html,ruta exacta en inventario y referencia presente en código
FOTOGRAFIA/FOTOGRAFIA ATERRO FLAMENGO.jpg,/fotografia,fotografia/index.html,ruta exacta en inventario y referencia presente en código
FOTOGRAFIA/FOTOGRAFIA ESCADARIA.jpg,/fotografia,fotografia/index.html,ruta exacta en inventario y referencia presente en código
FOTOGRAFIA/FOTOGRAFIA VISTA CHINESA.jpg,/fotografia,fotografia/index.html,ruta exacta en inventario y referencia presente en código
FOTOGRAFIA/FOTOGRAFIA MESA DO EMPERADOR.jpg,/fotografia,fotografia/index.html,ruta exacta en inventario y referencia presente en código
FOTOGRAFIA/FOTOGRAFIA PERDA DO TELEGRAFO.jpg,/fotografia,fotografia/index.html,ruta exacta en inventario y referencia presente en código
FOTOGRAFIA/FOTOGRAFIA DONA MARTA.jpg,/fotografia,fotografia/index.html,ruta exacta en inventario y referencia presente en código
FOTOGRAFIA/FOTOGRAFIA PAN AZUCAR.jpg,/fotografia,fotografia/index.html,ruta exacta en inventario y referencia presente en código
FOTOGRAFIA/FOTOGRAFIA ILHA DA GIGOIA.jpeg,/fotografia,fotografia/index.html,ruta exacta en inventario y referencia presente en código
FOTOGRAFIA/FOTOGRAFIA BONDINHO.jpg,/fotografia,fotografia/index.html,ruta exacta en inventario y referencia presente en código
FOTOGRAFIA/FOTOGRAFIA PARQUE DAS RUINAS.jpg,/fotografia,fotografia/index.html,ruta exacta en inventario y referencia presente en código
FOTOGRAFIA/FOTOGRAFIA ARCOS DA LAPA.jpg,/fotografia,fotografia/index.html,ruta exacta en inventario y referencia presente en código
FOTOGRAFIA/FOTOGRAFIA CALCADAO COPACABANA.jpg,/fotografia,fotografia/index.html,ruta exacta en inventario y referencia presente en código
FOTOGRAFIA/FOTOGRAFIA FORTE COPACABANA.jpg,/fotografia,fotografia/index.html,ruta exacta en inventario y referencia presente en código
FOTOGRAFIA/FOTOGRAFIA MIRANTE DO LEBLON.jpg,/fotografia,fotografia/index.html,ruta exacta en inventario y referencia presente en código
FOTOGRAFIA/FOTOGRAFIA TEATRO MUNICIPAL.png,/fotografia,fotografia/index.html,ruta exacta en inventario y referencia presente en código
FOTOGRAFIA/FOTOGRAFIA PRAIA JOATINGA.jpg,/fotografia,fotografia/index.html,ruta exacta en inventario y referencia presente en código
FOTOGRAFIA/FOTOGRAFIA MORRO DOIS IRMAOS.jpg,/fotografia,fotografia/index.html,ruta exacta en inventario y referencia presente en código
FOTOGRAFIA/FOTOGRAFIA PRACA MAHUA Y MUSEO DO AMANHA.jpg,/fotografia,fotografia/index.html,ruta exacta en inventario y referencia presente en código
FOTOGRAFIA/FOTOGRAFIA PRAIA GRUMARI.jpg,/fotografia,fotografia/index.html,ruta exacta en inventario y referencia presente en código
FOTOGRAFIA/FOTOGRAFIA MURAL ETNIAS.jpg,/fotografia,fotografia/index.html,ruta exacta en inventario y referencia presente en código
FOTOGRAFIA/FOTOGRAFIA COLOMBO.jpg,/fotografia,fotografia/index.html,ruta exacta en inventario y referencia presente en código
FOTOGRAFIA/FOTOGRAFIA REAL GABINETE.jpg,/fotografia,fotografia/index.html,ruta exacta en inventario y referencia presente en código
FOTOGRAFIA/FOTOGRAFIAS MAC NITEROI.jpg,/fotografia,fotografia/index.html,ruta exacta en inventario y referencia presente en código
restaurantes/Explorer Bar/o-patio-do-explorer-bar.jpg,/gastronomia,gastronomia/index.html,ruta exacta en inventario y referencia presente en código
restaurantes/Jojô Bistrô/jojo-cafe-bistro3.jpg,/gastronomia,gastronomia/index.html,ruta exacta en inventario y referencia presente en código
restaurantes/BB Lanches/bb-lanches5.jpg,/gastronomia,gastronomia/index.html,ruta exacta en inventario y referencia presente en código
restaurantes/Bar Madrid/bar-madrid3.jpg,/gastronomia,gastronomia/index.html,ruta exacta en inventario y referencia presente en código
restaurantes/Marius Degustare/mariusdegustare.jpg,/gastronomia,gastronomia/index.html,ruta exacta en inventario y referencia presente en código
restaurantes/Xian/Xian6.jpg,/gastronomia,gastronomia/index.html,ruta exacta en inventario y referencia presente en código
restaurantes/Arab leblon/arab4.jpg,/gastronomia,gastronomia/index.html,ruta exacta en inventario y referencia presente en código
restaurantes/Cosmopolita/cosmopolita1.jpg,/gastronomia,gastronomia/index.html,ruta exacta en inventario y referencia presente en código
restaurantes/Bar Luiz/bar-luiz-Bar-mais-antigo-do-centro-do-RJ-vai-fechar-as-portas.jpg,/gastronomia,gastronomia/index.html,ruta exacta en inventario y referencia presente en código
restaurantes/Lilia/5Lilia4.jpg,/gastronomia,gastronomia/index.html,ruta exacta en inventario y referencia presente en código
restaurantes/Irajá Redux/iraja-redux14.jpg,/gastronomia,gastronomia/index.html,ruta exacta en inventario y referencia presente en código
restaurantes/Proa Cozinha Bar/proa-cozinha-bar.jpg,/gastronomia,gastronomia/index.html,ruta exacta en inventario y referencia presente en código
restaurantes/Xodózin/Xodózin5.jpg,/gastronomia,gastronomia/index.html,ruta exacta en inventario y referencia presente en código
restaurantes/esquimo/esquimo1.jpg,/gastronomia,gastronomia/index.html,ruta exacta en inventario y referencia presente en código
restaurantes/Yūsha/Yūsha7.jpg,/gastronomia,gastronomia/index.html,ruta exacta en inventario y referencia presente en código
restaurantes/Bar da Gema/bar-da-gema34.jpg,/gastronomia,gastronomia/index.html,ruta exacta en inventario y referencia presente en código
restaurantes/canton/bar-canton.jpg,/gastronomia,gastronomia/index.html,ruta exacta en inventario y referencia presente en código
restaurantes/Galeto Liceu/galeto-liceu4.jpg,/gastronomia,gastronomia/index.html,ruta exacta en inventario y referencia presente en código
restaurantes/Carretão Ipanema Classic Grill/carretao-de-ipanema-classic.jpg,/gastronomia,gastronomia/index.html,ruta exacta en inventario y referencia presente en código
restaurantes/Fiorino/fiorino5.jpg,/gastronomia,gastronomia/index.html,ruta exacta en inventario y referencia presente en código
restaurantes/Oteque/Oteque5.jpg,/gastronomia,gastronomia/index.html,ruta exacta en inventario y referencia presente en código
restaurantes/Rampinha/Rampinha5.jpg,/gastronomia,gastronomia/index.html,ruta exacta en inventario y referencia presente en código
restaurantes/Nino Cucina - Ipanema/nino-cucina-ipanema-ipanema-4.jpg,/gastronomia,gastronomia/index.html,ruta exacta en inventario y referencia presente en código
restaurantes/Majórica/Majórica5.jpg,/gastronomia,gastronomia/index.html,ruta exacta en inventario y referencia presente en código
restaurantes/Carretão Siqueira Campos/carretao-siqueira-campos1.jpg,/gastronomia,gastronomia/index.html,ruta exacta en inventario y referencia presente en código
restaurantes/Corrientes 348/corte-especial-348.jpg,/gastronomia,gastronomia/index.html,ruta exacta en inventario y referencia presente en código
restaurantes/Spicy Fish/spicy-fish6.jpg,/gastronomia,gastronomia/index.html,ruta exacta en inventario y referencia presente en código
restaurantes/Pescados na Brasa/pescados-na-brasa2.jpg,/gastronomia,gastronomia/index.html,ruta exacta en inventario y referencia presente en código
restaurantes/Elena/Elenahorto23.jpg,/gastronomia,gastronomia/index.html,ruta exacta en inventario y referencia presente en código
restaurantes/Amendoeira/Amendoeira3.jpg,/gastronomia,gastronomia/index.html,ruta exacta en inventario y referencia presente en código
restaurantes/Shiso/shiso6.jpg,/gastronomia,gastronomia/index.html,ruta exacta en inventario y referencia presente en código
restaurantes/bar da frente/bar-da-frente2.jpg,/gastronomia,gastronomia/index.html,ruta exacta en inventario y referencia presente en código
vida nocturna/MERCI/merci (3).jpg,/gastronomia/merci,gastronomia/merci/index.html,ruta exacta en inventario y referencia presente en código
vida nocturna/MERCI/merci (2).jpg,/gastronomia/merci,gastronomia/merci/index.html,ruta exacta en inventario y referencia presente en código
vida nocturna/MERCI/merci (1).jpg,/gastronomia/merci,gastronomia/merci/index.html,ruta exacta en inventario y referencia presente en código
restaurantes/Plage Café/Plage Café 4.jpg,/gastronomia/plage-cafe,gastronomia/plage-cafe/index.html,ruta exacta en inventario y referencia presente en código
restaurantes/Plage Café/Plage Café 2.jpg,/gastronomia/plage-cafe,gastronomia/plage-cafe/index.html,ruta exacta en inventario y referencia presente en código
restaurantes/Plage Café/Plage Café 3.jpg,/gastronomia/plage-cafe,gastronomia/plage-cafe/index.html,ruta exacta en inventario y referencia presente en código
restaurantes/Plage Café/salada Plage Café.jpg,/gastronomia/plage-cafe,gastronomia/plage-cafe/index.html,ruta exacta en inventario y referencia presente en código
restaurantes/Plage Café/Plage Café 1.jpg,/gastronomia/plage-cafe,gastronomia/plage-cafe/index.html,ruta exacta en inventario y referencia presente en código
restaurantes/Plage Café/omelete-ovo-beneditino Plage Café.jpg,/gastronomia/plage-cafe,gastronomia/plage-cafe/index.html,ruta exacta en inventario y referencia presente en código
GUIA DE RIO/MINIATURA GUIA RIO PIX.png,/guia,guia/index.html,ruta exacta en inventario y referencia presente en código
GUIA DE RIO/MINIATURA GUIA RIO  ENCHUFES Y VOLTAJE.png,/guia,guia/index.html,ruta exacta en inventario y referencia presente en código
GUIA DE RIO/MINIATURA GUIA RIO ALQUILER DE AUTOS.png,/guia,guia/index.html,ruta exacta en inventario y referencia presente en código
GUIA DE RIO/MINIATURA GUIA RIO COMO MOVERSE.png,/guia,guia/index.html,ruta exacta en inventario y referencia presente en código
GUIA DE RIO/MINIATURA GUIA RIO  INTERNET Y E SIM.png,/guia,guia/index.html,ruta exacta en inventario y referencia presente en código
GUIA DE RIO/MINIATURA GUIA RIO  RIO MES A MES.png,/guia,guia/index.html,ruta exacta en inventario y referencia presente en código
GUIA DE RIO/MINIATURA GUIA RIO DINERO Y PRESUPUESTOS.png,/guia,guia/index.html,ruta exacta en inventario y referencia presente en código
GUIA DE RIO/MINIATURA GUIA RIO  TERMINALES.png,/guia,guia/index.html,ruta exacta en inventario y referencia presente en código
GUIA DE RIO/MINIATURA GUIA RIO  SEGURIDAD Y EMERGENCIAS.png,/guia,guia/index.html,ruta exacta en inventario y referencia presente en código
GUIA DE RIO/MINIATURA GUIA RIO  MALETA Y CLIMA.png,/guia,guia/index.html,ruta exacta en inventario y referencia presente en código
GUIA DE RIO/VIAJAR SOLO O SOLA/sola en la playa.jpg,/guia,guia/index.html,ruta exacta en inventario y referencia presente en código
GUIA DE RIO/MINIATURA GUIA RIO DONDE ALOJARSE.png,/guia,guia/index.html,ruta exacta en inventario y referencia presente en código
GUIA DE RIO/MINIATURA CONSULADOS.png,/guia,guia/index.html,ruta exacta en inventario y referencia presente en código
GUIA DE RIO/MINIATUA APPS.png,/guia,guia/index.html,ruta exacta en inventario y referencia presente en código
GUIA DE RIO/MINIATURA GUIA RIO VIAJANDO CON MENORES.png,/guia,guia/index.html,ruta exacta en inventario y referencia presente en código
GUIA DE RIO/MINIATURA GUIA RIO VACUNAS.png,/guia,guia/index.html,ruta exacta en inventario y referencia presente en código
GUIA DE RIO/MINIATURAS GUIA RIO  PERMANENCIA Y EXTENCION.png,/guia,guia/index.html,ruta exacta en inventario y referencia presente en código
GUIA DE RIO/MINIATURA GUIA RIO AEROPUERTOS.png,/guia,guia/index.html,ruta exacta en inventario y referencia presente en código
GUIA DE RIO/MINIATURA GUIA RIO ACCESIBILIDAD.png,/guia,guia/index.html,ruta exacta en inventario y referencia presente en código
GUIA DE RIO/MINIATURA DOCUMENTOS Y ENTRADA.png,/guia,guia/index.html,ruta exacta en inventario y referencia presente en código
GUIA DE RIO/MINIATURA CPF PARA EXTRANGEROS.png,/guia,guia/index.html,ruta exacta en inventario y referencia presente en código
GUIA DE RIO/APP UTILIES/apps pix.png,/guia/pix,guia/pix/index.html,ruta exacta en inventario y referencia presente en código
HOSPEDAJE/AP1015/PORTADA AP1015.jpeg,/hospedaje,hospedaje/index.html,ruta exacta en inventario y referencia presente en código
HOSPEDAJE/AP605/PORTADA AP 605.jpeg,/hospedaje,hospedaje/index.html,ruta exacta en inventario y referencia presente en código
HOSPEDAJE/AP805/PORTADA AP805.jpeg,/hospedaje,hospedaje/index.html,ruta exacta en inventario y referencia presente en código
HOSPEDAJE/CASA VENTI/CASA VENTI PORTADA.jpg,/hospedaje,hospedaje/index.html,ruta exacta en inventario y referencia presente en código
HOSPEDAJE/AP1008/PORTADA AP1008.jpeg,/hospedaje,hospedaje/index.html,ruta exacta en inventario y referencia presente en código
MINIATURA ERNESTINHO EN LA TV.jpg,/,index.html,ruta exacta en inventario y referencia presente en código
ERNESTINHO/ERNESTINHO (2).JPG,/,index.html,ruta exacta en inventario y referencia presente en código
ERNESTINHO/ERNESTINHO (3).JPG,/,index.html,ruta exacta en inventario y referencia presente en código
ERNESTINHO/ERNESTINHO (4).JPG,/,index.html,ruta exacta en inventario y referencia presente en código
ERNESTINHO/ERNESTINHO (1).JPG,/,index.html,ruta exacta en inventario y referencia presente en código
ERNESTINHO/ERNESTINHO (1).PNG,/,index.html,ruta exacta en inventario y referencia presente en código
MINIATURA PARA DESCRUBRE BUZIOS.jpg,/,index.html,ruta exacta en inventario y referencia presente en código
TIEMPO VIENTO Y MAR/CAMARAS COPACABANA.jpg,/,index.html,ruta exacta en inventario y referencia presente en código
TIEMPO VIENTO Y MAR/CAMARAS CRISTO.jpg,/,index.html,ruta exacta en inventario y referencia presente en código
TIEMPO VIENTO Y MAR/CAMARAS PAO DE AZUCAR.png,/,index.html,ruta exacta en inventario y referencia presente en código
TIEMPO VIENTO Y MAR/CAMARA OTRAS PLAYAS.jpg,/,index.html,ruta exacta en inventario y referencia presente en código
videos tv/tv_03.jpg,/television,television/index.html,ruta exacta en inventario y referencia presente en código
videos tv/tv_06.jpg,/television,television/index.html,ruta exacta en inventario y referencia presente en código
transportes/METRO/metro PORTADA.jpg,/transportes,transportes/index.html,ruta exacta en inventario y referencia presente en código
transportes/TRANSPORTES MINIATURA ALQUILER VEHICULO.jpg,/transportes,transportes/index.html,ruta exacta en inventario y referencia presente en código
transportes/TRANSPORTES MINIATURA brt.jpg,/transportes,transportes/index.html,ruta exacta en inventario y referencia presente en código
transportes/TRANSPORTES miniatura uber.jpg,/transportes,transportes/index.html,ruta exacta en inventario y referencia presente en código
transportes/TRANSPORTES miniatura itau.jpg,/transportes,transportes/index.html,ruta exacta en inventario y referencia presente en código
transportes/TRANSPORTES MINIATURA SDU.jpg,/transportes,transportes/index.html,ruta exacta en inventario y referencia presente en código
transportes/TRANSPORTES MINIATURAaeroporto galeao.jpg,/transportes,transportes/index.html,ruta exacta en inventario y referencia presente en código
transportes/TRANSPORTE MINIATURA BARCA.jpg,/transportes,transportes/index.html,ruta exacta en inventario y referencia presente en código
transportes/TRANSPORTES miniatura VLT CARIOCA.jpg,/transportes,transportes/index.html,ruta exacta en inventario y referencia presente en código
transportes/supervia.jpg,/transportes,transportes/index.html,ruta exacta en inventario y referencia presente en código
transportes/TRANSPORTE MINIATURA AUTOBUS.jpg,/transportes,transportes/index.html,ruta exacta en inventario y referencia presente en código
transportes/TRANSPORTES MINIATURA RODOVIARIA.jpg,/transportes,transportes/index.html,ruta exacta en inventario y referencia presente en código
transportes/TRANSPORTE MINIATURA TRANSPORTE PRIVADO.jpg,/transportes,transportes/index.html,ruta exacta en inventario y referencia presente en código
vida nocturna/Boa Praça leblon/boa praca leblon (1).jpeg,/vida-nocturna/boa-praca-leblon,vida-nocturna/boa-praca-leblon/index.html,ruta exacta en inventario y referencia presente en código
vida nocturna/Boa Praça leblon/boa praca leblon (3).jpg,/vida-nocturna/boa-praca-leblon,vida-nocturna/boa-praca-leblon/index.html,ruta exacta en inventario y referencia presente en código
vida nocturna/Boa Praça leblon/boa praca leblon (1).jpg,/vida-nocturna/boa-praca-leblon,vida-nocturna/boa-praca-leblon/index.html,ruta exacta en inventario y referencia presente en código
vida nocturna/Boa Praça leblon/boa praca leblon (2).jpg,/vida-nocturna/boa-praca-leblon,vida-nocturna/boa-praca-leblon/index.html,ruta exacta en inventario y referencia presente en código
vida nocturna/Boa Praça leblon/boa praca leblon (1).jpeg,/vida-nocturna,vida-nocturna/index.html,ruta exacta en inventario y referencia presente en código
